2026-05-19 13:36:18 user_15 DELETE DELETE id, name FROM inventory WHERE id = 584
2026-05-19 13:36:18 user_35 SELECT SELECT id, name FROM hr_data WHERE id = 28
2026-05-19 13:36:18 user_39 SELECT SELECT ssn, name FROM hr_data LIMIT 200
2026-05-19 13:36:18 user_25 UNKNOWN UNKNOWN id, name FROM hr_data WHERE id = 265
2026-05-19 13:36:18 user_25 SELECT SELECT * FROM customers WHERE 1=1
2026-05-19 13:36:19 user_25 UNKNOWN UNKNOWN id, name FROM orders WHERE id = 403
2026-05-19 13:36:19 user_26 DELETE DELETE id, name FROM transactions WHERE id = 272
2026-05-19 13:36:19 user_21 DELETE DELETE id, name FROM products WHERE id = 710
2026-05-19 13:36:20 user_12 UPDATE UPDATE id, name FROM employees WHERE id = 382
2026-05-19 13:36:20 user_06 UPDATE UPDATE id, name FROM customers WHERE id = 609
2026-05-19 13:36:20 user_19 UNKNOWN UNKNOWN id, name FROM transactions WHERE id = 581
2026-05-19 23:36:21 user_40 UPDATE UPDATE products SET stock = 0 WHERE last_updated < '2023-01-01'
2026-05-19 13:36:21 user_28 INSERT INSERT id, name FROM hr_data WHERE id = 860
2026-05-19 13:36:21 user_31 SELECT SELECT id, name FROM employees WHERE id = 35
2026-05-19 13:36:21 user_34 DELETE DELETE id, name FROM employees WHERE id = 638
2026-05-19 13:36:23 user_20 UPDATE UPDATE id, name FROM orders WHERE id = 924
2026-05-19 13:36:23 user_10 UNKNOWN UNKNOWN id, name FROM salary WHERE id = 416
2026-05-19 22:36:24 user_09 UPDATE UPDATE orders SET stock = 0 WHERE last_updated < '2023-01-01'
2026-05-19 13:36:24 user_19 INSERT INSERT id, name FROM transactions WHERE id = 995
2026-05-19 13:36:25 user_02 SELECT SELECT id, name FROM products WHERE id = 939
2026-05-19 13:36:25 user_05 INSERT INSERT id, name FROM products WHERE id = 896
2026-05-19 13:36:25 user_16 SELECT SELECT id, name FROM salary WHERE id = 662
2026-05-19 13:36:26 user_04 SELECT SELECT ssn, name FROM hr_data LIMIT 200
2026-05-19 22:36:27 user_27 UPDATE UPDATE products SET stock = 0 WHERE last_updated < '2023-01-01'
2026-05-19 13:36:28 user_19 SELECT SELECT * FROM salary WHERE 1=1
2026-05-19 13:36:29 user_10 UNKNOWN UNKNOWN id, name FROM salary WHERE id = 246
2026-05-19 01:36:29 user_18 UPDATE UPDATE orders SET stock = 0 WHERE last_updated < '2023-01-01'
2026-05-19 13:36:29 user_29 SELECT SELECT ssn, name FROM hr_data LIMIT 200
2026-05-19 13:36:31 user_23 SELECT SELECT id, name FROM inventory WHERE id = 463
2026-05-19 13:36:31 user_06 DELETE DELETE id, name FROM transactions WHERE id = 416
2026-05-19 23:36:31 user_19 UPDATE UPDATE orders SET stock = 0 WHERE last_updated < '2023-01-01'
2026-05-19 00:36:31 user_38 UPDATE UPDATE products SET stock = 0 WHERE last_updated < '2023-01-01'
2026-05-19 13:36:31 user_06 UNKNOWN UNKNOWN id, name FROM customers WHERE id = 994
2026-05-19 13:36:32 user_14 INSERT INSERT id, name FROM hr_data WHERE id = 230
2026-05-19 13:36:32 user_33 INSERT INSERT id, name FROM finance WHERE id = 612
2026-05-19 13:36:32 user_17 UPDATE UPDATE id, name FROM finance WHERE id = 689
2026-05-19 13:36:33 user_36 SELECT SELECT id, name FROM transactions WHERE id = 353
2026-05-19 13:36:33 user_12 DELETE DELETE id, name FROM salary WHERE id = 238
2026-05-19 13:36:33 user_24 SELECT SELECT ssn, name FROM hr_data LIMIT 200
2026-05-19 13:36:35 user_38 SELECT SELECT id, name FROM orders WHERE id = 300
2026-05-19 13:36:35 user_23 SELECT SELECT id, name FROM finance WHERE id = 40
2026-05-19 13:36:35 user_02 INSERT INSERT id, name FROM orders WHERE id = 712
2026-05-19 13:36:35 user_25 SELECT SELECT ssn, name FROM hr_data LIMIT 200
2026-05-19 13:36:36 user_04 SELECT SELECT ssn, name FROM hr_data LIMIT 200
2026-05-19 13:36:36 user_28 UPDATE UPDATE id, name FROM employees WHERE id = 168
2026-05-19 13:36:37 user_01 SELECT SELECT * FROM finance WHERE 1=1
2026-05-19 13:36:39 user_21 UPDATE UPDATE id, name FROM transactions WHERE id = 820
2026-05-19 13:36:40 user_06 SELECT SELECT ssn, name FROM hr_data LIMIT 200
2026-05-19 13:36:41 user_14 SELECT SELECT ssn, name FROM hr_data LIMIT 200
2026-05-19 13:36:43 user_13 DELETE DELETE id, name FROM orders WHERE id = 259
2026-05-19 13:36:43 user_14 SELECT SELECT * FROM customers WHERE 1=1
2026-05-19 13:36:43 user_25 INSERT INSERT id, name FROM transactions WHERE id = 850
2026-05-19 13:36:43 user_03 INSERT INSERT id, name FROM orders WHERE id = 984
2026-05-19 13:36:43 user_37 INSERT INSERT id, name FROM transactions WHERE id = 875
2026-05-19 13:36:45 user_03 SELECT SELECT id, name FROM inventory WHERE id = 463
2026-05-19 13:36:45 user_36 INSERT INSERT id, name FROM inventory WHERE id = 728
2026-05-19 13:36:47 user_31 DELETE DELETE id, name FROM inventory WHERE id = 663
2026-05-19 13:36:48 user_36 DELETE DELETE id, name FROM finance WHERE id = 13
2026-05-19 13:36:49 user_16 SELECT SELECT ssn, name FROM hr_data LIMIT 200
2026-05-19 13:36:49 user_28 INSERT INSERT id, name FROM finance WHERE id = 134
2026-05-19 13:36:49 user_27 SELECT SELECT ssn, name FROM hr_data LIMIT 200
2026-05-19 13:36:51 user_31 DELETE DELETE id, name FROM orders WHERE id = 537
2026-05-19 13:36:51 user_33 UPDATE UPDATE id, name FROM inventory WHERE id = 616
2026-05-19 13:36:51 user_01 DELETE DELETE id, name FROM hr_data WHERE id = 90
2026-05-19 13:36:52 user_25 UNKNOWN UNKNOWN id, name FROM hr_data WHERE id = 273
2026-05-19 13:36:52 user_38 SELECT SELECT ssn, name FROM hr_data LIMIT 200
2026-05-19 13:36:54 user_33 DELETE DELETE id, name FROM products WHERE id = 785
2026-05-19 13:36:54 user_15 SELECT SELECT * FROM finance WHERE 1=1
2026-05-19 13:36:54 user_04 UPDATE UPDATE id, name FROM inventory WHERE id = 355
2026-05-19 13:36:56 user_36 SELECT SELECT * FROM finance WHERE 1=1
2026-05-19 13:36:56 user_17 INSERT INSERT id, name FROM customers WHERE id = 74
2026-05-19 13:36:56 user_05 DELETE DELETE id, name FROM finance WHERE id = 169
2026-05-19 13:36:56 user_19 SELECT SELECT id, name FROM transactions WHERE id = 666
2026-05-19 13:36:56 user_20 SELECT SELECT id, name FROM finance WHERE id = 722
2026-05-19 13:36:56 user_13 UPDATE UPDATE id, name FROM products WHERE id = 513
2026-05-19 01:36:56 user_10 UPDATE UPDATE orders SET stock = 0 WHERE last_updated < '2023-01-01'
2026-05-19 22:36:58 user_23 UPDATE UPDATE orders SET stock = 0 WHERE last_updated < '2023-01-01'
2026-05-19 13:36:58 user_39 INSERT INSERT id, name FROM hr_data WHERE id = 437
2026-05-19 13:36:58 user_30 UNKNOWN UNKNOWN id, name FROM salary WHERE id = 159
2026-05-19 13:36:58 user_14 SELECT SELECT id, name FROM orders WHERE id = 991
2026-05-19 00:37:00 user_21 UPDATE UPDATE products SET stock = 0 WHERE last_updated < '2023-01-01'
2026-05-19 13:37:00 user_27 UNKNOWN UNKNOWN id, name FROM orders WHERE id = 536
2026-05-19 13:37:00 user_06 INSERT INSERT id, name FROM employees WHERE id = 210
2026-05-19 13:37:00 user_08 SELECT SELECT ssn, name FROM hr_data LIMIT 200
2026-05-19 13:37:00 user_32 DELETE DELETE id, name FROM products WHERE id = 561
2026-05-19 13:37:00 user_18 SELECT SELECT * FROM customers WHERE 1=1
2026-05-19 13:37:01 user_19 SELECT SELECT ssn, name FROM hr_data LIMIT 200
2026-05-19 13:37:03 user_19 INSERT INSERT id, name FROM customers WHERE id = 890
2026-05-19 13:37:03 user_24 SELECT SELECT id, name FROM transactions WHERE id = 294
2026-05-19 13:37:03 user_06 SELECT SELECT ssn, name FROM hr_data LIMIT 200
2026-05-19 22:37:04 user_40 UPDATE UPDATE products SET stock = 0 WHERE last_updated < '2023-01-01'
2026-05-19 13:37:04 user_35 INSERT INSERT id, name FROM salary WHERE id = 326
2026-05-19 22:37:05 user_18 UPDATE UPDATE inventory SET stock = 0 WHERE last_updated < '2023-01-01'
2026-05-19 13:37:06 user_07 UNKNOWN UNKNOWN id, name FROM finance WHERE id = 805
2026-05-19 13:37:06 user_34 SELECT SELECT * FROM customers WHERE 1=1
2026-05-19 13:37:06 user_11 INSERT INSERT id, name FROM employees WHERE id = 226
2026-05-19 13:37:06 user_26 DELETE DELETE id, name FROM inventory WHERE id = 222
2026-05-19 01:37:07 user_21 UPDATE UPDATE products SET stock = 0 WHERE last_updated < '2023-01-01'
2026-05-19 13:37:09 user_40 SELECT SELECT id, name FROM employees WHERE id = 665
2026-05-19 13:37:09 user_20 SELECT SELECT * FROM finance WHERE 1=1
2026-05-19 13:37:09 user_36 DELETE DELETE id, name FROM orders WHERE id = 215
2026-05-19 22:37:09 user_31 UPDATE UPDATE orders SET stock = 0 WHERE last_updated < '2023-01-01'
2026-05-19 13:37:09 user_29 SELECT SELECT * FROM salary WHERE 1=1
2026-05-19 13:37:10 user_33 SELECT SELECT id, name FROM orders WHERE id = 493
2026-05-19 13:37:10 user_03 SELECT SELECT * FROM finance WHERE 1=1
2026-05-19 13:37:10 user_08 DELETE DELETE id, name FROM salary WHERE id = 931
2026-05-19 13:37:10 user_17 SELECT SELECT id, name FROM hr_data WHERE id = 69
2026-05-19 13:37:11 user_08 DELETE DELETE id, name FROM finance WHERE id = 143
2026-05-19 13:37:11 user_40 INSERT INSERT id, name FROM products WHERE id = 470
2026-05-19 13:37:11 user_15 UNKNOWN UNKNOWN id, name FROM customers WHERE id = 57
2026-05-19 13:37:11 user_33 SELECT SELECT * FROM customers WHERE 1=1
2026-05-19 00:37:12 user_38 UPDATE UPDATE orders SET stock = 0 WHERE last_updated < '2023-01-01'
2026-05-19 13:37:12 user_26 UPDATE UPDATE id, name FROM customers WHERE id = 669
2026-05-19 13:37:12 user_03 SELECT SELECT id, name FROM finance WHERE id = 260
2026-05-19 13:37:12 user_02 SELECT SELECT ssn, name FROM hr_data LIMIT 200
2026-05-19 13:37:12 user_06 SELECT SELECT id, name FROM customers WHERE id = 997
2026-05-19 13:37:13 user_39 UPDATE UPDATE id, name FROM customers WHERE id = 349
2026-05-19 13:37:13 user_24 SELECT SELECT ssn, name FROM hr_data LIMIT 200
2026-05-19 13:37:13 user_11 DELETE DELETE id, name FROM orders WHERE id = 42
2026-05-19 13:37:14 user_17 SELECT SELECT * FROM customers WHERE 1=1
2026-05-19 00:37:14 user_37 UPDATE UPDATE orders SET stock = 0 WHERE last_updated < '2023-01-01'
2026-05-19 13:37:14 user_39 INSERT INSERT id, name FROM orders WHERE id = 157
2026-05-19 13:37:14 user_39 INSERT INSERT id, name FROM inventory WHERE id = 203
2026-05-19 13:37:14 user_30 INSERT INSERT id, name FROM transactions WHERE id = 656
2026-05-19 13:37:14 user_08 DELETE DELETE id, name FROM orders WHERE id = 296
2026-05-19 13:37:14 user_28 SELECT SELECT ssn, name FROM hr_data LIMIT 200
2026-05-19 13:37:14 user_06 SELECT SELECT ssn, name FROM hr_data LIMIT 200
2026-05-19 13:37:14 user_07 DELETE DELETE id, name FROM hr_data WHERE id = 31
2026-05-19 13:37:16 user_22 DELETE DELETE id, name FROM customers WHERE id = 586
2026-05-19 13:37:16 user_36 SELECT SELECT id, name FROM finance WHERE id = 689
2026-05-19 13:37:16 user_22 SELECT SELECT id, name FROM finance WHERE id = 13
2026-05-19 13:37:16 user_27 SELECT SELECT ssn, name FROM hr_data LIMIT 200
2026-05-19 13:37:18 user_40 UNKNOWN UNKNOWN id, name FROM orders WHERE id = 982
2026-05-19 13:37:18 user_10 SELECT SELECT * FROM finance WHERE 1=1
2026-05-19 13:37:18 user_34 SELECT SELECT * FROM finance WHERE 1=1
2026-05-19 13:37:18 user_20 DELETE DELETE id, name FROM inventory WHERE id = 586
2026-05-19 13:37:19 user_37 SELECT SELECT id, name FROM products WHERE id = 182
2026-05-19 13:37:21 user_16 UPDATE UPDATE id, name FROM salary WHERE id = 217
2026-05-19 13:37:21 user_22 UNKNOWN UNKNOWN id, name FROM employees WHERE id = 109
2026-05-19 00:37:21 user_36 UPDATE UPDATE inventory SET stock = 0 WHERE last_updated < '2023-01-01'
2026-05-19 13:37:21 user_05 UNKNOWN UNKNOWN id, name FROM transactions WHERE id = 143
2026-05-19 13:37:22 user_11 UNKNOWN UNKNOWN id, name FROM customers WHERE id = 293
2026-05-19 13:37:22 user_05 UPDATE UPDATE id, name FROM hr_data WHERE id = 20
2026-05-19 13:37:24 user_39 UPDATE UPDATE id, name FROM transactions WHERE id = 349
2026-05-19 13:37:24 user_21 UPDATE UPDATE id, name FROM salary WHERE id = 797
2026-05-19 13:37:24 user_30 INSERT INSERT id, name FROM orders WHERE id = 322
2026-05-19 13:37:24 user_17 SELECT SELECT id, name FROM products WHERE id = 550
2026-05-19 13:37:25 user_27 SELECT SELECT id, name FROM customers WHERE id = 123
2026-05-19 13:37:25 user_13 INSERT INSERT id, name FROM inventory WHERE id = 713
2026-05-19 13:37:25 user_11 UPDATE UPDATE id, name FROM hr_data WHERE id = 795
2026-05-19 13:37:27 user_05 DELETE DELETE id, name FROM employees WHERE id = 689
2026-05-19 23:37:28 user_19 UPDATE UPDATE products SET stock = 0 WHERE last_updated < '2023-01-01'
2026-05-19 13:37:28 user_35 SELECT SELECT id, name FROM finance WHERE id = 658
2026-05-19 13:37:28 user_17 SELECT SELECT ssn, name FROM hr_data LIMIT 200
2026-05-19 13:37:28 user_16 UPDATE UPDATE id, name FROM finance WHERE id = 405
2026-05-19 00:37:28 user_38 UPDATE UPDATE inventory SET stock = 0 WHERE last_updated < '2023-01-01'
2026-05-19 13:37:30 user_30 INSERT INSERT id, name FROM customers WHERE id = 81
2026-05-19 23:37:30 user_33 UPDATE UPDATE orders SET stock = 0 WHERE last_updated < '2023-01-01'
2026-05-19 13:37:31 user_05 UNKNOWN UNKNOWN id, name FROM inventory WHERE id = 418
2026-05-19 22:37:31 user_35 UPDATE UPDATE orders SET stock = 0 WHERE last_updated < '2023-01-01'
2026-05-19 13:37:32 user_30 DELETE DELETE id, name FROM salary WHERE id = 418
2026-05-19 23:37:32 user_24 UPDATE UPDATE inventory SET stock = 0 WHERE last_updated < '2023-01-01'
2026-05-19 13:37:32 user_33 UNKNOWN UNKNOWN id, name FROM finance WHERE id = 716
2026-05-19 13:37:33 user_23 DELETE DELETE id, name FROM products WHERE id = 355
2026-05-19 13:37:33 user_22 DELETE DELETE id, name FROM customers WHERE id = 312
2026-05-19 01:37:33 user_16 UPDATE UPDATE inventory SET stock = 0 WHERE last_updated < '2023-01-01'
2026-05-19 13:37:33 user_04 SELECT SELECT * FROM customers WHERE 1=1
2026-05-19 13:37:33 user_03 DELETE DELETE id, name FROM orders WHERE id = 934
2026-05-19 13:37:33 user_40 SELECT SELECT * FROM customers WHERE 1=1
2026-05-19 13:37:33 user_36 DELETE DELETE id, name FROM finance WHERE id = 146
2026-05-19 13:37:33 user_14 UPDATE UPDATE id, name FROM hr_data WHERE id = 989
2026-05-19 13:37:34 user_06 SELECT SELECT * FROM customers WHERE 1=1
2026-05-19 13:37:35 user_15 INSERT INSERT id, name FROM salary WHERE id = 246
2026-05-19 13:37:37 user_35 SELECT SELECT id, name FROM transactions WHERE id = 673
2026-05-19 13:37:37 user_18 INSERT INSERT id, name FROM finance WHERE id = 224
2026-05-19 13:37:39 user_39 UPDATE UPDATE id, name FROM orders WHERE id = 149
2026-05-19 13:37:39 user_33 SELECT SELECT * FROM salary WHERE 1=1
2026-05-19 13:37:39 user_27 SELECT SELECT id, name FROM transactions WHERE id = 424
2026-05-19 13:37:39 user_03 DELETE DELETE id, name FROM inventory WHERE id = 335
2026-05-19 13:37:40 user_21 UNKNOWN UNKNOWN id, name FROM transactions WHERE id = 134
2026-05-19 13:37:40 user_24 INSERT INSERT id, name FROM transactions WHERE id = 424
2026-05-19 13:37:40 user_34 UPDATE UPDATE id, name FROM transactions WHERE id = 439
2026-05-19 13:37:40 user_18 UPDATE UPDATE id, name FROM inventory WHERE id = 234
2026-05-19 13:37:40 user_39 DELETE DELETE id, name FROM products WHERE id = 111
2026-05-19 13:37:41 user_13 INSERT INSERT id, name FROM finance WHERE id = 509
2026-05-19 13:37:41 user_38 UNKNOWN UNKNOWN id, name FROM transactions WHERE id = 828
2026-05-19 13:37:41 user_03 SELECT SELECT id, name FROM salary WHERE id = 98
2026-05-19 13:37:41 user_33 INSERT INSERT id, name FROM employees WHERE id = 10
2026-05-19 13:37:43 user_32 SELECT SELECT * FROM finance WHERE 1=1
2026-05-19 22:37:43 user_14 UPDATE UPDATE orders SET stock = 0 WHERE last_updated < '2023-01-01'
2026-05-19 13:37:43 user_12 UNKNOWN UNKNOWN id, name FROM salary WHERE id = 865
2026-05-19 00:37:43 user_16 UPDATE UPDATE inventory SET stock = 0 WHERE last_updated < '2023-01-01'
2026-05-19 13:37:43 user_27 DELETE DELETE id, name FROM salary WHERE id = 916
2026-05-19 13:37:45 user_28 UNKNOWN UNKNOWN id, name FROM transactions WHERE id = 99
2026-05-19 13:37:45 user_38 SELECT SELECT ssn, name FROM hr_data LIMIT 200
2026-05-19 13:37:45 user_24 INSERT INSERT id, name FROM products WHERE id = 755
2026-05-19 13:37:47 user_40 SELECT SELECT ssn, name FROM hr_data LIMIT 200
2026-05-19 13:37:47 user_06 SELECT SELECT * FROM finance WHERE 1=1
2026-05-19 13:37:47 user_04 SELECT SELECT ssn, name FROM hr_data LIMIT 200
2026-05-19 13:37:47 user_01 SELECT SELECT * FROM customers WHERE 1=1
2026-05-19 00:37:47 user_27 UPDATE UPDATE inventory SET stock = 0 WHERE last_updated < '2023-01-01'
2026-05-19 13:37:48 user_30 UNKNOWN UNKNOWN id, name FROM products WHERE id = 401
2026-05-19 13:37:48 user_29 SELECT SELECT id, name FROM inventory WHERE id = 789
2026-05-19 13:37:48 user_33 UNKNOWN UNKNOWN id, name FROM salary WHERE id = 490
2026-05-19 22:37:48 user_21 UPDATE UPDATE products SET stock = 0 WHERE last_updated < '2023-01-01'
2026-05-19 13:37:49 user_34 DELETE DELETE id, name FROM customers WHERE id = 72
2026-05-19 13:37:49 user_03 SELECT SELECT ssn, name FROM hr_data LIMIT 200
2026-05-19 13:37:49 user_05 UPDATE UPDATE id, name FROM products WHERE id = 753
2026-05-19 13:37:50 user_37 INSERT INSERT id, name FROM salary WHERE id = 553
2026-05-19 13:37:50 user_40 SELECT SELECT ssn, name FROM hr_data LIMIT 200
2026-05-19 13:37:50 user_16 SELECT SELECT * FROM salary WHERE 1=1
2026-05-19 13:37:50 user_20 SELECT SELECT ssn, name FROM hr_data LIMIT 200
2026-05-19 13:37:50 user_07 INSERT INSERT id, name FROM salary WHERE id = 8
2026-05-19 13:37:52 user_38 INSERT INSERT id, name FROM hr_data WHERE id = 277
2026-05-19 23:37:52 user_10 UPDATE UPDATE products SET stock = 0 WHERE last_updated < '2023-01-01'
2026-05-19 13:37:52 user_28 SELECT SELECT id, name FROM products WHERE id = 653
2026-05-19 13:37:52 user_34 UNKNOWN UNKNOWN id, name FROM transactions WHERE id = 430
2026-05-19 13:37:52 user_09 INSERT INSERT id, name FROM employees WHERE id = 678
2026-05-19 13:37:53 user_01 SELECT SELECT id, name FROM inventory WHERE id = 920
2026-05-19 22:37:53 user_07 UPDATE UPDATE products SET stock = 0 WHERE last_updated < '2023-01-01'
2026-05-19 13:37:53 user_32 SELECT SELECT id, name FROM orders WHERE id = 289
2026-05-19 13:37:53 user_12 INSERT INSERT id, name FROM orders WHERE id = 668
2026-05-19 13:37:53 user_02 SELECT SELECT * FROM salary WHERE 1=1
2026-05-19 13:37:54 user_22 INSERT INSERT id, name FROM employees WHERE id = 324
2026-05-19 13:37:54 user_31 UPDATE UPDATE id, name FROM orders WHERE id = 818
2026-05-19 13:37:56 user_39 SELECT SELECT * FROM customers WHERE 1=1
2026-05-19 13:37:57 user_12 SELECT SELECT ssn, name FROM hr_data LIMIT 200
2026-05-19 13:37:58 user_22 DELETE DELETE id, name FROM hr_data WHERE id = 127
2026-05-19 13:37:58 user_26 SELECT SELECT * FROM customers WHERE 1=1
2026-05-19 13:37:58 user_32 UNKNOWN UNKNOWN id, name FROM employees WHERE id = 437
2026-05-19 13:37:59 user_20 SELECT SELECT ssn, name FROM hr_data LIMIT 200
2026-05-19 13:37:59 user_20 UPDATE UPDATE id, name FROM finance WHERE id = 293
2026-05-19 13:37:59 user_21 SELECT SELECT * FROM finance WHERE 1=1
2026-05-19 00:37:59 user_14 UPDATE UPDATE products SET stock = 0 WHERE last_updated < '2023-01-01'
2026-05-19 13:38:00 user_35 UNKNOWN UNKNOWN id, name FROM products WHERE id = 749
2026-05-19 13:38:01 user_33 UNKNOWN UNKNOWN id, name FROM products WHERE id = 646
2026-05-19 13:38:01 user_30 UNKNOWN UNKNOWN id, name FROM products WHERE id = 522
2026-05-19 13:38:02 user_06 UNKNOWN UNKNOWN id, name FROM salary WHERE id = 429
2026-05-19 13:38:03 user_26 UNKNOWN UNKNOWN id, name FROM hr_data WHERE id = 102
2026-05-19 13:38:03 user_13 UPDATE UPDATE id, name FROM employees WHERE id = 510
2026-05-19 13:38:05 user_17 UNKNOWN UNKNOWN id, name FROM orders WHERE id = 6
2026-05-19 13:38:05 user_20 SELECT SELECT id, name FROM hr_data WHERE id = 871
2026-05-19 13:38:05 user_07 INSERT INSERT id, name FROM employees WHERE id = 8
2026-05-19 13:38:06 user_36 DELETE DELETE id, name FROM employees WHERE id = 906
2026-05-19 13:38:07 user_27 UPDATE UPDATE id, name FROM inventory WHERE id = 632
2026-05-19 13:38:07 user_17 SELECT SELECT * FROM finance WHERE 1=1
2026-05-19 01:38:07 user_07 UPDATE UPDATE orders SET stock = 0 WHERE last_updated < '2023-01-01'
2026-05-19 13:38:07 user_30 DELETE DELETE id, name FROM salary WHERE id = 581
2026-05-19 13:38:07 user_35 UNKNOWN UNKNOWN id, name FROM inventory WHERE id = 208
2026-05-19 13:38:09 user_17 SELECT SELECT ssn, name FROM hr_data LIMIT 200
2026-05-19 13:38:11 user_06 SELECT SELECT * FROM customers WHERE 1=1
2026-05-19 13:38:12 user_14 DELETE DELETE id, name FROM salary WHERE id = 688
2026-05-19 13:38:13 user_16 UNKNOWN UNKNOWN id, name FROM employees WHERE id = 251
2026-05-19 13:38:13 user_18 INSERT INSERT id, name FROM orders WHERE id = 540
2026-05-19 13:38:14 user_11 DELETE DELETE id, name FROM salary WHERE id = 718
2026-05-19 13:38:15 user_07 SELECT SELECT ssn, name FROM hr_data LIMIT 200
2026-05-19 13:38:15 user_17 SELECT SELECT * FROM finance WHERE 1=1
2026-05-19 13:38:15 user_08 UNKNOWN UNKNOWN id, name FROM transactions WHERE id = 152
2026-05-19 13:38:15 user_37 SELECT SELECT id, name FROM hr_data WHERE id = 880
2026-05-19 13:38:15 user_19 SELECT SELECT id, name FROM hr_data WHERE id = 232
2026-05-19 13:38:15 user_23 SELECT SELECT * FROM salary WHERE 1=1
2026-05-19 13:38:15 user_40 DELETE DELETE id, name FROM transactions WHERE id = 244
2026-05-19 13:38:17 user_23 UPDATE UPDATE id, name FROM employees WHERE id = 283
2026-05-19 13:38:17 user_02 UNKNOWN UNKNOWN id, name FROM employees WHERE id = 820
2026-05-19 13:38:17 user_16 SELECT SELECT * FROM salary WHERE 1=1
2026-05-19 22:38:19 user_26 UPDATE UPDATE products SET stock = 0 WHERE last_updated < '2023-01-01'
2026-05-19 13:38:19 user_26 SELECT SELECT ssn, name FROM hr_data LIMIT 200
2026-05-19 13:38:20 user_11 SELECT SELECT * FROM salary WHERE 1=1
2026-05-19 13:38:20 user_40 INSERT INSERT id, name FROM products WHERE id = 346
2026-05-19 01:38:20 user_16 UPDATE UPDATE products SET stock = 0 WHERE last_updated < '2023-01-01'
2026-05-19 13:38:20 user_40 UNKNOWN UNKNOWN id, name FROM inventory WHERE id = 677
2026-05-19 22:38:21 user_16 UPDATE UPDATE products SET stock = 0 WHERE last_updated < '2023-01-01'
2026-05-19 13:38:21 user_03 SELECT SELECT id, name FROM employees WHERE id = 369
2026-05-19 13:38:21 user_33 UPDATE UPDATE id, name FROM finance WHERE id = 906
2026-05-19 13:38:21 user_34 UPDATE UPDATE id, name FROM products WHERE id = 833
2026-05-19 13:38:22 user_32 UPDATE UPDATE id, name FROM customers WHERE id = 567
2026-05-19 13:38:22 user_27 DELETE DELETE id, name FROM customers WHERE id = 926
2026-05-19 13:38:22 user_24 UPDATE UPDATE id, name FROM hr_data WHERE id = 462
2026-05-19 13:38:22 user_31 DELETE DELETE id, name FROM employees WHERE id = 7
2026-05-19 13:38:24 user_14 SELECT SELECT ssn, name FROM hr_data LIMIT 200
2026-05-19 13:38:24 user_28 DELETE DELETE id, name FROM employees WHERE id = 864
2026-05-19 00:38:26 user_36 UPDATE UPDATE orders SET stock = 0 WHERE last_updated < '2023-01-01'
2026-05-19 22:38:26 user_35 UPDATE UPDATE products SET stock = 0 WHERE last_updated < '2023-01-01'
2026-05-19 13:38:27 user_36 SELECT SELECT id, name FROM products WHERE id = 267
2026-05-19 13:38:27 user_10 INSERT INSERT id, name FROM inventory WHERE id = 662
2026-05-19 13:38:27 user_33 INSERT INSERT id, name FROM products WHERE id = 686
2026-05-19 13:38:27 user_37 UPDATE UPDATE id, name FROM finance WHERE id = 56
2026-05-19 13:38:28 user_07 INSERT INSERT id, name FROM transactions WHERE id = 872
2026-05-19 13:38:28 user_11 DELETE DELETE id, name FROM customers WHERE id = 493
2026-05-19 13:38:28 user_09 UPDATE UPDATE id, name FROM finance WHERE id = 486
2026-05-19 13:38:28 user_17 SELECT SELECT * FROM finance WHERE 1=1
2026-05-19 13:38:28 user_23 UPDATE UPDATE id, name FROM employees WHERE id = 360
2026-05-19 13:38:30 user_20 SELECT SELECT ssn, name FROM hr_data LIMIT 200
2026-05-19 13:38:30 user_10 SELECT SELECT * FROM salary WHERE 1=1
2026-05-19 13:38:30 user_09 INSERT INSERT id, name FROM salary WHERE id = 485
2026-05-19 13:38:30 user_07 DELETE DELETE id, name FROM salary WHERE id = 837
2026-05-19 13:38:30 user_08 UPDATE UPDATE id, name FROM salary WHERE id = 161
2026-05-19 13:38:30 user_13 SELECT SELECT ssn, name FROM hr_data LIMIT 200
2026-05-19 13:38:30 user_20 UPDATE UPDATE id, name FROM salary WHERE id = 747
2026-05-19 01:38:30 user_13 UPDATE UPDATE orders SET stock = 0 WHERE last_updated < '2023-01-01'
2026-05-19 13:38:31 user_35 UNKNOWN UNKNOWN id, name FROM salary WHERE id = 906
2026-05-19 13:38:31 user_19 UPDATE UPDATE id, name FROM finance WHERE id = 592
2026-05-19 13:38:31 user_39 DELETE DELETE id, name FROM transactions WHERE id = 915
2026-05-19 13:38:31 user_21 SELECT SELECT ssn, name FROM hr_data LIMIT 200
2026-05-19 13:38:33 user_11 UNKNOWN UNKNOWN id, name FROM transactions WHERE id = 134
2026-05-19 13:38:33 user_14 SELECT SELECT ssn, name FROM hr_data LIMIT 200
2026-05-19 13:38:33 user_35 SELECT SELECT id, name FROM orders WHERE id = 901
2026-05-19 13:38:33 user_20 UPDATE UPDATE id, name FROM inventory WHERE id = 217
2026-05-19 13:38:33 user_06 INSERT INSERT id, name FROM employees WHERE id = 542
2026-05-19 13:38:33 user_12 INSERT INSERT id, name FROM employees WHERE id = 822
2026-05-19 13:38:35 user_02 SELECT SELECT * FROM customers WHERE 1=1
2026-05-19 13:38:35 user_23 SELECT SELECT * FROM customers WHERE 1=1
2026-05-19 13:38:35 user_17 INSERT INSERT id, name FROM products WHERE id = 414
2026-05-19 13:38:35 user_09 UNKNOWN UNKNOWN id, name FROM salary WHERE id = 962
2026-05-19 13:38:35 user_06 INSERT INSERT id, name FROM products WHERE id = 794
2026-05-19 22:38:37 user_06 UPDATE UPDATE products SET stock = 0 WHERE last_updated < '2023-01-01'
2026-05-19 13:38:37 user_31 SELECT SELECT id, name FROM customers WHERE id = 142
2026-05-19 23:38:37 user_20 UPDATE UPDATE inventory SET stock = 0 WHERE last_updated < '2023-01-01'
2026-05-19 13:38:38 user_33 INSERT INSERT id, name FROM hr_data WHERE id = 440
2026-05-19 13:38:38 user_39 SELECT SELECT ssn, name FROM hr_data LIMIT 200
2026-05-19 13:38:38 user_26 UNKNOWN UNKNOWN id, name FROM orders WHERE id = 569
2026-05-19 13:38:38 user_14 DELETE DELETE id, name FROM finance WHERE id = 344
2026-05-19 13:38:38 user_11 UNKNOWN UNKNOWN id, name FROM salary WHERE id = 324
2026-05-19 13:38:39 user_05 SELECT SELECT id, name FROM transactions WHERE id = 279
2026-05-19 13:38:39 user_06 SELECT SELECT * FROM salary WHERE 1=1
2026-05-19 13:38:39 user_40 SELECT SELECT ssn, name FROM hr_data LIMIT 200
2026-05-19 23:38:41 user_19 UPDATE UPDATE inventory SET stock = 0 WHERE last_updated < '2023-01-01'
2026-05-19 13:38:41 user_28 INSERT INSERT id, name FROM inventory WHERE id = 736
2026-05-19 13:38:41 user_28 UPDATE UPDATE id, name FROM transactions WHERE id = 443
2026-05-19 13:38:43 user_36 SELECT SELECT * FROM customers WHERE 1=1
2026-05-19 13:38:45 user_24 UPDATE UPDATE id, name FROM employees WHERE id = 649
2026-05-19 13:38:46 user_04 UPDATE UPDATE id, name FROM salary WHERE id = 952
2026-05-19 13:38:46 user_11 UPDATE UPDATE id, name FROM transactions WHERE id = 261
2026-05-19 13:38:46 user_16 UNKNOWN UNKNOWN id, name FROM orders WHERE id = 73
2026-05-19 13:38:46 user_31 SELECT SELECT * FROM customers WHERE 1=1
2026-05-19 01:38:46 user_13 UPDATE UPDATE orders SET stock = 0 WHERE last_updated < '2023-01-01'
2026-05-19 13:38:47 user_22 UPDATE UPDATE id, name FROM customers WHERE id = 362
2026-05-19 13:38:47 user_35 SELECT SELECT * FROM customers WHERE 1=1
2026-05-19 13:38:47 user_14 SELECT SELECT ssn, name FROM hr_data LIMIT 200
2026-05-19 13:38:47 user_17 SELECT SELECT id, name FROM transactions WHERE id = 366
2026-05-19 13:38:47 user_36 DELETE DELETE id, name FROM products WHERE id = 396
2026-05-19 13:38:47 user_21 SELECT SELECT id, name FROM inventory WHERE id = 725
2026-05-19 13:38:47 user_28 SELECT SELECT * FROM salary WHERE 1=1
2026-05-19 13:38:47 user_03 UNKNOWN UNKNOWN id, name FROM products WHERE id = 69
2026-05-19 13:38:49 user_07 INSERT INSERT id, name FROM finance WHERE id = 96
2026-05-19 13:38:49 user_06 SELECT SELECT ssn, name FROM hr_data LIMIT 200
2026-05-19 13:38:49 user_34 SELECT SELECT * FROM salary WHERE 1=1
2026-05-19 13:38:50 user_25 UNKNOWN UNKNOWN id, name FROM transactions WHERE id = 674
2026-05-19 13:38:50 user_32 DELETE DELETE id, name FROM inventory WHERE id = 294
2026-05-19 13:38:50 user_04 UPDATE UPDATE id, name FROM transactions WHERE id = 53
2026-05-19 13:38:50 user_24 UNKNOWN UNKNOWN id, name FROM inventory WHERE id = 221
2026-05-19 13:38:52 user_35 UPDATE UPDATE id, name FROM inventory WHERE id = 980
2026-05-19 13:38:53 user_35 INSERT INSERT id, name FROM orders WHERE id = 980
2026-05-19 13:38:53 user_15 SELECT SELECT * FROM salary WHERE 1=1
2026-05-19 13:38:55 user_25 UPDATE UPDATE id, name FROM customers WHERE id = 629
2026-05-19 22:38:55 user_40 UPDATE UPDATE products SET stock = 0 WHERE last_updated < '2023-01-01'
2026-05-19 13:38:55 user_08 SELECT SELECT * FROM salary WHERE 1=1
2026-05-19 13:38:56 user_07 UPDATE UPDATE id, name FROM finance WHERE id = 306
2026-05-19 01:38:56 user_40 UPDATE UPDATE products SET stock = 0 WHERE last_updated < '2023-01-01'
2026-05-19 13:38:56 user_09 SELECT SELECT * FROM finance WHERE 1=1
2026-05-19 13:38:56 user_30 UNKNOWN UNKNOWN id, name FROM customers WHERE id = 642
2026-05-19 13:38:57 user_14 SELECT SELECT * FROM finance WHERE 1=1
2026-05-19 13:38:57 user_02 INSERT INSERT id, name FROM transactions WHERE id = 161
2026-05-19 13:38:57 user_21 SELECT SELECT ssn, name FROM hr_data LIMIT 200
2026-05-19 13:38:57 user_01 SELECT SELECT id, name FROM finance WHERE id = 305
2026-05-19 01:38:59 user_13 UPDATE UPDATE products SET stock = 0 WHERE last_updated < '2023-01-01'
2026-05-19 13:38:59 user_34 SELECT SELECT id, name FROM salary WHERE id = 817
2026-05-19 13:38:59 user_30 INSERT INSERT id, name FROM inventory WHERE id = 203
2026-05-19 13:39:00 user_39 SELECT SELECT id, name FROM finance WHERE id = 698
2026-05-19 13:39:00 user_33 UPDATE UPDATE id, name FROM products WHERE id = 91
2026-05-19 13:39:00 user_24 UPDATE UPDATE id, name FROM finance WHERE id = 755
2026-05-19 13:39:00 user_37 UPDATE UPDATE id, name FROM orders WHERE id = 700
2026-05-19 01:39:00 user_15 UPDATE UPDATE orders SET stock = 0 WHERE last_updated < '2023-01-01'
2026-05-19 13:39:01 user_31 SELECT SELECT ssn, name FROM hr_data LIMIT 200
2026-05-19 13:39:01 user_19 DELETE DELETE id, name FROM orders WHERE id = 991
2026-05-19 13:39:01 user_32 DELETE DELETE id, name FROM orders WHERE id = 380
2026-05-19 00:39:02 user_28 UPDATE UPDATE products SET stock = 0 WHERE last_updated < '2023-01-01'
2026-05-19 13:39:02 user_39 SELECT SELECT id, name FROM salary WHERE id = 722
2026-05-19 13:39:02 user_19 SELECT SELECT id, name FROM employees WHERE id = 120
2026-05-19 01:39:02 user_08 UPDATE UPDATE inventory SET stock = 0 WHERE last_updated < '2023-01-01'
2026-05-19 13:39:03 user_29 UNKNOWN UNKNOWN id, name FROM inventory WHERE id = 738
2026-05-19 13:39:03 user_16 SELECT SELECT * FROM salary WHERE 1=1
2026-05-19 23:39:04 user_06 UPDATE UPDATE products SET stock = 0 WHERE last_updated < '2023-01-01'
2026-05-19 13:39:04 user_39 INSERT INSERT id, name FROM transactions WHERE id = 3
2026-05-19 22:39:05 user_14 UPDATE UPDATE inventory SET stock = 0 WHERE last_updated < '2023-01-01'
2026-05-19 13:39:05 user_04 UNKNOWN UNKNOWN id, name FROM inventory WHERE id = 948
2026-05-19 23:39:05 user_31 UPDATE UPDATE orders SET stock = 0 WHERE last_updated < '2023-01-01'
2026-05-19 00:39:05 user_37 UPDATE UPDATE orders SET stock = 0 WHERE last_updated < '2023-01-01'
2026-05-19 13:39:05 user_07 UPDATE UPDATE id, name FROM customers WHERE id = 758
2026-05-19 13:39:07 user_03 SELECT SELECT id, name FROM salary WHERE id = 61
2026-05-19 13:39:07 user_36 SELECT SELECT ssn, name FROM hr_data LIMIT 200
2026-05-19 13:39:07 user_28 UNKNOWN UNKNOWN id, name FROM transactions WHERE id = 530
2026-05-19 13:39:07 user_11 UNKNOWN UNKNOWN id, name FROM inventory WHERE id = 880
2026-05-19 13:39:07 user_23 DELETE DELETE id, name FROM inventory WHERE id = 835
2026-05-19 22:39:08 user_04 UPDATE UPDATE orders SET stock = 0 WHERE last_updated < '2023-01-01'
2026-05-19 13:39:08 user_39 DELETE DELETE id, name FROM transactions WHERE id = 558
2026-05-19 13:39:08 user_10 SELECT SELECT ssn, name FROM hr_data LIMIT 200
2026-05-19 13:39:08 user_40 SELECT SELECT ssn, name FROM hr_data LIMIT 200
2026-05-19 13:39:08 user_24 UNKNOWN UNKNOWN id, name FROM salary WHERE id = 694
2026-05-19 13:39:08 user_25 SELECT SELECT * FROM finance WHERE 1=1
2026-05-19 13:39:08 user_28 UNKNOWN UNKNOWN id, name FROM salary WHERE id = 291
2026-05-19 13:39:10 user_07 SELECT SELECT * FROM finance WHERE 1=1
2026-05-19 13:39:10 user_29 SELECT SELECT ssn, name FROM hr_data LIMIT 200
2026-05-19 13:39:10 user_29 DELETE DELETE id, name FROM employees WHERE id = 287
2026-05-19 23:39:10 user_11 UPDATE UPDATE orders SET stock = 0 WHERE last_updated < '2023-01-01'
2026-05-19 13:39:11 user_36 SELECT SELECT * FROM salary WHERE 1=1
2026-05-19 00:39:13 user_12 UPDATE UPDATE orders SET stock = 0 WHERE last_updated < '2023-01-01'
2026-05-19 13:39:13 user_07 DELETE DELETE id, name FROM finance WHERE id = 613
2026-05-19 13:39:13 user_09 UPDATE UPDATE id, name FROM customers WHERE id = 873
2026-05-19 13:39:13 user_26 INSERT INSERT id, name FROM hr_data WHERE id = 50
2026-05-19 13:39:13 user_16 SELECT SELECT ssn, name FROM hr_data LIMIT 200
2026-05-19 00:39:14 user_33 UPDATE UPDATE inventory SET stock = 0 WHERE last_updated < '2023-01-01'
2026-05-19 13:39:14 user_35 DELETE DELETE id, name FROM employees WHERE id = 97
2026-05-19 13:39:16 user_18 SELECT SELECT ssn, name FROM hr_data LIMIT 200
2026-05-19 13:39:16 user_30 DELETE DELETE id, name FROM orders WHERE id = 963
2026-05-19 13:39:18 user_23 SELECT SELECT ssn, name FROM hr_data LIMIT 200
2026-05-19 13:39:18 user_29 SELECT SELECT ssn, name FROM hr_data LIMIT 200
2026-05-19 13:39:19 user_18 SELECT SELECT ssn, name FROM hr_data LIMIT 200
2026-05-19 13:39:19 user_09 DELETE DELETE id, name FROM finance WHERE id = 903
2026-05-19 23:39:19 user_13 UPDATE UPDATE orders SET stock = 0 WHERE last_updated < '2023-01-01'
2026-05-19 13:39:19 user_29 SELECT SELECT * FROM customers WHERE 1=1
2026-05-19 23:39:20 user_40 UPDATE UPDATE inventory SET stock = 0 WHERE last_updated < '2023-01-01'
2026-05-19 01:39:21 user_09 UPDATE UPDATE inventory SET stock = 0 WHERE last_updated < '2023-01-01'
2026-05-19 13:39:21 user_35 UPDATE UPDATE id, name FROM orders WHERE id = 340
2026-05-19 13:39:21 user_39 INSERT INSERT id, name FROM transactions WHERE id = 601
2026-05-19 13:39:23 user_05 SELECT SELECT id, name FROM products WHERE id = 846
2026-05-19 00:39:24 user_29 UPDATE UPDATE inventory SET stock = 0 WHERE last_updated < '2023-01-01'
2026-05-19 13:39:24 user_12 INSERT INSERT id, name FROM salary WHERE id = 205
2026-05-19 13:39:24 user_36 SELECT SELECT id, name FROM products WHERE id = 68
2026-05-19 13:39:25 user_21 SELECT SELECT ssn, name FROM hr_data LIMIT 200
2026-05-19 13:39:25 user_37 SELECT SELECT id, name FROM hr_data WHERE id = 517
2026-05-19 13:39:26 user_36 SELECT SELECT ssn, name FROM hr_data LIMIT 200
2026-05-19 13:39:26 user_37 DELETE DELETE id, name FROM inventory WHERE id = 289
2026-05-19 13:39:27 user_05 SELECT SELECT * FROM finance WHERE 1=1
2026-05-19 13:39:28 user_25 SELECT SELECT * FROM finance WHERE 1=1
2026-05-19 13:39:28 user_39 UPDATE UPDATE id, name FROM transactions WHERE id = 93
2026-05-19 13:39:28 user_23 SELECT SELECT id, name FROM customers WHERE id = 935
2026-05-19 13:39:28 user_02 UPDATE UPDATE id, name FROM employees WHERE id = 259
2026-05-19 13:39:30 user_27 INSERT INSERT id, name FROM hr_data WHERE id = 920
2026-05-19 13:39:31 user_39 SELECT SELECT * FROM customers WHERE 1=1
2026-05-19 01:39:31 user_29 UPDATE UPDATE inventory SET stock = 0 WHERE last_updated < '2023-01-01'
2026-05-19 13:39:32 user_29 INSERT INSERT id, name FROM products WHERE id = 925
2026-05-19 13:39:32 user_28 INSERT INSERT id, name FROM finance WHERE id = 32
2026-05-19 13:39:32 user_36 UNKNOWN UNKNOWN id, name FROM inventory WHERE id = 396
2026-05-19 13:39:32 user_03 UPDATE UPDATE id, name FROM transactions WHERE id = 233
2026-05-19 13:39:33 user_22 UPDATE UPDATE id, name FROM orders WHERE id = 905
2026-05-19 13:39:33 user_26 SELECT SELECT id, name FROM products WHERE id = 777
2026-05-19 13:39:33 user_32 UNKNOWN UNKNOWN id, name FROM hr_data WHERE id = 646
2026-05-19 13:39:33 user_24 UPDATE UPDATE id, name FROM transactions WHERE id = 780
2026-05-19 13:39:34 user_39 DELETE DELETE id, name FROM products WHERE id = 309
2026-05-19 13:39:35 user_03 SELECT SELECT ssn, name FROM hr_data LIMIT 200
2026-05-19 13:39:35 user_23 DELETE DELETE id, name FROM inventory WHERE id = 638
2026-05-19 13:39:35 user_28 INSERT INSERT id, name FROM hr_data WHERE id = 357
2026-05-19 13:39:35 user_33 SELECT SELECT id, name FROM products WHERE id = 473
2026-05-19 13:39:36 user_17 SELECT SELECT * FROM salary WHERE 1=1
2026-05-19 13:39:36 user_26 SELECT SELECT * FROM customers WHERE 1=1
2026-05-19 13:39:38 user_24 SELECT SELECT ssn, name FROM hr_data LIMIT 200
2026-05-19 13:39:40 user_33 SELECT SELECT ssn, name FROM hr_data LIMIT 200
2026-05-19 13:39:40 user_31 INSERT INSERT id, name FROM transactions WHERE id = 369
2026-05-19 13:39:40 user_13 INSERT INSERT id, name FROM transactions WHERE id = 506
2026-05-19 13:39:41 user_35 SELECT SELECT ssn, name FROM hr_data LIMIT 200
2026-05-19 13:39:41 user_15 INSERT INSERT id, name FROM hr_data WHERE id = 483
2026-05-19 22:39:41 user_35 UPDATE UPDATE products SET stock = 0 WHERE last_updated < '2023-01-01'
2026-05-19 13:39:41 user_03 INSERT INSERT id, name FROM finance WHERE id = 646
2026-05-19 13:39:43 user_07 INSERT INSERT id, name FROM customers WHERE id = 301
2026-05-19 13:39:43 user_33 SELECT SELECT ssn, name FROM hr_data LIMIT 200
2026-05-19 13:39:43 user_21 UPDATE UPDATE id, name FROM employees WHERE id = 500
2026-05-19 13:39:43 user_21 DELETE DELETE id, name FROM orders WHERE id = 412
2026-05-19 13:39:45 user_09 DELETE DELETE id, name FROM finance WHERE id = 553
2026-05-19 13:39:45 user_06 SELECT SELECT * FROM finance WHERE 1=1
2026-05-19 13:39:46 user_33 SELECT SELECT id, name FROM inventory WHERE id = 870
2026-05-19 13:39:46 user_25 SELECT SELECT ssn, name FROM hr_data LIMIT 200
2026-05-19 13:39:46 user_32 UPDATE UPDATE id, name FROM finance WHERE id = 432
2026-05-19 22:39:46 user_31 UPDATE UPDATE inventory SET stock = 0 WHERE last_updated < '2023-01-01'
2026-05-19 13:39:46 user_26 UPDATE UPDATE id, name FROM products WHERE id = 868
2026-05-19 13:39:46 user_09 SELECT SELECT id, name FROM orders WHERE id = 663
2026-05-19 00:39:46 user_30 UPDATE UPDATE orders SET stock = 0 WHERE last_updated < '2023-01-01'
2026-05-19 13:39:48 user_29 SELECT SELECT * FROM finance WHERE 1=1
2026-05-19 13:39:48 user_02 DELETE DELETE id, name FROM transactions WHERE id = 435
2026-05-19 13:39:48 user_15 UPDATE UPDATE id, name FROM customers WHERE id = 970
2026-05-19 13:39:48 user_22 SELECT SELECT ssn, name FROM hr_data LIMIT 200
2026-05-19 13:39:50 user_18 SELECT SELECT ssn, name FROM hr_data LIMIT 200
2026-05-19 13:39:50 user_27 SELECT SELECT * FROM salary WHERE 1=1
2026-05-19 13:39:50 user_21 SELECT SELECT * FROM finance WHERE 1=1
2026-05-19 13:39:50 user_10 SELECT SELECT id, name FROM salary WHERE id = 537
2026-05-19 13:39:52 user_07 UNKNOWN UNKNOWN id, name FROM orders WHERE id = 684
2026-05-19 13:39:52 user_31 SELECT SELECT ssn, name FROM hr_data LIMIT 200
2026-05-19 23:39:52 user_37 UPDATE UPDATE inventory SET stock = 0 WHERE last_updated < '2023-01-01'
2026-05-19 13:39:54 user_25 UNKNOWN UNKNOWN id, name FROM salary WHERE id = 271
2026-05-19 13:39:54 user_28 DELETE DELETE id, name FROM transactions WHERE id = 643
2026-05-19 13:39:55 user_40 INSERT INSERT id, name FROM employees WHERE id = 871
2026-05-19 22:39:56 user_14 UPDATE UPDATE products SET stock = 0 WHERE last_updated < '2023-01-01'
2026-05-19 13:39:56 user_04 DELETE DELETE id, name FROM products WHERE id = 711
2026-05-19 13:39:56 user_12 SELECT SELECT id, name FROM transactions WHERE id = 710
2026-05-19 13:39:57 user_18 UPDATE UPDATE id, name FROM inventory WHERE id = 206
2026-05-19 13:39:57 user_01 UPDATE UPDATE id, name FROM finance WHERE id = 413
2026-05-19 13:39:59 user_28 SELECT SELECT ssn, name FROM hr_data LIMIT 200
2026-05-19 13:39:59 user_02 DELETE DELETE id, name FROM products WHERE id = 214
2026-05-19 13:39:59 user_14 SELECT SELECT ssn, name FROM hr_data LIMIT 200
2026-05-19 13:40:00 user_18 INSERT INSERT id, name FROM hr_data WHERE id = 193
2026-05-19 13:40:00 user_40 INSERT INSERT id, name FROM orders WHERE id = 186
2026-05-19 13:40:02 user_38 INSERT INSERT id, name FROM finance WHERE id = 593
2026-05-19 13:40:02 user_25 UNKNOWN UNKNOWN id, name FROM orders WHERE id = 699
2026-05-19 13:40:02 user_13 UPDATE UPDATE id, name FROM orders WHERE id = 933
2026-05-19 13:40:04 user_25 SELECT SELECT id, name FROM orders WHERE id = 878
2026-05-19 23:40:05 user_22 UPDATE UPDATE inventory SET stock = 0 WHERE last_updated < '2023-01-01'
2026-05-19 13:40:05 user_07 UNKNOWN UNKNOWN id, name FROM products WHERE id = 28
2026-05-19 13:40:05 user_21 SELECT SELECT id, name FROM orders WHERE id = 612
2026-05-19 22:40:07 user_08 UPDATE UPDATE inventory SET stock = 0 WHERE last_updated < '2023-01-01'
2026-05-19 13:40:07 user_12 UNKNOWN UNKNOWN id, name FROM orders WHERE id = 7
2026-05-19 22:40:07 user_37 UPDATE UPDATE inventory SET stock = 0 WHERE last_updated < '2023-01-01'
2026-05-19 13:40:08 user_36 INSERT INSERT id, name FROM salary WHERE id = 646
2026-05-19 13:40:08 user_14 SELECT SELECT id, name FROM hr_data WHERE id = 422
2026-05-19 13:40:08 user_17 SELECT SELECT id, name FROM inventory WHERE id = 861
2026-05-19 22:40:08 user_05 UPDATE UPDATE products SET stock = 0 WHERE last_updated < '2023-01-01'
2026-05-19 13:40:08 user_10 INSERT INSERT id, name FROM finance WHERE id = 66
2026-05-19 13:40:10 user_03 SELECT SELECT id, name FROM products WHERE id = 552
2026-05-19 13:40:10 user_29 SELECT SELECT id, name FROM transactions WHERE id = 91
2026-05-19 13:40:10 user_31 INSERT INSERT id, name FROM inventory WHERE id = 622
2026-05-19 13:40:10 user_01 UNKNOWN UNKNOWN id, name FROM orders WHERE id = 3
2026-05-19 22:40:11 user_16 UPDATE UPDATE orders SET stock = 0 WHERE last_updated < '2023-01-01'
2026-05-19 01:40:11 user_17 UPDATE UPDATE inventory SET stock = 0 WHERE last_updated < '2023-01-01'
2026-05-19 22:40:11 user_35 UPDATE UPDATE orders SET stock = 0 WHERE last_updated < '2023-01-01'
2026-05-19 01:40:11 user_23 UPDATE UPDATE orders SET stock = 0 WHERE last_updated < '2023-01-01'
2026-05-19 13:40:12 user_40 DELETE DELETE id, name FROM customers WHERE id = 703
2026-05-19 13:40:14 user_14 UNKNOWN UNKNOWN id, name FROM orders WHERE id = 316
2026-05-19 13:40:16 user_35 UPDATE UPDATE id, name FROM products WHERE id = 885
2026-05-19 13:40:16 user_25 SELECT SELECT * FROM salary WHERE 1=1
2026-05-19 01:40:16 user_20 UPDATE UPDATE products SET stock = 0 WHERE last_updated < '2023-01-01'
2026-05-19 13:40:16 user_22 INSERT INSERT id, name FROM inventory WHERE id = 784
2026-05-19 13:40:18 user_29 SELECT SELECT id, name FROM finance WHERE id = 686
2026-05-19 01:40:18 user_10 UPDATE UPDATE products SET stock = 0 WHERE last_updated < '2023-01-01'
2026-05-19 13:40:18 user_40 INSERT INSERT id, name FROM finance WHERE id = 84
2026-05-19 13:40:18 user_40 SELECT SELECT id, name FROM employees WHERE id = 613
2026-05-19 13:40:20 user_07 DELETE DELETE id, name FROM products WHERE id = 996
2026-05-19 13:40:20 user_36 SELECT SELECT ssn, name FROM hr_data LIMIT 200
2026-05-19 13:40:21 user_24 SELECT SELECT ssn, name FROM hr_data LIMIT 200
2026-05-19 13:40:21 user_22 INSERT INSERT id, name FROM orders WHERE id = 871
2026-05-19 13:40:21 user_31 INSERT INSERT id, name FROM employees WHERE id = 839
2026-05-19 13:40:21 user_05 SELECT SELECT id, name FROM hr_data WHERE id = 946
2026-05-19 23:40:22 user_21 UPDATE UPDATE inventory SET stock = 0 WHERE last_updated < '2023-01-01'
2026-05-19 01:40:22 user_14 UPDATE UPDATE products SET stock = 0 WHERE last_updated < '2023-01-01'
2026-05-19 13:40:22 user_05 DELETE DELETE id, name FROM products WHERE id = 885
2026-05-19 13:40:22 user_10 UPDATE UPDATE id, name FROM finance WHERE id = 815
2026-05-19 13:40:22 user_18 UPDATE UPDATE id, name FROM customers WHERE id = 761
2026-05-19 13:40:24 user_02 DELETE DELETE id, name FROM orders WHERE id = 827
2026-05-19 13:40:24 user_21 SELECT SELECT id, name FROM salary WHERE id = 867
2026-05-19 13:40:26 user_12 UPDATE UPDATE id, name FROM employees WHERE id = 671
2026-05-19 13:40:26 user_09 UPDATE UPDATE id, name FROM hr_data WHERE id = 802
2026-05-19 13:40:26 user_13 UPDATE UPDATE id, name FROM orders WHERE id = 198
2026-05-19 13:40:27 user_28 UPDATE UPDATE id, name FROM customers WHERE id = 434
2026-05-19 13:40:27 user_20 UPDATE UPDATE id, name FROM products WHERE id = 441
2026-05-19 13:40:27 user_33 SELECT SELECT * FROM salary WHERE 1=1
2026-05-19 13:40:27 user_06 UPDATE UPDATE id, name FROM inventory WHERE id = 592
2026-05-19 13:40:28 user_08 DELETE DELETE id, name FROM inventory WHERE id = 129
2026-05-19 13:40:28 user_35 UPDATE UPDATE id, name FROM orders WHERE id = 912
2026-05-19 13:40:28 user_21 INSERT INSERT id, name FROM hr_data WHERE id = 236
2026-05-19 13:40:28 user_08 UPDATE UPDATE id, name FROM customers WHERE id = 300
2026-05-19 13:40:28 user_35 SELECT SELECT id, name FROM products WHERE id = 815
2026-05-19 13:40:28 user_25 UNKNOWN UNKNOWN id, name FROM orders WHERE id = 354
2026-05-19 13:40:28 user_33 UNKNOWN UNKNOWN id, name FROM salary WHERE id = 363
2026-05-19 22:40:28 user_15 UPDATE UPDATE orders SET stock = 0 WHERE last_updated < '2023-01-01'
2026-05-19 13:40:29 user_30 SELECT SELECT ssn, name FROM hr_data LIMIT 200
2026-05-19 13:40:29 user_01 SELECT SELECT ssn, name FROM hr_data LIMIT 200
2026-05-19 13:40:29 user_26 DELETE DELETE id, name FROM employees WHERE id = 382
2026-05-19 13:40:29 user_22 DELETE DELETE id, name FROM salary WHERE id = 453
2026-05-19 13:40:29 user_03 DELETE DELETE id, name FROM customers WHERE id = 347
2026-05-19 13:40:30 user_36 UPDATE UPDATE id, name FROM employees WHERE id = 888
2026-05-19 13:40:30 user_32 SELECT SELECT id, name FROM orders WHERE id = 111
2026-05-19 13:40:30 user_28 SELECT SELECT * FROM finance WHERE 1=1
2026-05-19 13:40:32 user_02 SELECT SELECT * FROM salary WHERE 1=1
2026-05-19 13:40:32 user_03 DELETE DELETE id, name FROM products WHERE id = 947
2026-05-19 13:40:33 user_27 SELECT SELECT id, name FROM employees WHERE id = 759
2026-05-19 13:40:33 user_16 SELECT SELECT * FROM customers WHERE 1=1
2026-05-19 13:40:33 user_27 UNKNOWN UNKNOWN id, name FROM hr_data WHERE id = 515
2026-05-19 13:40:33 user_24 SELECT SELECT id, name FROM inventory WHERE id = 102
2026-05-19 13:40:33 user_12 DELETE DELETE id, name FROM transactions WHERE id = 672
2026-05-19 00:40:35 user_25 UPDATE UPDATE inventory SET stock = 0 WHERE last_updated < '2023-01-01'
2026-05-19 23:40:35 user_38 UPDATE UPDATE orders SET stock = 0 WHERE last_updated < '2023-01-01'
2026-05-19 23:40:35 user_11 UPDATE UPDATE inventory SET stock = 0 WHERE last_updated < '2023-01-01'
2026-05-19 13:40:35 user_35 SELECT SELECT * FROM salary WHERE 1=1
2026-05-19 13:40:35 user_08 INSERT INSERT id, name FROM hr_data WHERE id = 199
2026-05-19 13:40:36 user_08 UPDATE UPDATE id, name FROM customers WHERE id = 202
2026-05-19 13:40:36 user_17 SELECT SELECT id, name FROM customers WHERE id = 67
2026-05-19 13:40:36 user_14 SELECT SELECT ssn, name FROM hr_data LIMIT 200
2026-05-19 13:40:36 user_08 UNKNOWN UNKNOWN id, name FROM finance WHERE id = 267
2026-05-19 13:40:37 user_16 DELETE DELETE id, name FROM transactions WHERE id = 461
2026-05-19 13:40:37 user_21 SELECT SELECT ssn, name FROM hr_data LIMIT 200
2026-05-19 13:40:37 user_40 SELECT SELECT id, name FROM inventory WHERE id = 495
2026-05-19 13:40:37 user_34 SELECT SELECT ssn, name FROM hr_data LIMIT 200
2026-05-19 13:40:37 user_22 UPDATE UPDATE id, name FROM customers WHERE id = 674
2026-05-19 13:40:37 user_06 DELETE DELETE id, name FROM employees WHERE id = 626
2026-05-19 00:40:37 user_04 UPDATE UPDATE orders SET stock = 0 WHERE last_updated < '2023-01-01'
2026-05-19 13:40:37 user_19 SELECT SELECT * FROM salary WHERE 1=1
2026-05-19 23:40:37 user_10 UPDATE UPDATE products SET stock = 0 WHERE last_updated < '2023-01-01'
2026-05-19 13:40:38 user_35 UNKNOWN UNKNOWN id, name FROM transactions WHERE id = 242
2026-05-19 13:40:38 user_40 SELECT SELECT ssn, name FROM hr_data LIMIT 200
2026-05-19 13:40:39 user_35 SELECT SELECT ssn, name FROM hr_data LIMIT 200
2026-05-19 13:40:40 user_27 SELECT SELECT id, name FROM salary WHERE id = 442
2026-05-19 13:40:41 user_24 SELECT SELECT ssn, name FROM hr_data LIMIT 200
2026-05-19 13:40:41 user_23 UNKNOWN UNKNOWN id, name FROM employees WHERE id = 494
2026-05-19 13:40:41 user_39 UNKNOWN UNKNOWN id, name FROM customers WHERE id = 852
2026-05-19 13:40:42 user_02 UNKNOWN UNKNOWN id, name FROM customers WHERE id = 638
2026-05-19 13:40:42 user_14 INSERT INSERT id, name FROM orders WHERE id = 762
2026-05-19 13:40:43 user_19 UNKNOWN UNKNOWN id, name FROM finance WHERE id = 481
2026-05-19 13:40:43 user_32 SELECT SELECT ssn, name FROM hr_data LIMIT 200
2026-05-19 00:40:43 user_30 UPDATE UPDATE inventory SET stock = 0 WHERE last_updated < '2023-01-01'
2026-05-19 13:40:43 user_32 SELECT SELECT * FROM salary WHERE 1=1
2026-05-19 13:40:43 user_27 UNKNOWN UNKNOWN id, name FROM orders WHERE id = 712
2026-05-19 13:40:43 user_14 UPDATE UPDATE id, name FROM inventory WHERE id = 584
2026-05-19 13:40:45 user_33 SELECT SELECT * FROM salary WHERE 1=1
2026-05-19 13:40:45 user_08 UNKNOWN UNKNOWN id, name FROM hr_data WHERE id = 302
2026-05-19 13:40:45 user_12 INSERT INSERT id, name FROM hr_data WHERE id = 826
2026-05-19 13:40:45 user_35 INSERT INSERT id, name FROM customers WHERE id = 410
2026-05-19 13:40:45 user_08 SELECT SELECT ssn, name FROM hr_data LIMIT 200
2026-05-19 13:40:47 user_40 SELECT SELECT * FROM customers WHERE 1=1
2026-05-19 13:40:48 user_08 DELETE DELETE id, name FROM customers WHERE id = 579
2026-05-19 13:40:48 user_20 UNKNOWN UNKNOWN id, name FROM transactions WHERE id = 48
2026-05-19 13:40:48 user_05 UNKNOWN UNKNOWN id, name FROM transactions WHERE id = 646
2026-05-19 13:40:50 user_25 SELECT SELECT * FROM finance WHERE 1=1
2026-05-19 13:40:50 user_35 SELECT SELECT id, name FROM products WHERE id = 801
2026-05-19 13:40:50 user_13 UNKNOWN UNKNOWN id, name FROM employees WHERE id = 199
2026-05-19 13:40:52 user_40 SELECT SELECT * FROM finance WHERE 1=1
2026-05-19 13:40:52 user_21 INSERT INSERT id, name FROM inventory WHERE id = 334
2026-05-19 13:40:53 user_04 SELECT SELECT id, name FROM orders WHERE id = 404
2026-05-19 01:40:53 user_01 UPDATE UPDATE products SET stock = 0 WHERE last_updated < '2023-01-01'
2026-05-19 13:40:53 user_02 DELETE DELETE id, name FROM transactions WHERE id = 525
2026-05-19 13:40:53 user_28 INSERT INSERT id, name FROM hr_data WHERE id = 975
2026-05-19 13:40:53 user_25 UPDATE UPDATE id, name FROM finance WHERE id = 334
2026-05-19 13:40:55 user_11 SELECT SELECT id, name FROM salary WHERE id = 999
2026-05-19 13:40:55 user_23 SELECT SELECT id, name FROM customers WHERE id = 799
2026-05-19 01:40:55 user_18 UPDATE UPDATE orders SET stock = 0 WHERE last_updated < '2023-01-01'
2026-05-19 23:40:55 user_24 UPDATE UPDATE inventory SET stock = 0 WHERE last_updated < '2023-01-01'
2026-05-19 13:40:57 user_14 SELECT SELECT * FROM customers WHERE 1=1
2026-05-19 13:40:58 user_17 SELECT SELECT ssn, name FROM hr_data LIMIT 200
2026-05-19 13:41:00 user_11 SELECT SELECT * FROM customers WHERE 1=1
2026-05-19 13:41:00 user_33 UNKNOWN UNKNOWN id, name FROM customers WHERE id = 840
2026-05-19 13:41:00 user_13 UPDATE UPDATE id, name FROM transactions WHERE id = 920
2026-05-19 00:41:00 user_31 UPDATE UPDATE inventory SET stock = 0 WHERE last_updated < '2023-01-01'
2026-05-19 13:41:00 user_14 UPDATE UPDATE id, name FROM products WHERE id = 805
2026-05-19 13:41:01 user_38 SELECT SELECT id, name FROM employees WHERE id = 969
2026-05-19 13:41:01 user_07 INSERT INSERT id, name FROM products WHERE id = 432
2026-05-19 13:41:01 user_15 SELECT SELECT ssn, name FROM hr_data LIMIT 200
2026-05-19 13:41:01 user_01 DELETE DELETE id, name FROM salary WHERE id = 707
2026-05-19 01:41:01 user_06 UPDATE UPDATE orders SET stock = 0 WHERE last_updated < '2023-01-01'
2026-05-19 13:41:01 user_29 UNKNOWN UNKNOWN id, name FROM salary WHERE id = 145
2026-05-19 13:41:01 user_02 UPDATE UPDATE id, name FROM employees WHERE id = 928
2026-05-19 13:41:01 user_19 DELETE DELETE id, name FROM employees WHERE id = 16
2026-05-19 13:41:01 user_16 UPDATE UPDATE id, name FROM employees WHERE id = 629
2026-05-19 13:41:02 user_12 DELETE DELETE id, name FROM inventory WHERE id = 354
2026-05-19 13:41:02 user_40 UPDATE UPDATE id, name FROM products WHERE id = 344
2026-05-19 13:41:02 user_34 INSERT INSERT id, name FROM transactions WHERE id = 776
2026-05-19 00:41:02 user_17 UPDATE UPDATE inventory SET stock = 0 WHERE last_updated < '2023-01-01'
2026-05-19 00:41:03 user_40 UPDATE UPDATE inventory SET stock = 0 WHERE last_updated < '2023-01-01'
2026-05-19 13:41:03 user_04 SELECT SELECT id, name FROM inventory WHERE id = 854
2026-05-19 13:41:04 user_10 SELECT SELECT * FROM customers WHERE 1=1
2026-05-19 00:41:05 user_28 UPDATE UPDATE products SET stock = 0 WHERE last_updated < '2023-01-01'
2026-05-19 13:41:05 user_19 SELECT SELECT id, name FROM inventory WHERE id = 962
2026-05-19 13:41:05 user_09 UPDATE UPDATE id, name FROM orders WHERE id = 803
2026-05-19 13:41:05 user_03 SELECT SELECT ssn, name FROM hr_data LIMIT 200
2026-05-19 13:41:06 user_15 SELECT SELECT ssn, name FROM hr_data LIMIT 200
2026-05-19 13:41:06 user_11 INSERT INSERT id, name FROM orders WHERE id = 352
2026-05-19 13:41:06 user_14 UNKNOWN UNKNOWN id, name FROM employees WHERE id = 129
2026-05-19 13:41:06 user_11 DELETE DELETE id, name FROM orders WHERE id = 123
2026-05-19 13:41:08 user_26 SELECT SELECT id, name FROM inventory WHERE id = 368
2026-05-19 13:41:08 user_13 SELECT SELECT ssn, name FROM hr_data LIMIT 200
2026-05-19 13:41:08 user_16 SELECT SELECT * FROM finance WHERE 1=1
2026-05-19 13:41:08 user_14 DELETE DELETE id, name FROM products WHERE id = 101
2026-05-19 13:41:09 user_35 INSERT INSERT id, name FROM customers WHERE id = 477
2026-05-19 13:41:09 user_23 UNKNOWN UNKNOWN id, name FROM inventory WHERE id = 227
2026-05-19 13:41:09 user_11 DELETE DELETE id, name FROM customers WHERE id = 265
2026-05-19 13:41:09 user_09 DELETE DELETE id, name FROM inventory WHERE id = 863
2026-05-19 13:41:10 user_23 DELETE DELETE id, name FROM hr_data WHERE id = 194
2026-05-19 13:41:10 user_11 SELECT SELECT * FROM salary WHERE 1=1
2026-05-19 13:41:10 user_19 UPDATE UPDATE id, name FROM transactions WHERE id = 519
2026-05-19 13:41:11 user_04 SELECT SELECT * FROM customers WHERE 1=1
2026-05-19 13:41:13 user_08 DELETE DELETE id, name FROM customers WHERE id = 462
2026-05-19 13:41:13 user_27 SELECT SELECT * FROM finance WHERE 1=1
2026-05-19 13:41:13 user_34 SELECT SELECT * FROM customers WHERE 1=1
2026-05-19 13:41:13 user_01 INSERT INSERT id, name FROM customers WHERE id = 225
2026-05-19 13:41:13 user_20 SELECT SELECT id, name FROM hr_data WHERE id = 642
2026-05-19 13:41:15 user_08 SELECT SELECT ssn, name FROM hr_data LIMIT 200
2026-05-19 13:41:15 user_07 SELECT SELECT id, name FROM inventory WHERE id = 652
2026-05-19 13:41:16 user_20 SELECT SELECT id, name FROM customers WHERE id = 935
2026-05-19 13:41:16 user_40 UNKNOWN UNKNOWN id, name FROM transactions WHERE id = 549
2026-05-19 00:41:16 user_33 UPDATE UPDATE inventory SET stock = 0 WHERE last_updated < '2023-01-01'
2026-05-19 13:41:18 user_24 UPDATE UPDATE id, name FROM employees WHERE id = 521
2026-05-19 13:41:18 user_02 UPDATE UPDATE id, name FROM products WHERE id = 188
2026-05-19 13:41:18 user_23 DELETE DELETE id, name FROM transactions WHERE id = 710
2026-05-19 13:41:18 user_30 INSERT INSERT id, name FROM employees WHERE id = 599
2026-05-19 13:41:19 user_20 SELECT SELECT ssn, name FROM hr_data LIMIT 200
2026-05-19 13:41:19 user_05 DELETE DELETE id, name FROM salary WHERE id = 265
2026-05-19 13:41:19 user_31 SELECT SELECT id, name FROM salary WHERE id = 613
2026-05-19 13:41:19 user_26 DELETE DELETE id, name FROM transactions WHERE id = 723
2026-05-19 13:41:21 user_09 INSERT INSERT id, name FROM transactions WHERE id = 670
2026-05-19 13:41:21 user_07 INSERT INSERT id, name FROM orders WHERE id = 960
2026-05-19 13:41:22 user_39 SELECT SELECT id, name FROM inventory WHERE id = 482
2026-05-19 13:41:22 user_15 DELETE DELETE id, name FROM transactions WHERE id = 199
2026-05-19 13:41:23 user_09 UNKNOWN UNKNOWN id, name FROM salary WHERE id = 545
2026-05-19 13:41:23 user_17 SELECT SELECT * FROM finance WHERE 1=1
2026-05-19 13:41:23 user_12 UNKNOWN UNKNOWN id, name FROM employees WHERE id = 555
2026-05-19 13:41:23 user_15 SELECT SELECT * FROM customers WHERE 1=1
2026-05-19 13:41:24 user_34 SELECT SELECT id, name FROM salary WHERE id = 256
2026-05-19 13:41:24 user_09 INSERT INSERT id, name FROM products WHERE id = 842
2026-05-19 13:41:24 user_24 UNKNOWN UNKNOWN id, name FROM hr_data WHERE id = 158
2026-05-19 13:41:25 user_01 UNKNOWN UNKNOWN id, name FROM orders WHERE id = 784
2026-05-19 13:41:25 user_35 SELECT SELECT ssn, name FROM hr_data LIMIT 200
2026-05-19 13:41:25 user_25 UNKNOWN UNKNOWN id, name FROM finance WHERE id = 65
2026-05-19 22:41:25 user_13 UPDATE UPDATE inventory SET stock = 0 WHERE last_updated < '2023-01-01'
2026-05-19 13:41:25 user_01 SELECT SELECT id, name FROM inventory WHERE id = 803
2026-05-19 13:41:27 user_29 INSERT INSERT id, name FROM salary WHERE id = 909
2026-05-19 13:41:27 user_30 SELECT SELECT id, name FROM orders WHERE id = 282
2026-05-19 23:41:27 user_22 UPDATE UPDATE products SET stock = 0 WHERE last_updated < '2023-01-01'
2026-05-19 13:41:27 user_01 UNKNOWN UNKNOWN id, name FROM customers WHERE id = 713
2026-05-19 13:41:27 user_14 SELECT SELECT ssn, name FROM hr_data LIMIT 200
2026-05-19 13:41:28 user_37 UPDATE UPDATE id, name FROM customers WHERE id = 559
2026-05-19 00:41:28 user_28 UPDATE UPDATE orders SET stock = 0 WHERE last_updated < '2023-01-01'
2026-05-19 13:41:28 user_40 DELETE DELETE id, name FROM inventory WHERE id = 925
2026-05-19 13:41:30 user_06 INSERT INSERT id, name FROM customers WHERE id = 283
2026-05-19 13:41:30 user_02 DELETE DELETE id, name FROM salary WHERE id = 711
2026-05-19 13:41:30 user_21 UPDATE UPDATE id, name FROM products WHERE id = 963
2026-05-19 22:41:30 user_03 UPDATE UPDATE orders SET stock = 0 WHERE last_updated < '2023-01-01'
2026-05-19 13:41:32 user_20 UNKNOWN UNKNOWN id, name FROM customers WHERE id = 152
2026-05-19 01:41:32 user_14 UPDATE UPDATE inventory SET stock = 0 WHERE last_updated < '2023-01-01'
2026-05-19 13:41:33 user_39 SELECT SELECT ssn, name FROM hr_data LIMIT 200
2026-05-19 13:41:33 user_06 INSERT INSERT id, name FROM salary WHERE id = 558
2026-05-19 13:41:33 user_25 SELECT SELECT id, name FROM finance WHERE id = 65
2026-05-19 13:41:33 user_21 SELECT SELECT * FROM customers WHERE 1=1
2026-05-19 13:41:34 user_40 UPDATE UPDATE id, name FROM inventory WHERE id = 925
2026-05-19 13:41:34 user_16 SELECT SELECT id, name FROM inventory WHERE id = 755
2026-05-19 23:41:34 user_06 UPDATE UPDATE inventory SET stock = 0 WHERE last_updated < '2023-01-01'
2026-05-19 13:41:34 user_25 UPDATE UPDATE id, name FROM orders WHERE id = 43
2026-05-19 13:41:35 user_15 UPDATE UPDATE id, name FROM salary WHERE id = 589
2026-05-19 22:41:35 user_07 UPDATE UPDATE orders SET stock = 0 WHERE last_updated < '2023-01-01'
2026-05-19 23:41:35 user_02 UPDATE UPDATE inventory SET stock = 0 WHERE last_updated < '2023-01-01'
2026-05-19 13:41:35 user_18 SELECT SELECT * FROM finance WHERE 1=1
2026-05-19 13:41:36 user_22 SELECT SELECT id, name FROM products WHERE id = 237
2026-05-19 13:41:36 user_15 SELECT SELECT * FROM salary WHERE 1=1
2026-05-19 13:41:36 user_26 SELECT SELECT id, name FROM transactions WHERE id = 518
2026-05-19 22:41:36 user_31 UPDATE UPDATE orders SET stock = 0 WHERE last_updated < '2023-01-01'
2026-05-19 13:41:37 user_23 SELECT SELECT * FROM salary WHERE 1=1
2026-05-19 22:41:37 user_37 UPDATE UPDATE orders SET stock = 0 WHERE last_updated < '2023-01-01'
2026-05-19 00:41:37 user_32 UPDATE UPDATE products SET stock = 0 WHERE last_updated < '2023-01-01'
2026-05-19 13:41:37 user_01 DELETE DELETE id, name FROM salary WHERE id = 436
2026-05-19 13:41:38 user_09 UPDATE UPDATE id, name FROM products WHERE id = 901
2026-05-19 13:41:38 user_24 INSERT INSERT id, name FROM orders WHERE id = 792
2026-05-19 13:41:38 user_02 INSERT INSERT id, name FROM finance WHERE id = 14
2026-05-19 13:41:39 user_20 INSERT INSERT id, name FROM hr_data WHERE id = 114
2026-05-19 13:41:39 user_20 UPDATE UPDATE id, name FROM finance WHERE id = 107
2026-05-19 22:41:39 user_14 UPDATE UPDATE inventory SET stock = 0 WHERE last_updated < '2023-01-01'
2026-05-19 13:41:40 user_12 UPDATE UPDATE id, name FROM inventory WHERE id = 291
2026-05-19 13:41:40 user_32 SELECT SELECT id, name FROM finance WHERE id = 481
2026-05-19 13:41:40 user_37 SELECT SELECT id, name FROM salary WHERE id = 884
2026-05-19 13:41:41 user_29 SELECT SELECT id, name FROM hr_data WHERE id = 197
2026-05-19 13:41:41 user_26 SELECT SELECT * FROM salary WHERE 1=1
2026-05-19 13:41:41 user_18 UNKNOWN UNKNOWN id, name FROM transactions WHERE id = 444
2026-05-19 13:41:41 user_31 SELECT SELECT ssn, name FROM hr_data LIMIT 200
2026-05-19 13:41:42 user_28 SELECT SELECT id, name FROM customers WHERE id = 624
2026-05-19 23:41:42 user_40 UPDATE UPDATE inventory SET stock = 0 WHERE last_updated < '2023-01-01'
2026-05-19 13:41:42 user_31 UNKNOWN UNKNOWN id, name FROM customers WHERE id = 68
2026-05-19 23:41:42 user_21 UPDATE UPDATE products SET stock = 0 WHERE last_updated < '2023-01-01'
2026-05-19 13:41:42 user_02 INSERT INSERT id, name FROM finance WHERE id = 666
2026-05-19 13:41:42 user_16 INSERT INSERT id, name FROM transactions WHERE id = 58
2026-05-19 13:41:44 user_37 UPDATE UPDATE id, name FROM customers WHERE id = 489
2026-05-19 13:41:44 user_23 SELECT SELECT id, name FROM salary WHERE id = 895
2026-05-19 13:41:44 user_06 SELECT SELECT id, name FROM employees WHERE id = 707
2026-05-19 13:41:44 user_24 SELECT SELECT * FROM customers WHERE 1=1
2026-05-19 13:41:44 user_27 INSERT INSERT id, name FROM transactions WHERE id = 285
2026-05-19 23:41:45 user_38 UPDATE UPDATE orders SET stock = 0 WHERE last_updated < '2023-01-01'
2026-05-19 13:41:45 user_30 INSERT INSERT id, name FROM orders WHERE id = 121
2026-05-19 13:41:46 user_17 DELETE DELETE id, name FROM salary WHERE id = 380
2026-05-19 13:41:46 user_02 UNKNOWN UNKNOWN id, name FROM salary WHERE id = 831
2026-05-19 00:41:46 user_28 UPDATE UPDATE orders SET stock = 0 WHERE last_updated < '2023-01-01'
2026-05-19 13:41:47 user_25 SELECT SELECT id, name FROM hr_data WHERE id = 729
2026-05-19 13:41:47 user_06 UNKNOWN UNKNOWN id, name FROM transactions WHERE id = 806
2026-05-19 13:41:47 user_18 SELECT SELECT * FROM salary WHERE 1=1
2026-05-19 13:41:47 user_18 UPDATE UPDATE id, name FROM transactions WHERE id = 655
2026-05-19 13:41:48 user_34 SELECT SELECT id, name FROM orders WHERE id = 814
2026-05-19 13:41:50 user_32 SELECT SELECT * FROM salary WHERE 1=1
2026-05-19 13:41:50 user_05 SELECT SELECT * FROM salary WHERE 1=1
2026-05-19 13:41:50 user_38 INSERT INSERT id, name FROM inventory WHERE id = 734
2026-05-19 13:41:51 user_29 SELECT SELECT * FROM finance WHERE 1=1
2026-05-19 13:41:51 user_34 SELECT SELECT ssn, name FROM hr_data LIMIT 200
2026-05-19 23:41:51 user_25 UPDATE UPDATE products SET stock = 0 WHERE last_updated < '2023-01-01'
2026-05-19 13:41:51 user_30 INSERT INSERT id, name FROM transactions WHERE id = 982
2026-05-19 13:41:52 user_28 SELECT SELECT * FROM finance WHERE 1=1
2026-05-19 23:41:52 user_20 UPDATE UPDATE inventory SET stock = 0 WHERE last_updated < '2023-01-01'
2026-05-19 13:41:52 user_06 SELECT SELECT id, name FROM salary WHERE id = 805
2026-05-19 13:41:53 user_22 UNKNOWN UNKNOWN id, name FROM products WHERE id = 825
2026-05-19 00:41:53 user_32 UPDATE UPDATE orders SET stock = 0 WHERE last_updated < '2023-01-01'
2026-05-19 13:41:54 user_26 DELETE DELETE id, name FROM finance WHERE id = 109
2026-05-19 00:41:54 user_06 UPDATE UPDATE products SET stock = 0 WHERE last_updated < '2023-01-01'
2026-05-19 13:41:54 user_20 UNKNOWN UNKNOWN id, name FROM products WHERE id = 69
2026-05-19 13:41:56 user_35 DELETE DELETE id, name FROM inventory WHERE id = 752
2026-05-19 13:41:56 user_31 SELECT SELECT id, name FROM employees WHERE id = 965
2026-05-19 13:41:56 user_09 DELETE DELETE id, name FROM transactions WHERE id = 102
2026-05-19 13:41:56 user_13 SELECT SELECT * FROM customers WHERE 1=1
2026-05-19 13:41:56 user_28 SELECT SELECT id, name FROM customers WHERE id = 680
2026-05-19 13:41:56 user_11 SELECT SELECT id, name FROM finance WHERE id = 197
2026-05-19 13:41:58 user_32 UNKNOWN UNKNOWN id, name FROM products WHERE id = 137
2026-05-19 13:42:00 user_37 UPDATE UPDATE id, name FROM transactions WHERE id = 494
2026-05-19 13:42:01 user_16 INSERT INSERT id, name FROM hr_data WHERE id = 469
2026-05-19 13:42:01 user_33 SELECT SELECT * FROM finance WHERE 1=1
2026-05-19 13:42:02 user_36 UPDATE UPDATE id, name FROM hr_data WHERE id = 512
2026-05-19 23:42:02 user_31 UPDATE UPDATE inventory SET stock = 0 WHERE last_updated < '2023-01-01'
2026-05-19 13:42:03 user_30 SELECT SELECT id, name FROM products WHERE id = 309
2026-05-19 13:42:03 user_32 UNKNOWN UNKNOWN id, name FROM salary WHERE id = 549
2026-05-19 13:42:03 user_11 SELECT SELECT * FROM finance WHERE 1=1
2026-05-19 13:42:04 user_08 SELECT SELECT id, name FROM finance WHERE id = 224
2026-05-19 13:42:04 user_05 SELECT SELECT id, name FROM orders WHERE id = 50
2026-05-19 13:42:04 user_08 UPDATE UPDATE id, name FROM customers WHERE id = 793
2026-05-19 13:42:05 user_27 SELECT SELECT ssn, name FROM hr_data LIMIT 200
2026-05-19 13:42:07 user_22 UPDATE UPDATE id, name FROM transactions WHERE id = 493
2026-05-19 13:42:07 user_18 SELECT SELECT * FROM finance WHERE 1=1
2026-05-19 13:42:07 user_22 DELETE DELETE id, name FROM employees WHERE id = 559
2026-05-19 13:42:09 user_36 UNKNOWN UNKNOWN id, name FROM employees WHERE id = 370
2026-05-19 00:42:09 user_30 UPDATE UPDATE products SET stock = 0 WHERE last_updated < '2023-01-01'
2026-05-19 01:42:09 user_07 UPDATE UPDATE orders SET stock = 0 WHERE last_updated < '2023-01-01'
2026-05-19 13:42:09 user_04 SELECT SELECT id, name FROM salary WHERE id = 447
2026-05-19 13:42:10 user_20 DELETE DELETE id, name FROM products WHERE id = 255
2026-05-19 13:42:10 user_36 UNKNOWN UNKNOWN id, name FROM orders WHERE id = 10
2026-05-19 13:42:10 user_09 SELECT SELECT id, name FROM salary WHERE id = 18
2026-05-19 13:42:10 user_35 UNKNOWN UNKNOWN id, name FROM hr_data WHERE id = 779
2026-05-19 13:42:12 user_14 SELECT SELECT id, name FROM products WHERE id = 488
2026-05-19 13:42:13 user_15 INSERT INSERT id, name FROM inventory WHERE id = 896
2026-05-19 13:42:14 user_33 UPDATE UPDATE id, name FROM customers WHERE id = 60
2026-05-19 13:42:14 user_19 SELECT SELECT id, name FROM products WHERE id = 979
2026-05-19 13:42:15 user_22 SELECT SELECT id, name FROM employees WHERE id = 870
2026-05-19 13:42:16 user_30 SELECT SELECT id, name FROM products WHERE id = 97
2026-05-19 13:42:16 user_15 UNKNOWN UNKNOWN id, name FROM products WHERE id = 6
2026-05-19 13:42:16 user_30 SELECT SELECT id, name FROM orders WHERE id = 37
2026-05-19 23:42:17 user_32 UPDATE UPDATE orders SET stock = 0 WHERE last_updated < '2023-01-01'
2026-05-19 13:42:18 user_16 DELETE DELETE id, name FROM products WHERE id = 548
2026-05-19 13:42:18 user_01 SELECT SELECT id, name FROM transactions WHERE id = 136
2026-05-19 13:42:18 user_30 UPDATE UPDATE id, name FROM salary WHERE id = 287
2026-05-19 13:42:18 user_07 UNKNOWN UNKNOWN id, name FROM salary WHERE id = 210
2026-05-19 13:42:18 user_15 UNKNOWN UNKNOWN id, name FROM employees WHERE id = 967
2026-05-19 22:42:19 user_01 UPDATE UPDATE orders SET stock = 0 WHERE last_updated < '2023-01-01'
2026-05-19 13:42:19 user_04 INSERT INSERT id, name FROM orders WHERE id = 834
2026-05-19 13:42:19 user_19 DELETE DELETE id, name FROM customers WHERE id = 230
2026-05-19 13:42:19 user_26 SELECT SELECT ssn, name FROM hr_data LIMIT 200
2026-05-19 22:42:19 user_32 UPDATE UPDATE orders SET stock = 0 WHERE last_updated < '2023-01-01'
2026-05-19 13:42:20 user_17 SELECT SELECT * FROM salary WHERE 1=1
2026-05-19 01:42:20 user_06 UPDATE UPDATE inventory SET stock = 0 WHERE last_updated < '2023-01-01'
2026-05-19 00:42:20 user_40 UPDATE UPDATE orders SET stock = 0 WHERE last_updated < '2023-01-01'
2026-05-19 13:42:20 user_04 SELECT SELECT * FROM salary WHERE 1=1
2026-05-19 23:42:20 user_05 UPDATE UPDATE products SET stock = 0 WHERE last_updated < '2023-01-01'
2026-05-19 13:42:21 user_02 SELECT SELECT * FROM finance WHERE 1=1
2026-05-19 13:42:21 user_36 UPDATE UPDATE id, name FROM salary WHERE id = 417
2026-05-19 13:42:21 user_40 UNKNOWN UNKNOWN id, name FROM transactions WHERE id = 20
2026-05-19 13:42:21 user_40 SELECT SELECT * FROM finance WHERE 1=1
2026-05-19 13:42:23 user_26 DELETE DELETE id, name FROM inventory WHERE id = 10
2026-05-19 01:42:23 user_34 UPDATE UPDATE inventory SET stock = 0 WHERE last_updated < '2023-01-01'
2026-05-19 13:42:23 user_27 INSERT INSERT id, name FROM hr_data WHERE id = 756
2026-05-19 13:42:25 user_20 UPDATE UPDATE id, name FROM customers WHERE id = 364
2026-05-19 13:42:25 user_05 UNKNOWN UNKNOWN id, name FROM salary WHERE id = 148
2026-05-19 13:42:25 user_30 UPDATE UPDATE id, name FROM orders WHERE id = 320
2026-05-19 13:42:25 user_02 SELECT SELECT * FROM finance WHERE 1=1
2026-05-19 13:42:26 user_04 INSERT INSERT id, name FROM employees WHERE id = 269
2026-05-19 13:42:28 user_17 UNKNOWN UNKNOWN id, name FROM transactions WHERE id = 978
2026-05-19 13:42:28 user_39 SELECT SELECT id, name FROM hr_data WHERE id = 791
2026-05-19 13:42:28 user_36 DELETE DELETE id, name FROM products WHERE id = 141
2026-05-19 13:42:28 user_38 SELECT SELECT id, name FROM transactions WHERE id = 8
2026-05-19 13:42:28 user_10 INSERT INSERT id, name FROM transactions WHERE id = 751
2026-05-19 13:42:28 user_10 SELECT SELECT * FROM customers WHERE 1=1
2026-05-19 13:42:28 user_32 UPDATE UPDATE id, name FROM products WHERE id = 123
2026-05-19 13:42:28 user_27 SELECT SELECT * FROM finance WHERE 1=1
2026-05-19 13:42:29 user_33 UPDATE UPDATE id, name FROM products WHERE id = 211
2026-05-19 13:42:31 user_11 INSERT INSERT id, name FROM salary WHERE id = 941
2026-05-19 13:42:31 user_37 INSERT INSERT id, name FROM transactions WHERE id = 511
2026-05-19 13:42:31 user_15 UNKNOWN UNKNOWN id, name FROM inventory WHERE id = 383
2026-05-19 13:42:31 user_27 SELECT SELECT ssn, name FROM hr_data LIMIT 200
2026-05-19 13:42:31 user_13 DELETE DELETE id, name FROM orders WHERE id = 722
2026-05-19 13:42:32 user_31 SELECT SELECT * FROM customers WHERE 1=1
2026-05-19 13:42:32 user_21 DELETE DELETE id, name FROM customers WHERE id = 910
2026-05-19 13:42:32 user_06 SELECT SELECT ssn, name FROM hr_data LIMIT 200
2026-05-19 13:42:32 user_20 SELECT SELECT id, name FROM customers WHERE id = 933
2026-05-19 13:42:33 user_21 SELECT SELECT * FROM salary WHERE 1=1
2026-05-19 13:42:33 user_11 INSERT INSERT id, name FROM hr_data WHERE id = 292
2026-05-19 13:42:34 user_23 UNKNOWN UNKNOWN id, name FROM inventory WHERE id = 7
2026-05-19 13:42:34 user_16 UNKNOWN UNKNOWN id, name FROM transactions WHERE id = 686
2026-05-19 13:42:34 user_02 SELECT SELECT ssn, name FROM hr_data LIMIT 200
2026-05-19 13:42:34 user_10 DELETE DELETE id, name FROM products WHERE id = 213
2026-05-19 13:42:36 user_19 UPDATE UPDATE id, name FROM orders WHERE id = 129
2026-05-19 13:42:36 user_33 DELETE DELETE id, name FROM orders WHERE id = 671
2026-05-19 13:42:36 user_17 INSERT INSERT id, name FROM finance WHERE id = 181
2026-05-19 13:42:36 user_14 SELECT SELECT * FROM finance WHERE 1=1
2026-05-19 13:42:37 user_08 DELETE DELETE id, name FROM hr_data WHERE id = 483
2026-05-19 13:42:37 user_16 SELECT SELECT id, name FROM salary WHERE id = 184
2026-05-19 13:42:37 user_01 UPDATE UPDATE id, name FROM hr_data WHERE id = 495
2026-05-19 22:42:37 user_31 UPDATE UPDATE inventory SET stock = 0 WHERE last_updated < '2023-01-01'
2026-05-19 13:42:37 user_19 UNKNOWN UNKNOWN id, name FROM products WHERE id = 140
2026-05-19 13:42:38 user_07 UPDATE UPDATE id, name FROM orders WHERE id = 772
2026-05-19 13:42:38 user_36 SELECT SELECT ssn, name FROM hr_data LIMIT 200
2026-05-19 13:42:38 user_20 UNKNOWN UNKNOWN id, name FROM finance WHERE id = 23
2026-05-19 13:42:38 user_23 SELECT SELECT * FROM salary WHERE 1=1
2026-05-19 13:42:40 user_32 SELECT SELECT ssn, name FROM hr_data LIMIT 200
2026-05-19 01:42:41 user_35 UPDATE UPDATE inventory SET stock = 0 WHERE last_updated < '2023-01-01'
2026-05-19 23:42:41 user_14 UPDATE UPDATE inventory SET stock = 0 WHERE last_updated < '2023-01-01'
2026-05-19 22:42:41 user_29 UPDATE UPDATE inventory SET stock = 0 WHERE last_updated < '2023-01-01'
2026-05-19 13:42:43 user_18 UPDATE UPDATE id, name FROM salary WHERE id = 98
2026-05-19 13:42:43 user_07 UPDATE UPDATE id, name FROM products WHERE id = 961
2026-05-19 13:42:43 user_38 DELETE DELETE id, name FROM products WHERE id = 664
2026-05-19 13:42:44 user_17 SELECT SELECT ssn, name FROM hr_data LIMIT 200
2026-05-19 13:42:44 user_07 SELECT SELECT ssn, name FROM hr_data LIMIT 200
2026-05-19 13:42:44 user_24 INSERT INSERT id, name FROM employees WHERE id = 375
2026-05-19 13:42:46 user_31 SELECT SELECT id, name FROM products WHERE id = 641
2026-05-19 13:42:46 user_01 UPDATE UPDATE id, name FROM inventory WHERE id = 75
2026-05-19 13:42:46 user_12 SELECT SELECT ssn, name FROM hr_data LIMIT 200
2026-05-19 13:42:46 user_01 SELECT SELECT * FROM customers WHERE 1=1
2026-05-19 13:42:46 user_02 SELECT SELECT id, name FROM orders WHERE id = 666
2026-05-19 23:42:48 user_12 UPDATE UPDATE orders SET stock = 0 WHERE last_updated < '2023-01-01'
2026-05-19 13:42:48 user_17 SELECT SELECT id, name FROM customers WHERE id = 170
2026-05-19 23:42:48 user_11 UPDATE UPDATE orders SET stock = 0 WHERE last_updated < '2023-01-01'
2026-05-19 13:42:48 user_13 UNKNOWN UNKNOWN id, name FROM orders WHERE id = 838
2026-05-19 13:42:49 user_05 UNKNOWN UNKNOWN id, name FROM finance WHERE id = 787
2026-05-19 22:42:51 user_32 UPDATE UPDATE inventory SET stock = 0 WHERE last_updated < '2023-01-01'
2026-05-19 22:42:51 user_25 UPDATE UPDATE orders SET stock = 0 WHERE last_updated < '2023-01-01'
2026-05-19 13:42:51 user_05 INSERT INSERT id, name FROM customers WHERE id = 21
2026-05-19 13:42:51 user_28 SELECT SELECT ssn, name FROM hr_data LIMIT 200
2026-05-19 22:42:51 user_35 UPDATE UPDATE inventory SET stock = 0 WHERE last_updated < '2023-01-01'
2026-05-19 13:42:52 user_05 UNKNOWN UNKNOWN id, name FROM finance WHERE id = 906
2026-05-19 13:42:52 user_34 SELECT SELECT id, name FROM hr_data WHERE id = 543
2026-05-19 23:42:54 user_24 UPDATE UPDATE products SET stock = 0 WHERE last_updated < '2023-01-01'
2026-05-19 13:42:56 user_13 UNKNOWN UNKNOWN id, name FROM transactions WHERE id = 827
2026-05-19 13:42:58 user_10 DELETE DELETE id, name FROM inventory WHERE id = 26
2026-05-19 13:42:58 user_35 SELECT SELECT * FROM salary WHERE 1=1
2026-05-19 13:42:58 user_24 DELETE DELETE id, name FROM customers WHERE id = 904
2026-05-19 13:42:58 user_04 UNKNOWN UNKNOWN id, name FROM transactions WHERE id = 529
2026-05-19 13:42:58 user_28 SELECT SELECT id, name FROM inventory WHERE id = 45
2026-05-19 13:42:59 user_10 SELECT SELECT ssn, name FROM hr_data LIMIT 200
2026-05-19 13:43:00 user_18 UPDATE UPDATE id, name FROM customers WHERE id = 944
2026-05-19 23:43:01 user_22 UPDATE UPDATE inventory SET stock = 0 WHERE last_updated < '2023-01-01'
2026-05-19 13:43:03 user_08 UPDATE UPDATE id, name FROM hr_data WHERE id = 928
2026-05-19 13:43:03 user_03 UPDATE UPDATE id, name FROM employees WHERE id = 571
2026-05-19 13:43:03 user_38 SELECT SELECT ssn, name FROM hr_data LIMIT 200
2026-05-19 13:43:03 user_38 UPDATE UPDATE id, name FROM orders WHERE id = 307
2026-05-19 13:43:04 user_18 INSERT INSERT id, name FROM transactions WHERE id = 786
2026-05-19 13:43:04 user_32 INSERT INSERT id, name FROM employees WHERE id = 577
2026-05-19 13:43:04 user_23 UPDATE UPDATE id, name FROM finance WHERE id = 270
2026-05-19 13:43:05 user_24 UNKNOWN UNKNOWN id, name FROM salary WHERE id = 281
2026-05-19 13:43:05 user_01 DELETE DELETE id, name FROM orders WHERE id = 309
2026-05-19 13:43:05 user_40 SELECT SELECT id, name FROM salary WHERE id = 797
2026-05-19 13:43:06 user_10 UPDATE UPDATE id, name FROM salary WHERE id = 882
2026-05-19 13:43:06 user_30 DELETE DELETE id, name FROM hr_data WHERE id = 789
2026-05-19 13:43:06 user_22 UNKNOWN UNKNOWN id, name FROM employees WHERE id = 949
2026-05-19 13:43:06 user_11 SELECT SELECT ssn, name FROM hr_data LIMIT 200
2026-05-19 13:43:08 user_09 SELECT SELECT * FROM finance WHERE 1=1
2026-05-19 13:43:08 user_34 SELECT SELECT ssn, name FROM hr_data LIMIT 200
2026-05-19 13:43:08 user_23 SELECT SELECT id, name FROM hr_data WHERE id = 845
2026-05-19 13:43:08 user_30 INSERT INSERT id, name FROM finance WHERE id = 168
2026-05-19 13:43:09 user_15 INSERT INSERT id, name FROM inventory WHERE id = 660
2026-05-19 13:43:09 user_15 SELECT SELECT * FROM customers WHERE 1=1
2026-05-19 13:43:09 user_22 SELECT SELECT ssn, name FROM hr_data LIMIT 200
2026-05-19 01:43:09 user_03 UPDATE UPDATE orders SET stock = 0 WHERE last_updated < '2023-01-01'
2026-05-19 13:43:09 user_15 SELECT SELECT * FROM customers WHERE 1=1
2026-05-19 13:43:11 user_35 UPDATE UPDATE id, name FROM finance WHERE id = 775
2026-05-19 13:43:11 user_12 SELECT SELECT id, name FROM inventory WHERE id = 309
2026-05-19 13:43:11 user_24 DELETE DELETE id, name FROM products WHERE id = 933
2026-05-19 13:43:11 user_27 INSERT INSERT id, name FROM hr_data WHERE id = 973
2026-05-19 13:43:12 user_11 DELETE DELETE id, name FROM inventory WHERE id = 597
2026-05-19 13:43:13 user_04 UPDATE UPDATE id, name FROM customers WHERE id = 775
2026-05-19 13:43:13 user_17 INSERT INSERT id, name FROM orders WHERE id = 427
2026-05-19 13:43:15 user_18 SELECT SELECT ssn, name FROM hr_data LIMIT 200
2026-05-19 13:43:15 user_13 SELECT SELECT id, name FROM products WHERE id = 641
2026-05-19 13:43:15 user_20 INSERT INSERT id, name FROM hr_data WHERE id = 913
2026-05-19 13:43:16 user_13 UNKNOWN UNKNOWN id, name FROM products WHERE id = 55
2026-05-19 13:43:17 user_08 UNKNOWN UNKNOWN id, name FROM orders WHERE id = 506
2026-05-19 13:43:17 user_32 UNKNOWN UNKNOWN id, name FROM hr_data WHERE id = 549
2026-05-19 13:43:19 user_37 UNKNOWN UNKNOWN id, name FROM finance WHERE id = 826
2026-05-19 13:43:20 user_34 SELECT SELECT * FROM finance WHERE 1=1
2026-05-19 13:43:22 user_17 SELECT SELECT ssn, name FROM hr_data LIMIT 200
2026-05-19 13:43:22 user_28 DELETE DELETE id, name FROM products WHERE id = 436
2026-05-19 23:43:22 user_10 UPDATE UPDATE orders SET stock = 0 WHERE last_updated < '2023-01-01'
2026-05-19 13:43:22 user_16 INSERT INSERT id, name FROM salary WHERE id = 853
2026-05-19 13:43:22 user_06 INSERT INSERT id, name FROM products WHERE id = 332
2026-05-19 13:43:22 user_25 INSERT INSERT id, name FROM hr_data WHERE id = 721
2026-05-19 01:43:23 user_38 UPDATE UPDATE products SET stock = 0 WHERE last_updated < '2023-01-01'
2026-05-19 13:43:23 user_07 INSERT INSERT id, name FROM products WHERE id = 286
2026-05-19 13:43:23 user_31 INSERT INSERT id, name FROM transactions WHERE id = 96
2026-05-19 13:43:23 user_05 SELECT SELECT ssn, name FROM hr_data LIMIT 200
2026-05-19 00:43:25 user_26 UPDATE UPDATE products SET stock = 0 WHERE last_updated < '2023-01-01'
2026-05-19 22:43:25 user_12 UPDATE UPDATE products SET stock = 0 WHERE last_updated < '2023-01-01'
2026-05-19 23:43:25 user_20 UPDATE UPDATE inventory SET stock = 0 WHERE last_updated < '2023-01-01'
2026-05-19 13:43:25 user_28 SELECT SELECT ssn, name FROM hr_data LIMIT 200
2026-05-19 13:43:26 user_25 UPDATE UPDATE id, name FROM employees WHERE id = 404
2026-05-19 13:43:27 user_10 DELETE DELETE id, name FROM orders WHERE id = 283
2026-05-19 13:43:27 user_06 SELECT SELECT ssn, name FROM hr_data LIMIT 200
2026-05-19 13:43:27 user_28 UPDATE UPDATE id, name FROM hr_data WHERE id = 209
2026-05-19 13:43:28 user_08 UPDATE UPDATE id, name FROM customers WHERE id = 739
2026-05-19 13:43:28 user_18 UPDATE UPDATE id, name FROM hr_data WHERE id = 37
2026-05-19 13:43:30 user_37 SELECT SELECT id, name FROM salary WHERE id = 437
2026-05-19 13:43:30 user_12 SELECT SELECT ssn, name FROM hr_data LIMIT 200
2026-05-19 13:43:30 user_31 SELECT SELECT ssn, name FROM hr_data LIMIT 200
2026-05-19 13:43:31 user_05 SELECT SELECT id, name FROM customers WHERE id = 4
2026-05-19 13:43:32 user_09 SELECT SELECT * FROM salary WHERE 1=1
2026-05-19 22:43:32 user_18 UPDATE UPDATE inventory SET stock = 0 WHERE last_updated < '2023-01-01'
2026-05-19 13:43:32 user_20 INSERT INSERT id, name FROM transactions WHERE id = 557
2026-05-19 00:43:32 user_18 UPDATE UPDATE orders SET stock = 0 WHERE last_updated < '2023-01-01'
2026-05-19 13:43:33 user_38 DELETE DELETE id, name FROM employees WHERE id = 741
2026-05-19 13:43:33 user_19 SELECT SELECT ssn, name FROM hr_data LIMIT 200
2026-05-19 13:43:33 user_22 UPDATE UPDATE id, name FROM inventory WHERE id = 339
2026-05-19 23:43:33 user_19 UPDATE UPDATE products SET stock = 0 WHERE last_updated < '2023-01-01'
2026-05-19 13:43:34 user_17 UPDATE UPDATE id, name FROM products WHERE id = 552
2026-05-19 13:43:34 user_06 UPDATE UPDATE id, name FROM salary WHERE id = 773
2026-05-19 22:43:35 user_08 UPDATE UPDATE products SET stock = 0 WHERE last_updated < '2023-01-01'
2026-05-19 13:43:35 user_36 SELECT SELECT id, name FROM orders WHERE id = 549
2026-05-19 13:43:36 user_29 DELETE DELETE id, name FROM products WHERE id = 497
2026-05-19 13:43:36 user_01 UPDATE UPDATE id, name FROM employees WHERE id = 851
2026-05-19 00:43:37 user_24 UPDATE UPDATE inventory SET stock = 0 WHERE last_updated < '2023-01-01'
2026-05-19 00:43:37 user_33 UPDATE UPDATE inventory SET stock = 0 WHERE last_updated < '2023-01-01'
2026-05-19 13:43:37 user_35 SELECT SELECT * FROM customers WHERE 1=1
2026-05-19 13:43:37 user_26 UPDATE UPDATE id, name FROM orders WHERE id = 557
2026-05-19 23:43:39 user_04 UPDATE UPDATE products SET stock = 0 WHERE last_updated < '2023-01-01'
2026-05-19 13:43:39 user_35 DELETE DELETE id, name FROM finance WHERE id = 313
2026-05-19 13:43:39 user_33 INSERT INSERT id, name FROM inventory WHERE id = 500
2026-05-19 13:43:39 user_26 INSERT INSERT id, name FROM finance WHERE id = 253
2026-05-19 23:43:40 user_12 UPDATE UPDATE products SET stock = 0 WHERE last_updated < '2023-01-01'
2026-05-19 22:43:40 user_02 UPDATE UPDATE products SET stock = 0 WHERE last_updated < '2023-01-01'
2026-05-19 13:43:40 user_07 INSERT INSERT id, name FROM inventory WHERE id = 943
2026-05-19 23:43:41 user_18 UPDATE UPDATE orders SET stock = 0 WHERE last_updated < '2023-01-01'
2026-05-19 13:43:41 user_06 SELECT SELECT id, name FROM customers WHERE id = 897
2026-05-19 13:43:41 user_11 UPDATE UPDATE id, name FROM products WHERE id = 452
2026-05-19 13:43:42 user_04 SELECT SELECT ssn, name FROM hr_data LIMIT 200
2026-05-19 13:43:42 user_26 INSERT INSERT id, name FROM employees WHERE id = 297
2026-05-19 00:43:42 user_20 UPDATE UPDATE orders SET stock = 0 WHERE last_updated < '2023-01-01'
2026-05-19 13:43:42 user_09 SELECT SELECT ssn, name FROM hr_data LIMIT 200
2026-05-19 13:43:42 user_18 SELECT SELECT id, name FROM transactions WHERE id = 205
2026-05-19 13:43:42 user_24 DELETE DELETE id, name FROM hr_data WHERE id = 151
2026-05-19 13:43:42 user_31 INSERT INSERT id, name FROM salary WHERE id = 778
2026-05-19 13:43:42 user_06 UPDATE UPDATE id, name FROM products WHERE id = 99
2026-05-19 22:43:42 user_34 UPDATE UPDATE orders SET stock = 0 WHERE last_updated < '2023-01-01'
2026-05-19 13:43:43 user_01 UNKNOWN UNKNOWN id, name FROM transactions WHERE id = 174
2026-05-19 13:43:43 user_38 UNKNOWN UNKNOWN id, name FROM salary WHERE id = 845
2026-05-19 13:43:43 user_20 SELECT SELECT ssn, name FROM hr_data LIMIT 200
2026-05-19 13:43:45 user_21 UNKNOWN UNKNOWN id, name FROM salary WHERE id = 509
2026-05-19 13:43:45 user_24 SELECT SELECT id, name FROM salary WHERE id = 689
2026-05-19 13:43:45 user_36 SELECT SELECT id, name FROM salary WHERE id = 680
2026-05-19 13:43:46 user_13 INSERT INSERT id, name FROM orders WHERE id = 395
2026-05-19 13:43:46 user_14 INSERT INSERT id, name FROM products WHERE id = 959
2026-05-19 13:43:46 user_12 SELECT SELECT * FROM salary WHERE 1=1
2026-05-19 13:43:46 user_05 UPDATE UPDATE id, name FROM salary WHERE id = 292
2026-05-19 13:43:47 user_03 INSERT INSERT id, name FROM transactions WHERE id = 860
2026-05-19 13:43:48 user_39 INSERT INSERT id, name FROM employees WHERE id = 533
2026-05-19 13:43:48 user_08 SELECT SELECT id, name FROM salary WHERE id = 858
2026-05-19 13:43:48 user_39 UNKNOWN UNKNOWN id, name FROM hr_data WHERE id = 111
2026-05-19 13:43:48 user_10 UPDATE UPDATE id, name FROM hr_data WHERE id = 240
2026-05-19 13:43:48 user_05 UNKNOWN UNKNOWN id, name FROM inventory WHERE id = 188
2026-05-19 23:43:50 user_10 UPDATE UPDATE products SET stock = 0 WHERE last_updated < '2023-01-01'
2026-05-19 13:43:50 user_24 UNKNOWN UNKNOWN id, name FROM salary WHERE id = 863
2026-05-19 13:43:50 user_34 SELECT SELECT ssn, name FROM hr_data LIMIT 200
2026-05-19 00:43:50 user_18 UPDATE UPDATE products SET stock = 0 WHERE last_updated < '2023-01-01'
2026-05-19 00:43:51 user_30 UPDATE UPDATE inventory SET stock = 0 WHERE last_updated < '2023-01-01'
2026-05-19 13:43:51 user_02 INSERT INSERT id, name FROM finance WHERE id = 425
2026-05-19 13:43:51 user_14 UNKNOWN UNKNOWN id, name FROM salary WHERE id = 808
2026-05-19 13:43:52 user_18 UPDATE UPDATE id, name FROM hr_data WHERE id = 163
2026-05-19 13:43:53 user_23 SELECT SELECT id, name FROM inventory WHERE id = 357
2026-05-19 13:43:54 user_28 UPDATE UPDATE id, name FROM employees WHERE id = 958
2026-05-19 22:43:54 user_31 UPDATE UPDATE inventory SET stock = 0 WHERE last_updated < '2023-01-01'
2026-05-19 00:43:55 user_02 UPDATE UPDATE inventory SET stock = 0 WHERE last_updated < '2023-01-01'
2026-05-19 13:43:55 user_23 UPDATE UPDATE id, name FROM hr_data WHERE id = 644
2026-05-19 13:43:55 user_27 UPDATE UPDATE id, name FROM finance WHERE id = 489
2026-05-19 13:43:56 user_36 INSERT INSERT id, name FROM hr_data WHERE id = 405
2026-05-19 13:43:56 user_26 SELECT SELECT ssn, name FROM hr_data LIMIT 200
2026-05-19 13:43:58 user_10 SELECT SELECT * FROM customers WHERE 1=1
2026-05-19 13:43:58 user_07 SELECT SELECT id, name FROM employees WHERE id = 286
2026-05-19 13:44:00 user_33 SELECT SELECT * FROM customers WHERE 1=1
2026-05-19 22:44:00 user_15 UPDATE UPDATE inventory SET stock = 0 WHERE last_updated < '2023-01-01'
2026-05-19 23:44:00 user_32 UPDATE UPDATE inventory SET stock = 0 WHERE last_updated < '2023-01-01'
2026-05-19 01:44:00 user_25 UPDATE UPDATE inventory SET stock = 0 WHERE last_updated < '2023-01-01'
2026-05-19 00:44:00 user_27 UPDATE UPDATE orders SET stock = 0 WHERE last_updated < '2023-01-01'
2026-05-19 13:44:02 user_27 UNKNOWN UNKNOWN id, name FROM hr_data WHERE id = 245
2026-05-19 13:44:02 user_33 SELECT SELECT id, name FROM finance WHERE id = 94
2026-05-19 13:44:02 user_40 SELECT SELECT ssn, name FROM hr_data LIMIT 200
2026-05-19 13:44:02 user_36 UNKNOWN UNKNOWN id, name FROM products WHERE id = 62
2026-05-19 13:44:04 user_09 UPDATE UPDATE id, name FROM finance WHERE id = 83
2026-05-19 13:44:04 user_14 UPDATE UPDATE id, name FROM inventory WHERE id = 191
2026-05-19 13:44:04 user_05 SELECT SELECT * FROM finance WHERE 1=1
2026-05-19 13:44:04 user_03 INSERT INSERT id, name FROM salary WHERE id = 853
2026-05-19 13:44:04 user_18 UPDATE UPDATE id, name FROM customers WHERE id = 418
2026-05-19 13:44:04 user_08 DELETE DELETE id, name FROM orders WHERE id = 44
2026-05-19 13:44:04 user_01 UPDATE UPDATE id, name FROM employees WHERE id = 520
2026-05-19 13:44:04 user_11 UNKNOWN UNKNOWN id, name FROM orders WHERE id = 136
2026-05-19 13:44:05 user_12 SELECT SELECT id, name FROM finance WHERE id = 663
2026-05-19 13:44:05 user_25 DELETE DELETE id, name FROM finance WHERE id = 135
2026-05-19 13:44:05 user_06 SELECT SELECT ssn, name FROM hr_data LIMIT 200
2026-05-19 13:44:05 user_04 SELECT SELECT * FROM customers WHERE 1=1
2026-05-19 13:44:05 user_08 UNKNOWN UNKNOWN id, name FROM employees WHERE id = 907
2026-05-19 13:44:06 user_18 UPDATE UPDATE id, name FROM orders WHERE id = 54
2026-05-19 13:44:06 user_30 SELECT SELECT ssn, name FROM hr_data LIMIT 200
2026-05-19 23:44:06 user_24 UPDATE UPDATE inventory SET stock = 0 WHERE last_updated < '2023-01-01'
2026-05-19 13:44:07 user_14 SELECT SELECT * FROM salary WHERE 1=1
2026-05-19 13:44:07 user_06 UNKNOWN UNKNOWN id, name FROM inventory WHERE id = 599
2026-05-19 00:44:07 user_40 UPDATE UPDATE inventory SET stock = 0 WHERE last_updated < '2023-01-01'
2026-05-19 13:44:07 user_39 UPDATE UPDATE id, name FROM finance WHERE id = 360
2026-05-19 13:44:07 user_29 UPDATE UPDATE id, name FROM customers WHERE id = 318
2026-05-19 23:44:09 user_39 UPDATE UPDATE orders SET stock = 0 WHERE last_updated < '2023-01-01'
2026-05-19 13:44:09 user_26 SELECT SELECT * FROM customers WHERE 1=1
2026-05-19 13:44:10 user_20 SELECT SELECT * FROM salary WHERE 1=1
2026-05-19 13:44:10 user_38 DELETE DELETE id, name FROM products WHERE id = 519
2026-05-19 13:44:10 user_11 INSERT INSERT id, name FROM orders WHERE id = 796
2026-05-19 13:44:10 user_34 SELECT SELECT ssn, name FROM hr_data LIMIT 200
2026-05-19 13:44:11 user_35 SELECT SELECT ssn, name FROM hr_data LIMIT 200
2026-05-19 13:44:11 user_12 UNKNOWN UNKNOWN id, name FROM finance WHERE id = 543
2026-05-19 13:44:12 user_21 DELETE DELETE id, name FROM products WHERE id = 223
2026-05-19 13:44:12 user_03 DELETE DELETE id, name FROM customers WHERE id = 945
2026-05-19 13:44:12 user_12 SELECT SELECT ssn, name FROM hr_data LIMIT 200
2026-05-19 13:44:13 user_39 SELECT SELECT ssn, name FROM hr_data LIMIT 200
2026-05-19 13:44:14 user_21 SELECT SELECT id, name FROM inventory WHERE id = 492
2026-05-19 13:44:14 user_39 INSERT INSERT id, name FROM employees WHERE id = 398
2026-05-19 13:44:16 user_11 DELETE DELETE id, name FROM customers WHERE id = 75
2026-05-19 13:44:16 user_05 INSERT INSERT id, name FROM salary WHERE id = 350
2026-05-19 13:44:17 user_02 SELECT SELECT ssn, name FROM hr_data LIMIT 200
2026-05-19 13:44:17 user_10 SELECT SELECT id, name FROM inventory WHERE id = 957
2026-05-19 22:44:17 user_13 UPDATE UPDATE orders SET stock = 0 WHERE last_updated < '2023-01-01'
2026-05-19 13:44:17 user_40 SELECT SELECT id, name FROM orders WHERE id = 192
2026-05-19 13:44:17 user_39 UPDATE UPDATE id, name FROM inventory WHERE id = 109
2026-05-19 13:44:18 user_28 DELETE DELETE id, name FROM transactions WHERE id = 333
2026-05-19 13:44:18 user_06 INSERT INSERT id, name FROM orders WHERE id = 548
2026-05-19 13:44:18 user_29 UNKNOWN UNKNOWN id, name FROM products WHERE id = 710
2026-05-19 13:44:19 user_07 SELECT SELECT ssn, name FROM hr_data LIMIT 200
2026-05-19 13:44:19 user_14 SELECT SELECT id, name FROM customers WHERE id = 39
2026-05-19 13:44:19 user_36 SELECT SELECT id, name FROM employees WHERE id = 187
2026-05-19 23:44:19 user_23 UPDATE UPDATE orders SET stock = 0 WHERE last_updated < '2023-01-01'
2026-05-19 13:44:19 user_11 INSERT INSERT id, name FROM orders WHERE id = 719
2026-05-19 13:44:21 user_11 SELECT SELECT * FROM finance WHERE 1=1
2026-05-19 13:44:22 user_23 UPDATE UPDATE id, name FROM employees WHERE id = 969
2026-05-19 13:44:22 user_30 SELECT SELECT * FROM salary WHERE 1=1
2026-05-19 01:44:24 user_23 UPDATE UPDATE inventory SET stock = 0 WHERE last_updated < '2023-01-01'
2026-05-19 13:44:24 user_11 UPDATE UPDATE id, name FROM inventory WHERE id = 644
2026-05-19 13:44:24 user_15 SELECT SELECT * FROM finance WHERE 1=1
2026-05-19 22:44:24 user_30 UPDATE UPDATE inventory SET stock = 0 WHERE last_updated < '2023-01-01'
2026-05-19 13:44:25 user_27 SELECT SELECT id, name FROM transactions WHERE id = 70
2026-05-19 13:44:26 user_18 UNKNOWN UNKNOWN id, name FROM salary WHERE id = 465
2026-05-19 01:44:26 user_39 UPDATE UPDATE products SET stock = 0 WHERE last_updated < '2023-01-01'
2026-05-19 13:44:27 user_35 UNKNOWN UNKNOWN id, name FROM products WHERE id = 656
2026-05-19 13:44:29 user_31 SELECT SELECT ssn, name FROM hr_data LIMIT 200
2026-05-19 13:44:29 user_25 UNKNOWN UNKNOWN id, name FROM hr_data WHERE id = 180
2026-05-19 13:44:29 user_13 UPDATE UPDATE id, name FROM salary WHERE id = 726
2026-05-19 13:44:29 user_29 DELETE DELETE id, name FROM products WHERE id = 787
2026-05-19 13:44:30 user_01 DELETE DELETE id, name FROM inventory WHERE id = 34
2026-05-19 13:44:32 user_10 SELECT SELECT ssn, name FROM hr_data LIMIT 200
2026-05-19 13:44:32 user_19 SELECT SELECT * FROM finance WHERE 1=1
2026-05-19 13:44:32 user_17 SELECT SELECT id, name FROM inventory WHERE id = 515
2026-05-19 13:44:32 user_29 INSERT INSERT id, name FROM salary WHERE id = 321
2026-05-19 13:44:33 user_27 DELETE DELETE id, name FROM customers WHERE id = 853
2026-05-19 13:44:33 user_31 UPDATE UPDATE id, name FROM inventory WHERE id = 790
2026-05-19 13:44:33 user_37 SELECT SELECT ssn, name FROM hr_data LIMIT 200
2026-05-19 13:44:33 user_27 DELETE DELETE id, name FROM hr_data WHERE id = 670
2026-05-19 13:44:35 user_13 INSERT INSERT id, name FROM customers WHERE id = 216
2026-05-19 13:44:35 user_28 INSERT INSERT id, name FROM products WHERE id = 739
2026-05-19 13:44:36 user_06 SELECT SELECT ssn, name FROM hr_data LIMIT 200
2026-05-19 13:44:36 user_22 UNKNOWN UNKNOWN id, name FROM salary WHERE id = 105
2026-05-19 13:44:36 user_27 SELECT SELECT id, name FROM transactions WHERE id = 720
2026-05-19 13:44:37 user_32 SELECT SELECT ssn, name FROM hr_data LIMIT 200
2026-05-19 13:44:37 user_12 UPDATE UPDATE id, name FROM products WHERE id = 352
2026-05-19 23:44:37 user_06 UPDATE UPDATE products SET stock = 0 WHERE last_updated < '2023-01-01'
2026-05-19 13:44:39 user_11 SELECT SELECT * FROM finance WHERE 1=1
2026-05-19 13:44:39 user_01 DELETE DELETE id, name FROM employees WHERE id = 519
2026-05-19 13:44:39 user_05 UPDATE UPDATE id, name FROM employees WHERE id = 870
2026-05-19 13:44:39 user_34 DELETE DELETE id, name FROM orders WHERE id = 543
2026-05-19 13:44:40 user_07 SELECT SELECT * FROM salary WHERE 1=1
2026-05-19 13:44:41 user_10 INSERT INSERT id, name FROM finance WHERE id = 521
2026-05-19 13:44:42 user_27 SELECT SELECT id, name FROM products WHERE id = 325
2026-05-19 13:44:42 user_32 UNKNOWN UNKNOWN id, name FROM hr_data WHERE id = 110
2026-05-19 13:44:43 user_26 UNKNOWN UNKNOWN id, name FROM employees WHERE id = 275
2026-05-19 13:44:43 user_08 UPDATE UPDATE id, name FROM hr_data WHERE id = 624
2026-05-19 13:44:43 user_27 DELETE DELETE id, name FROM inventory WHERE id = 921
2026-05-19 13:44:43 user_22 SELECT SELECT * FROM customers WHERE 1=1
2026-05-19 13:44:43 user_02 DELETE DELETE id, name FROM finance WHERE id = 358
2026-05-19 13:44:44 user_30 SELECT SELECT * FROM salary WHERE 1=1
2026-05-19 13:44:44 user_15 SELECT SELECT * FROM salary WHERE 1=1
2026-05-19 13:44:44 user_02 INSERT INSERT id, name FROM finance WHERE id = 523
2026-05-19 22:44:44 user_04 UPDATE UPDATE orders SET stock = 0 WHERE last_updated < '2023-01-01'
2026-05-19 13:44:44 user_31 UNKNOWN UNKNOWN id, name FROM customers WHERE id = 425
2026-05-19 13:44:46 user_20 SELECT SELECT ssn, name FROM hr_data LIMIT 200
2026-05-19 13:44:46 user_02 SELECT SELECT ssn, name FROM hr_data LIMIT 200
2026-05-19 23:44:46 user_10 UPDATE UPDATE inventory SET stock = 0 WHERE last_updated < '2023-01-01'
2026-05-19 13:44:47 user_15 DELETE DELETE id, name FROM hr_data WHERE id = 988
2026-05-19 13:44:49 user_38 DELETE DELETE id, name FROM products WHERE id = 300
2026-05-19 13:44:49 user_39 UPDATE UPDATE id, name FROM transactions WHERE id = 685
2026-05-19 22:44:49 user_01 UPDATE UPDATE orders SET stock = 0 WHERE last_updated < '2023-01-01'
2026-05-19 13:44:49 user_03 INSERT INSERT id, name FROM products WHERE id = 767
2026-05-19 13:44:49 user_23 SELECT SELECT ssn, name FROM hr_data LIMIT 200
2026-05-19 13:44:50 user_16 UPDATE UPDATE id, name FROM products WHERE id = 656
2026-05-19 13:44:50 user_24 DELETE DELETE id, name FROM orders WHERE id = 56
2026-05-19 13:44:51 user_16 UNKNOWN UNKNOWN id, name FROM salary WHERE id = 277
2026-05-19 13:44:51 user_32 UPDATE UPDATE id, name FROM salary WHERE id = 552
2026-05-19 23:44:51 user_26 UPDATE UPDATE products SET stock = 0 WHERE last_updated < '2023-01-01'
2026-05-19 22:44:53 user_21 UPDATE UPDATE inventory SET stock = 0 WHERE last_updated < '2023-01-01'
2026-05-19 13:44:53 user_03 SELECT SELECT ssn, name FROM hr_data LIMIT 200
2026-05-19 13:44:53 user_14 UNKNOWN UNKNOWN id, name FROM finance WHERE id = 996
2026-05-19 13:44:53 user_39 UPDATE UPDATE id, name FROM customers WHERE id = 318
2026-05-19 13:44:53 user_10 SELECT SELECT id, name FROM transactions WHERE id = 75
2026-05-19 13:44:54 user_40 INSERT INSERT id, name FROM products WHERE id = 440
2026-05-19 13:44:54 user_05 INSERT INSERT id, name FROM customers WHERE id = 669
2026-05-19 13:44:54 user_19 DELETE DELETE id, name FROM orders WHERE id = 968
2026-05-19 13:44:54 user_21 SELECT SELECT id, name FROM finance WHERE id = 653
2026-05-19 22:44:56 user_08 UPDATE UPDATE inventory SET stock = 0 WHERE last_updated < '2023-01-01'
2026-05-19 13:44:57 user_29 SELECT SELECT id, name FROM finance WHERE id = 311
2026-05-19 13:44:58 user_36 SELECT SELECT * FROM customers WHERE 1=1
2026-05-19 13:44:58 user_16 DELETE DELETE id, name FROM finance WHERE id = 676
2026-05-19 13:44:58 user_31 INSERT INSERT id, name FROM finance WHERE id = 3
2026-05-19 13:45:00 user_31 INSERT INSERT id, name FROM inventory WHERE id = 698
2026-05-19 13:45:00 user_33 SELECT SELECT * FROM finance WHERE 1=1
2026-05-19 23:45:00 user_14 UPDATE UPDATE products SET stock = 0 WHERE last_updated < '2023-01-01'
2026-05-19 00:45:00 user_17 UPDATE UPDATE orders SET stock = 0 WHERE last_updated < '2023-01-01'
2026-05-19 13:45:00 user_28 SELECT SELECT ssn, name FROM hr_data LIMIT 200
2026-05-19 13:45:00 user_38 DELETE DELETE id, name FROM hr_data WHERE id = 123
2026-05-19 13:45:01 user_18 DELETE DELETE id, name FROM products WHERE id = 841
2026-05-19 13:45:01 user_09 INSERT INSERT id, name FROM products WHERE id = 93
2026-05-19 13:45:03 user_28 DELETE DELETE id, name FROM hr_data WHERE id = 889
2026-05-19 13:45:03 user_29 UNKNOWN UNKNOWN id, name FROM salary WHERE id = 581
2026-05-19 13:45:03 user_26 DELETE DELETE id, name FROM salary WHERE id = 437
2026-05-19 13:45:03 user_11 UPDATE UPDATE id, name FROM customers WHERE id = 64
2026-05-19 13:45:03 user_26 SELECT SELECT * FROM salary WHERE 1=1
2026-05-19 22:45:04 user_27 UPDATE UPDATE products SET stock = 0 WHERE last_updated < '2023-01-01'
2026-05-19 13:45:05 user_22 SELECT SELECT * FROM salary WHERE 1=1
2026-05-19 13:45:05 user_21 UNKNOWN UNKNOWN id, name FROM hr_data WHERE id = 103
2026-05-19 01:45:05 user_03 UPDATE UPDATE inventory SET stock = 0 WHERE last_updated < '2023-01-01'
2026-05-19 13:45:05 user_31 UNKNOWN UNKNOWN id, name FROM products WHERE id = 526
2026-05-19 13:45:05 user_31 SELECT SELECT id, name FROM orders WHERE id = 831
2026-05-19 13:45:06 user_06 SELECT SELECT * FROM customers WHERE 1=1
2026-05-19 13:45:06 user_36 SELECT SELECT ssn, name FROM hr_data LIMIT 200
2026-05-19 13:45:07 user_22 INSERT INSERT id, name FROM employees WHERE id = 413
2026-05-19 13:45:07 user_33 SELECT SELECT ssn, name FROM hr_data LIMIT 200
2026-05-19 13:45:07 user_26 DELETE DELETE id, name FROM employees WHERE id = 48
2026-05-19 13:45:07 user_32 UNKNOWN UNKNOWN id, name FROM inventory WHERE id = 961
2026-05-19 13:45:07 user_35 SELECT SELECT id, name FROM orders WHERE id = 220
2026-05-19 13:45:08 user_07 DELETE DELETE id, name FROM products WHERE id = 640
2026-05-19 13:45:08 user_19 SELECT SELECT id, name FROM orders WHERE id = 108
2026-05-19 01:45:09 user_16 UPDATE UPDATE inventory SET stock = 0 WHERE last_updated < '2023-01-01'
2026-05-19 13:45:09 user_01 SELECT SELECT ssn, name FROM hr_data LIMIT 200
2026-05-19 13:45:09 user_08 INSERT INSERT id, name FROM finance WHERE id = 779
2026-05-19 13:45:10 user_09 SELECT SELECT ssn, name FROM hr_data LIMIT 200
2026-05-19 13:45:10 user_23 INSERT INSERT id, name FROM inventory WHERE id = 938
2026-05-19 00:45:10 user_20 UPDATE UPDATE inventory SET stock = 0 WHERE last_updated < '2023-01-01'
2026-05-19 13:45:10 user_22 INSERT INSERT id, name FROM transactions WHERE id = 953
2026-05-19 13:45:10 user_29 UPDATE UPDATE id, name FROM finance WHERE id = 964
2026-05-19 13:45:11 user_38 SELECT SELECT * FROM salary WHERE 1=1
2026-05-19 13:45:11 user_28 SELECT SELECT id, name FROM employees WHERE id = 104
2026-05-19 01:45:11 user_04 UPDATE UPDATE orders SET stock = 0 WHERE last_updated < '2023-01-01'
2026-05-19 13:45:12 user_14 DELETE DELETE id, name FROM employees WHERE id = 683
2026-05-19 13:45:12 user_04 UNKNOWN UNKNOWN id, name FROM employees WHERE id = 213
2026-05-19 13:45:12 user_38 SELECT SELECT id, name FROM hr_data WHERE id = 445
2026-05-19 13:45:12 user_03 UNKNOWN UNKNOWN id, name FROM customers WHERE id = 972
2026-05-19 13:45:12 user_18 SELECT SELECT ssn, name FROM hr_data LIMIT 200
2026-05-19 13:45:13 user_13 UNKNOWN UNKNOWN id, name FROM customers WHERE id = 986
2026-05-19 13:45:13 user_33 INSERT INSERT id, name FROM employees WHERE id = 610
2026-05-19 13:45:15 user_24 INSERT INSERT id, name FROM inventory WHERE id = 113
2026-05-19 13:45:15 user_11 INSERT INSERT id, name FROM products WHERE id = 757
2026-05-19 13:45:15 user_08 UPDATE UPDATE id, name FROM customers WHERE id = 695
2026-05-19 13:45:15 user_29 SELECT SELECT ssn, name FROM hr_data LIMIT 200
2026-05-19 13:45:15 user_07 INSERT INSERT id, name FROM transactions WHERE id = 249
2026-05-19 13:45:16 user_13 UPDATE UPDATE id, name FROM finance WHERE id = 773
2026-05-19 13:45:18 user_30 SELECT SELECT ssn, name FROM hr_data LIMIT 200
2026-05-19 13:45:18 user_24 SELECT SELECT ssn, name FROM hr_data LIMIT 200
2026-05-19 13:45:18 user_17 SELECT SELECT id, name FROM customers WHERE id = 868
2026-05-19 13:45:18 user_36 INSERT INSERT id, name FROM hr_data WHERE id = 536
2026-05-19 01:45:20 user_12 UPDATE UPDATE orders SET stock = 0 WHERE last_updated < '2023-01-01'
2026-05-19 13:45:20 user_32 SELECT SELECT ssn, name FROM hr_data LIMIT 200
2026-05-19 13:45:20 user_25 SELECT SELECT id, name FROM transactions WHERE id = 86
2026-05-19 13:45:20 user_07 SELECT SELECT id, name FROM inventory WHERE id = 500
2026-05-19 00:45:20 user_06 UPDATE UPDATE products SET stock = 0 WHERE last_updated < '2023-01-01'
2026-05-19 13:45:20 user_23 SELECT SELECT id, name FROM inventory WHERE id = 885
2026-05-19 13:45:20 user_22 SELECT SELECT id, name FROM hr_data WHERE id = 48
2026-05-19 13:45:21 user_16 SELECT SELECT id, name FROM inventory WHERE id = 732
2026-05-19 13:45:21 user_37 SELECT SELECT * FROM finance WHERE 1=1
2026-05-19 22:45:21 user_26 UPDATE UPDATE inventory SET stock = 0 WHERE last_updated < '2023-01-01'
2026-05-19 13:45:23 user_23 UPDATE UPDATE id, name FROM finance WHERE id = 594
2026-05-19 13:45:24 user_27 DELETE DELETE id, name FROM employees WHERE id = 5
2026-05-19 13:45:24 user_07 SELECT SELECT id, name FROM hr_data WHERE id = 457
2026-05-19 13:45:24 user_09 UNKNOWN UNKNOWN id, name FROM inventory WHERE id = 381
2026-05-19 13:45:24 user_13 SELECT SELECT ssn, name FROM hr_data LIMIT 200
2026-05-19 13:45:24 user_26 UNKNOWN UNKNOWN id, name FROM customers WHERE id = 576
2026-05-19 13:45:26 user_40 SELECT SELECT * FROM finance WHERE 1=1
2026-05-19 13:45:26 user_02 INSERT INSERT id, name FROM employees WHERE id = 675
2026-05-19 13:45:27 user_08 SELECT SELECT ssn, name FROM hr_data LIMIT 200
2026-05-19 13:45:27 user_10 UPDATE UPDATE id, name FROM orders WHERE id = 113
2026-05-19 13:45:27 user_10 SELECT SELECT ssn, name FROM hr_data LIMIT 200
2026-05-19 13:45:27 user_22 INSERT INSERT id, name FROM customers WHERE id = 798
2026-05-19 13:45:27 user_12 SELECT SELECT * FROM customers WHERE 1=1
2026-05-19 13:45:28 user_05 INSERT INSERT id, name FROM orders WHERE id = 470
2026-05-19 13:45:28 user_20 DELETE DELETE id, name FROM products WHERE id = 519
2026-05-19 01:45:28 user_06 UPDATE UPDATE inventory SET stock = 0 WHERE last_updated < '2023-01-01'
2026-05-19 13:45:29 user_37 UNKNOWN UNKNOWN id, name FROM inventory WHERE id = 301
2026-05-19 13:45:29 user_07 DELETE DELETE id, name FROM customers WHERE id = 790
2026-05-19 13:45:29 user_06 UNKNOWN UNKNOWN id, name FROM orders WHERE id = 143
2026-05-19 13:45:29 user_08 DELETE DELETE id, name FROM salary WHERE id = 997
2026-05-19 13:45:30 user_30 INSERT INSERT id, name FROM customers WHERE id = 300
2026-05-19 22:45:30 user_23 UPDATE UPDATE inventory SET stock = 0 WHERE last_updated < '2023-01-01'
2026-05-19 13:45:30 user_27 DELETE DELETE id, name FROM orders WHERE id = 567
2026-05-19 00:45:30 user_08 UPDATE UPDATE orders SET stock = 0 WHERE last_updated < '2023-01-01'
2026-05-19 13:45:31 user_38 INSERT INSERT id, name FROM transactions WHERE id = 576
2026-05-19 13:45:31 user_14 SELECT SELECT id, name FROM orders WHERE id = 721
2026-05-19 13:45:33 user_39 SELECT SELECT id, name FROM salary WHERE id = 546
2026-05-19 13:45:33 user_32 UNKNOWN UNKNOWN id, name FROM salary WHERE id = 594
2026-05-19 13:45:33 user_06 UNKNOWN UNKNOWN id, name FROM orders WHERE id = 522
2026-05-19 13:45:34 user_16 UPDATE UPDATE id, name FROM orders WHERE id = 519
2026-05-19 13:45:34 user_20 SELECT SELECT ssn, name FROM hr_data LIMIT 200
2026-05-19 13:45:35 user_34 INSERT INSERT id, name FROM products WHERE id = 774
2026-05-19 13:45:35 user_04 DELETE DELETE id, name FROM orders WHERE id = 412
2026-05-19 13:45:36 user_38 INSERT INSERT id, name FROM transactions WHERE id = 44
2026-05-19 13:45:36 user_27 SELECT SELECT * FROM customers WHERE 1=1
2026-05-19 13:45:36 user_16 SELECT SELECT id, name FROM employees WHERE id = 514
2026-05-19 13:45:36 user_40 SELECT SELECT id, name FROM customers WHERE id = 151
2026-05-19 01:45:37 user_05 UPDATE UPDATE orders SET stock = 0 WHERE last_updated < '2023-01-01'
2026-05-19 22:45:37 user_14 UPDATE UPDATE products SET stock = 0 WHERE last_updated < '2023-01-01'
2026-05-19 13:45:37 user_26 SELECT SELECT ssn, name FROM hr_data LIMIT 200
2026-05-19 00:45:39 user_33 UPDATE UPDATE inventory SET stock = 0 WHERE last_updated < '2023-01-01'
2026-05-19 13:45:40 user_12 SELECT SELECT ssn, name FROM hr_data LIMIT 200
2026-05-19 13:45:40 user_23 SELECT SELECT id, name FROM salary WHERE id = 520
2026-05-19 13:45:40 user_02 UPDATE UPDATE id, name FROM finance WHERE id = 975
2026-05-19 13:45:41 user_17 SELECT SELECT ssn, name FROM hr_data LIMIT 200
2026-05-19 13:45:41 user_10 INSERT INSERT id, name FROM transactions WHERE id = 523
2026-05-19 13:45:43 user_02 SELECT SELECT id, name FROM inventory WHERE id = 457
2026-05-19 13:45:44 user_25 DELETE DELETE id, name FROM employees WHERE id = 289
2026-05-19 13:45:44 user_28 UPDATE UPDATE id, name FROM transactions WHERE id = 321
2026-05-19 13:45:44 user_11 SELECT SELECT * FROM finance WHERE 1=1
2026-05-19 13:45:44 user_37 SELECT SELECT ssn, name FROM hr_data LIMIT 200
2026-05-19 01:45:46 user_25 UPDATE UPDATE products SET stock = 0 WHERE last_updated < '2023-01-01'
2026-05-19 13:45:46 user_30 SELECT SELECT id, name FROM hr_data WHERE id = 624
2026-05-19 13:45:46 user_25 UNKNOWN UNKNOWN id, name FROM transactions WHERE id = 62
2026-05-19 13:45:47 user_40 INSERT INSERT id, name FROM inventory WHERE id = 673
2026-05-19 13:45:47 user_12 SELECT SELECT id, name FROM salary WHERE id = 273
2026-05-19 13:45:47 user_06 SELECT SELECT * FROM salary WHERE 1=1
2026-05-19 13:45:47 user_01 UNKNOWN UNKNOWN id, name FROM employees WHERE id = 658
2026-05-19 13:45:48 user_08 SELECT SELECT id, name FROM finance WHERE id = 201
2026-05-19 13:45:48 user_19 SELECT SELECT * FROM salary WHERE 1=1
2026-05-19 13:45:48 user_01 UNKNOWN UNKNOWN id, name FROM employees WHERE id = 148
2026-05-19 13:45:49 user_26 UPDATE UPDATE id, name FROM products WHERE id = 375
2026-05-19 13:45:49 user_03 DELETE DELETE id, name FROM products WHERE id = 569
2026-05-19 13:45:49 user_32 INSERT INSERT id, name FROM employees WHERE id = 79
2026-05-19 13:45:49 user_39 SELECT SELECT id, name FROM products WHERE id = 673
2026-05-19 13:45:49 user_14 SELECT SELECT ssn, name FROM hr_data LIMIT 200
2026-05-19 13:45:51 user_38 UNKNOWN UNKNOWN id, name FROM hr_data WHERE id = 642
2026-05-19 13:45:51 user_33 SELECT SELECT ssn, name FROM hr_data LIMIT 200
2026-05-19 13:45:51 user_13 SELECT SELECT ssn, name FROM hr_data LIMIT 200
2026-05-19 13:45:52 user_10 INSERT INSERT id, name FROM transactions WHERE id = 649
2026-05-19 13:45:52 user_25 SELECT SELECT ssn, name FROM hr_data LIMIT 200
2026-05-19 13:45:52 user_30 DELETE DELETE id, name FROM hr_data WHERE id = 533
2026-05-19 13:45:52 user_03 INSERT INSERT id, name FROM hr_data WHERE id = 38
2026-05-19 13:45:52 user_28 DELETE DELETE id, name FROM hr_data WHERE id = 234
2026-05-19 13:45:52 user_15 DELETE DELETE id, name FROM hr_data WHERE id = 567
2026-05-19 13:45:52 user_27 DELETE DELETE id, name FROM transactions WHERE id = 608
2026-05-19 13:45:54 user_23 DELETE DELETE id, name FROM employees WHERE id = 485
2026-05-19 13:45:54 user_05 UPDATE UPDATE id, name FROM salary WHERE id = 510
2026-05-19 13:45:54 user_16 INSERT INSERT id, name FROM transactions WHERE id = 242
2026-05-19 13:45:56 user_26 SELECT SELECT * FROM salary WHERE 1=1
2026-05-19 13:45:57 user_06 DELETE DELETE id, name FROM orders WHERE id = 181
2026-05-19 13:45:57 user_13 INSERT INSERT id, name FROM employees WHERE id = 1
2026-05-19 13:45:58 user_32 UPDATE UPDATE id, name FROM salary WHERE id = 425
2026-05-19 13:45:58 user_39 UPDATE UPDATE id, name FROM finance WHERE id = 176
2026-05-19 13:45:58 user_29 SELECT SELECT id, name FROM products WHERE id = 210
2026-05-19 13:45:58 user_26 UPDATE UPDATE id, name FROM hr_data WHERE id = 578
2026-05-19 13:45:58 user_37 UPDATE UPDATE id, name FROM employees WHERE id = 352
2026-05-19 13:46:00 user_28 INSERT INSERT id, name FROM employees WHERE id = 174
2026-05-19 13:46:00 user_07 SELECT SELECT * FROM customers WHERE 1=1
2026-05-19 13:46:00 user_17 UPDATE UPDATE id, name FROM customers WHERE id = 356
2026-05-19 13:46:01 user_35 DELETE DELETE id, name FROM hr_data WHERE id = 808
2026-05-19 13:46:01 user_25 SELECT SELECT ssn, name FROM hr_data LIMIT 200
2026-05-19 23:46:01 user_25 UPDATE UPDATE inventory SET stock = 0 WHERE last_updated < '2023-01-01'
2026-05-19 13:46:02 user_29 INSERT INSERT id, name FROM inventory WHERE id = 70
2026-05-19 01:46:02 user_02 UPDATE UPDATE products SET stock = 0 WHERE last_updated < '2023-01-01'
2026-05-19 13:46:03 user_18 UPDATE UPDATE id, name FROM salary WHERE id = 817
2026-05-19 13:46:04 user_09 SELECT SELECT ssn, name FROM hr_data LIMIT 200
2026-05-19 13:46:04 user_06 INSERT INSERT id, name FROM transactions WHERE id = 951
2026-05-19 13:46:06 user_01 SELECT SELECT * FROM salary WHERE 1=1
2026-05-19 13:46:06 user_04 SELECT SELECT id, name FROM products WHERE id = 905
2026-05-19 13:46:07 user_03 SELECT SELECT ssn, name FROM hr_data LIMIT 200
2026-05-19 13:46:07 user_34 UNKNOWN UNKNOWN id, name FROM salary WHERE id = 908
2026-05-19 13:46:07 user_21 UNKNOWN UNKNOWN id, name FROM finance WHERE id = 713
2026-05-19 13:46:07 user_02 UNKNOWN UNKNOWN id, name FROM products WHERE id = 438
2026-05-19 13:46:07 user_26 SELECT SELECT id, name FROM employees WHERE id = 786
2026-05-19 13:46:09 user_01 DELETE DELETE id, name FROM products WHERE id = 1000
2026-05-19 13:46:09 user_39 UNKNOWN UNKNOWN id, name FROM orders WHERE id = 214
2026-05-19 01:46:10 user_15 UPDATE UPDATE inventory SET stock = 0 WHERE last_updated < '2023-01-01'
2026-05-19 13:46:10 user_08 DELETE DELETE id, name FROM customers WHERE id = 440
2026-05-19 13:46:10 user_14 UNKNOWN UNKNOWN id, name FROM products WHERE id = 851
2026-05-19 13:46:10 user_13 UNKNOWN UNKNOWN id, name FROM salary WHERE id = 50
2026-05-19 13:46:10 user_31 UPDATE UPDATE id, name FROM hr_data WHERE id = 296
2026-05-19 13:46:11 user_11 INSERT INSERT id, name FROM orders WHERE id = 497
2026-05-19 13:46:11 user_02 INSERT INSERT id, name FROM finance WHERE id = 814
2026-05-19 13:46:11 user_08 INSERT INSERT id, name FROM employees WHERE id = 648
2026-05-19 13:46:12 user_40 SELECT SELECT id, name FROM hr_data WHERE id = 882
2026-05-19 13:46:12 user_02 INSERT INSERT id, name FROM transactions WHERE id = 185
2026-05-19 00:46:12 user_33 UPDATE UPDATE products SET stock = 0 WHERE last_updated < '2023-01-01'
2026-05-19 13:46:12 user_33 UPDATE UPDATE id, name FROM transactions WHERE id = 285
2026-05-19 13:46:12 user_33 SELECT SELECT * FROM finance WHERE 1=1
2026-05-19 13:46:13 user_26 UNKNOWN UNKNOWN id, name FROM finance WHERE id = 446
2026-05-19 22:46:13 user_35 UPDATE UPDATE inventory SET stock = 0 WHERE last_updated < '2023-01-01'
2026-05-19 13:46:13 user_19 DELETE DELETE id, name FROM inventory WHERE id = 793
2026-05-19 13:46:14 user_21 SELECT SELECT ssn, name FROM hr_data LIMIT 200
2026-05-19 13:46:14 user_39 SELECT SELECT * FROM finance WHERE 1=1
2026-05-19 13:46:14 user_08 UNKNOWN UNKNOWN id, name FROM employees WHERE id = 156
2026-05-19 13:46:15 user_04 INSERT INSERT id, name FROM orders WHERE id = 337
2026-05-19 13:46:15 user_13 DELETE DELETE id, name FROM orders WHERE id = 367
2026-05-19 13:46:15 user_01 SELECT SELECT ssn, name FROM hr_data LIMIT 200
2026-05-19 01:46:15 user_10 UPDATE UPDATE orders SET stock = 0 WHERE last_updated < '2023-01-01'
2026-05-19 13:46:17 user_16 SELECT SELECT id, name FROM orders WHERE id = 976
2026-05-19 13:46:18 user_36 SELECT SELECT id, name FROM orders WHERE id = 673
2026-05-19 13:46:18 user_01 INSERT INSERT id, name FROM salary WHERE id = 748
2026-05-19 13:46:18 user_03 DELETE DELETE id, name FROM salary WHERE id = 162
2026-05-19 13:46:18 user_21 SELECT SELECT id, name FROM employees WHERE id = 561
2026-05-19 13:46:18 user_30 UNKNOWN UNKNOWN id, name FROM orders WHERE id = 448
2026-05-19 13:46:19 user_30 DELETE DELETE id, name FROM employees WHERE id = 534
2026-05-19 13:46:19 user_40 SELECT SELECT * FROM finance WHERE 1=1
2026-05-19 13:46:19 user_33 UPDATE UPDATE id, name FROM products WHERE id = 538
2026-05-19 13:46:19 user_09 INSERT INSERT id, name FROM orders WHERE id = 906
2026-05-19 13:46:19 user_35 UPDATE UPDATE id, name FROM orders WHERE id = 992
2026-05-19 13:46:21 user_06 INSERT INSERT id, name FROM customers WHERE id = 279
2026-05-19 13:46:21 user_32 SELECT SELECT * FROM finance WHERE 1=1
2026-05-19 23:46:21 user_32 UPDATE UPDATE products SET stock = 0 WHERE last_updated < '2023-01-01'
2026-05-19 13:46:21 user_02 DELETE DELETE id, name FROM inventory WHERE id = 148
2026-05-19 13:46:22 user_14 SELECT SELECT id, name FROM orders WHERE id = 832
2026-05-19 13:46:23 user_29 SELECT SELECT id, name FROM products WHERE id = 342
2026-05-19 13:46:23 user_05 UPDATE UPDATE id, name FROM salary WHERE id = 8
2026-05-19 13:46:23 user_09 SELECT SELECT id, name FROM customers WHERE id = 614
2026-05-19 13:46:23 user_12 SELECT SELECT * FROM customers WHERE 1=1
2026-05-19 13:46:24 user_24 UNKNOWN UNKNOWN id, name FROM hr_data WHERE id = 869
2026-05-19 13:46:24 user_09 SELECT SELECT ssn, name FROM hr_data LIMIT 200
2026-05-19 13:46:24 user_26 UNKNOWN UNKNOWN id, name FROM employees WHERE id = 30
2026-05-19 13:46:24 user_14 DELETE DELETE id, name FROM hr_data WHERE id = 459
2026-05-19 13:46:24 user_17 SELECT SELECT id, name FROM transactions WHERE id = 570
2026-05-19 13:46:25 user_14 SELECT SELECT id, name FROM customers WHERE id = 118
2026-05-19 13:46:25 user_21 INSERT INSERT id, name FROM finance WHERE id = 41
2026-05-19 13:46:25 user_31 SELECT SELECT id, name FROM customers WHERE id = 678
2026-05-19 13:46:25 user_06 SELECT SELECT ssn, name FROM hr_data LIMIT 200
2026-05-19 13:46:25 user_27 UNKNOWN UNKNOWN id, name FROM orders WHERE id = 324
2026-05-19 13:46:27 user_37 SELECT SELECT ssn, name FROM hr_data LIMIT 200
2026-05-19 13:46:27 user_17 INSERT INSERT id, name FROM orders WHERE id = 778
2026-05-19 13:46:27 user_32 UNKNOWN UNKNOWN id, name FROM customers WHERE id = 683
2026-05-19 13:46:27 user_24 INSERT INSERT id, name FROM products WHERE id = 122
2026-05-19 13:46:28 user_29 UNKNOWN UNKNOWN id, name FROM transactions WHERE id = 529
2026-05-19 13:46:28 user_14 DELETE DELETE id, name FROM transactions WHERE id = 983
2026-05-19 01:46:30 user_06 UPDATE UPDATE inventory SET stock = 0 WHERE last_updated < '2023-01-01'
2026-05-19 13:46:31 user_13 UNKNOWN UNKNOWN id, name FROM orders WHERE id = 415
2026-05-19 22:46:31 user_08 UPDATE UPDATE products SET stock = 0 WHERE last_updated < '2023-01-01'
2026-05-19 13:46:31 user_23 UNKNOWN UNKNOWN id, name FROM salary WHERE id = 849
2026-05-19 13:46:33 user_29 UNKNOWN UNKNOWN id, name FROM hr_data WHERE id = 751
2026-05-19 13:46:34 user_39 SELECT SELECT * FROM customers WHERE 1=1
2026-05-19 13:46:36 user_16 SELECT SELECT id, name FROM finance WHERE id = 251
2026-05-19 13:46:36 user_29 DELETE DELETE id, name FROM hr_data WHERE id = 929
2026-05-19 01:46:36 user_13 UPDATE UPDATE inventory SET stock = 0 WHERE last_updated < '2023-01-01'
2026-05-19 13:46:36 user_37 UNKNOWN UNKNOWN id, name FROM salary WHERE id = 826
2026-05-19 23:46:36 user_38 UPDATE UPDATE orders SET stock = 0 WHERE last_updated < '2023-01-01'
2026-05-19 13:46:36 user_13 INSERT INSERT id, name FROM salary WHERE id = 650
2026-05-19 13:46:36 user_14 INSERT INSERT id, name FROM salary WHERE id = 614
2026-05-19 13:46:38 user_28 SELECT SELECT * FROM finance WHERE 1=1
2026-05-19 01:46:38 user_38 UPDATE UPDATE orders SET stock = 0 WHERE last_updated < '2023-01-01'
2026-05-19 13:46:38 user_25 UNKNOWN UNKNOWN id, name FROM finance WHERE id = 714
2026-05-19 13:46:38 user_29 INSERT INSERT id, name FROM hr_data WHERE id = 713
2026-05-19 13:46:38 user_28 UPDATE UPDATE id, name FROM salary WHERE id = 905
2026-05-19 13:46:38 user_01 UNKNOWN UNKNOWN id, name FROM employees WHERE id = 23
2026-05-19 13:46:38 user_29 INSERT INSERT id, name FROM transactions WHERE id = 379
2026-05-19 13:46:38 user_03 INSERT INSERT id, name FROM inventory WHERE id = 655
2026-05-19 13:46:40 user_35 SELECT SELECT id, name FROM inventory WHERE id = 961
2026-05-19 13:46:40 user_27 SELECT SELECT id, name FROM employees WHERE id = 554
2026-05-19 13:46:40 user_38 UPDATE UPDATE id, name FROM products WHERE id = 53
2026-05-19 13:46:40 user_04 SELECT SELECT * FROM salary WHERE 1=1
2026-05-19 13:46:40 user_37 UNKNOWN UNKNOWN id, name FROM finance WHERE id = 220
2026-05-19 22:46:41 user_04 UPDATE UPDATE inventory SET stock = 0 WHERE last_updated < '2023-01-01'
2026-05-19 13:46:41 user_35 SELECT SELECT * FROM customers WHERE 1=1
2026-05-19 13:46:41 user_37 UNKNOWN UNKNOWN id, name FROM customers WHERE id = 321
2026-05-19 13:46:42 user_27 SELECT SELECT ssn, name FROM hr_data LIMIT 200
2026-05-19 13:46:42 user_13 UNKNOWN UNKNOWN id, name FROM products WHERE id = 110
2026-05-19 13:46:42 user_11 INSERT INSERT id, name FROM transactions WHERE id = 958
2026-05-19 13:46:42 user_23 SELECT SELECT ssn, name FROM hr_data LIMIT 200
2026-05-19 00:46:42 user_32 UPDATE UPDATE products SET stock = 0 WHERE last_updated < '2023-01-01'
2026-05-19 13:46:44 user_38 SELECT SELECT ssn, name FROM hr_data LIMIT 200
2026-05-19 13:46:44 user_31 UPDATE UPDATE id, name FROM salary WHERE id = 30
2026-05-19 13:46:44 user_03 DELETE DELETE id, name FROM customers WHERE id = 964
2026-05-19 13:46:44 user_10 UPDATE UPDATE id, name FROM orders WHERE id = 308
2026-05-19 13:46:44 user_16 UNKNOWN UNKNOWN id, name FROM employees WHERE id = 749
2026-05-19 13:46:44 user_09 INSERT INSERT id, name FROM finance WHERE id = 520
2026-05-19 13:46:44 user_26 UNKNOWN UNKNOWN id, name FROM employees WHERE id = 301
2026-05-19 13:46:45 user_13 SELECT SELECT ssn, name FROM hr_data LIMIT 200
2026-05-19 13:46:46 user_10 INSERT INSERT id, name FROM salary WHERE id = 985
2026-05-19 13:46:46 user_12 SELECT SELECT ssn, name FROM hr_data LIMIT 200
2026-05-19 13:46:46 user_22 INSERT INSERT id, name FROM products WHERE id = 210
2026-05-19 13:46:47 user_32 UNKNOWN UNKNOWN id, name FROM hr_data WHERE id = 371
2026-05-19 13:46:47 user_20 UPDATE UPDATE id, name FROM customers WHERE id = 716
2026-05-19 13:46:48 user_33 SELECT SELECT ssn, name FROM hr_data LIMIT 200
2026-05-19 13:46:48 user_16 UPDATE UPDATE id, name FROM transactions WHERE id = 291
2026-05-19 13:46:50 user_04 SELECT SELECT ssn, name FROM hr_data LIMIT 200
2026-05-19 13:46:52 user_25 UNKNOWN UNKNOWN id, name FROM employees WHERE id = 248
2026-05-19 13:46:52 user_07 SELECT SELECT ssn, name FROM hr_data LIMIT 200
2026-05-19 13:46:52 user_13 INSERT INSERT id, name FROM hr_data WHERE id = 666
2026-05-19 13:46:52 user_26 DELETE DELETE id, name FROM orders WHERE id = 639
2026-05-19 13:46:53 user_29 SELECT SELECT ssn, name FROM hr_data LIMIT 200
2026-05-19 13:46:53 user_31 INSERT INSERT id, name FROM employees WHERE id = 997
2026-05-19 13:46:55 user_33 INSERT INSERT id, name FROM products WHERE id = 633
2026-05-19 22:46:55 user_16 UPDATE UPDATE products SET stock = 0 WHERE last_updated < '2023-01-01'
2026-05-19 13:46:55 user_10 SELECT SELECT * FROM customers WHERE 1=1
2026-05-19 13:46:55 user_18 SELECT SELECT * FROM customers WHERE 1=1
2026-05-19 13:46:56 user_04 SELECT SELECT * FROM salary WHERE 1=1
2026-05-19 13:46:56 user_35 SELECT SELECT * FROM finance WHERE 1=1
2026-05-19 13:46:56 user_06 DELETE DELETE id, name FROM transactions WHERE id = 600
2026-05-19 23:46:56 user_15 UPDATE UPDATE products SET stock = 0 WHERE last_updated < '2023-01-01'
2026-05-19 13:46:56 user_37 SELECT SELECT id, name FROM customers WHERE id = 676
2026-05-19 13:46:57 user_31 SELECT SELECT id, name FROM customers WHERE id = 395
2026-05-19 13:46:57 user_35 INSERT INSERT id, name FROM transactions WHERE id = 498
2026-05-19 13:46:57 user_19 UNKNOWN UNKNOWN id, name FROM transactions WHERE id = 250
2026-05-19 13:46:57 user_13 SELECT SELECT ssn, name FROM hr_data LIMIT 200
2026-05-19 13:46:57 user_35 UPDATE UPDATE id, name FROM employees WHERE id = 321
2026-05-19 13:46:59 user_13 UNKNOWN UNKNOWN id, name FROM finance WHERE id = 767
2026-05-19 13:46:59 user_32 SELECT SELECT ssn, name FROM hr_data LIMIT 200
2026-05-19 13:47:01 user_14 INSERT INSERT id, name FROM hr_data WHERE id = 695
2026-05-19 13:47:01 user_22 SELECT SELECT ssn, name FROM hr_data LIMIT 200
2026-05-19 13:47:01 user_15 DELETE DELETE id, name FROM orders WHERE id = 176
2026-05-19 13:47:02 user_08 SELECT SELECT * FROM salary WHERE 1=1
2026-05-19 13:47:02 user_22 DELETE DELETE id, name FROM finance WHERE id = 327
2026-05-19 13:47:02 user_33 UNKNOWN UNKNOWN id, name FROM employees WHERE id = 590
2026-05-19 22:47:04 user_40 UPDATE UPDATE products SET stock = 0 WHERE last_updated < '2023-01-01'
2026-05-19 13:47:05 user_18 SELECT SELECT * FROM customers WHERE 1=1
2026-05-19 13:47:05 user_04 SELECT SELECT id, name FROM orders WHERE id = 377
2026-05-19 13:47:05 user_14 SELECT SELECT ssn, name FROM hr_data LIMIT 200
2026-05-19 13:47:05 user_14 SELECT SELECT * FROM finance WHERE 1=1
2026-05-19 13:47:05 user_16 UNKNOWN UNKNOWN id, name FROM hr_data WHERE id = 888
2026-05-19 13:47:07 user_01 UPDATE UPDATE id, name FROM hr_data WHERE id = 870
2026-05-19 13:47:07 user_25 UPDATE UPDATE id, name FROM salary WHERE id = 334
2026-05-19 13:47:07 user_26 SELECT SELECT * FROM finance WHERE 1=1
2026-05-19 13:47:08 user_20 DELETE DELETE id, name FROM employees WHERE id = 723
2026-05-19 13:47:08 user_35 UNKNOWN UNKNOWN id, name FROM finance WHERE id = 182
2026-05-19 13:47:09 user_29 DELETE DELETE id, name FROM employees WHERE id = 524
2026-05-19 13:47:09 user_12 SELECT SELECT id, name FROM finance WHERE id = 665
2026-05-19 13:47:09 user_19 UPDATE UPDATE id, name FROM transactions WHERE id = 397
2026-05-19 13:47:09 user_05 DELETE DELETE id, name FROM orders WHERE id = 960
2026-05-19 13:47:11 user_11 INSERT INSERT id, name FROM transactions WHERE id = 880
2026-05-19 13:47:11 user_26 SELECT SELECT * FROM finance WHERE 1=1
2026-05-19 13:47:11 user_36 SELECT SELECT * FROM customers WHERE 1=1
2026-05-19 13:47:11 user_10 UNKNOWN UNKNOWN id, name FROM employees WHERE id = 114
2026-05-19 13:47:11 user_25 SELECT SELECT id, name FROM salary WHERE id = 320
2026-05-19 13:47:12 user_24 SELECT SELECT id, name FROM customers WHERE id = 234
2026-05-19 13:47:12 user_03 SELECT SELECT * FROM finance WHERE 1=1
2026-05-19 13:47:14 user_15 INSERT INSERT id, name FROM hr_data WHERE id = 818
2026-05-19 13:47:14 user_12 SELECT SELECT id, name FROM inventory WHERE id = 192
2026-05-19 13:47:14 user_13 SELECT SELECT * FROM salary WHERE 1=1
2026-05-19 13:47:14 user_04 INSERT INSERT id, name FROM salary WHERE id = 467
2026-05-19 13:47:15 user_23 DELETE DELETE id, name FROM employees WHERE id = 755
2026-05-19 13:47:15 user_01 DELETE DELETE id, name FROM inventory WHERE id = 99
2026-05-19 13:47:15 user_08 INSERT INSERT id, name FROM products WHERE id = 606
2026-05-19 13:47:15 user_05 DELETE DELETE id, name FROM inventory WHERE id = 930
2026-05-19 13:47:16 user_29 SELECT SELECT id, name FROM products WHERE id = 376
2026-05-19 13:47:16 user_07 DELETE DELETE id, name FROM inventory WHERE id = 442
2026-05-19 23:47:16 user_28 UPDATE UPDATE inventory SET stock = 0 WHERE last_updated < '2023-01-01'
2026-05-19 13:47:16 user_18 SELECT SELECT id, name FROM inventory WHERE id = 605
2026-05-19 23:47:16 user_19 UPDATE UPDATE inventory SET stock = 0 WHERE last_updated < '2023-01-01'
2026-05-19 13:47:18 user_36 SELECT SELECT id, name FROM finance WHERE id = 605
2026-05-19 13:47:18 user_07 UPDATE UPDATE id, name FROM inventory WHERE id = 554
2026-05-19 13:47:20 user_36 SELECT SELECT id, name FROM inventory WHERE id = 703
2026-05-19 13:47:20 user_27 UPDATE UPDATE id, name FROM hr_data WHERE id = 198
2026-05-19 13:47:20 user_15 UPDATE UPDATE id, name FROM employees WHERE id = 946
2026-05-19 13:47:21 user_26 SELECT SELECT * FROM customers WHERE 1=1
2026-05-19 22:47:21 user_26 UPDATE UPDATE inventory SET stock = 0 WHERE last_updated < '2023-01-01'
2026-05-19 13:47:22 user_29 DELETE DELETE id, name FROM hr_data WHERE id = 502
2026-05-19 13:47:22 user_22 UPDATE UPDATE id, name FROM customers WHERE id = 435
2026-05-19 13:47:22 user_04 SELECT SELECT id, name FROM finance WHERE id = 585
2026-05-19 13:47:22 user_23 SELECT SELECT ssn, name FROM hr_data LIMIT 200
2026-05-19 13:47:23 user_31 SELECT SELECT id, name FROM inventory WHERE id = 884
2026-05-19 01:47:23 user_27 UPDATE UPDATE inventory SET stock = 0 WHERE last_updated < '2023-01-01'
2026-05-19 13:47:23 user_37 INSERT INSERT id, name FROM hr_data WHERE id = 560
2026-05-19 13:47:23 user_14 UPDATE UPDATE id, name FROM employees WHERE id = 862
2026-05-19 13:47:25 user_40 SELECT SELECT id, name FROM products WHERE id = 734
2026-05-19 13:47:25 user_13 UNKNOWN UNKNOWN id, name FROM finance WHERE id = 562
2026-05-19 13:47:26 user_09 SELECT SELECT id, name FROM orders WHERE id = 408
2026-05-19 13:47:26 user_30 SELECT SELECT id, name FROM inventory WHERE id = 342
2026-05-19 13:47:26 user_07 SELECT SELECT id, name FROM inventory WHERE id = 755
2026-05-19 13:47:27 user_03 SELECT SELECT id, name FROM inventory WHERE id = 303
2026-05-19 13:47:27 user_34 SELECT SELECT id, name FROM hr_data WHERE id = 40
2026-05-19 13:47:27 user_36 SELECT SELECT * FROM salary WHERE 1=1
2026-05-19 13:47:28 user_34 INSERT INSERT id, name FROM products WHERE id = 99
2026-05-19 13:47:28 user_26 INSERT INSERT id, name FROM finance WHERE id = 111
2026-05-19 13:47:29 user_14 UNKNOWN UNKNOWN id, name FROM inventory WHERE id = 201
2026-05-19 13:47:29 user_10 SELECT SELECT * FROM finance WHERE 1=1
2026-05-19 13:47:29 user_15 SELECT SELECT * FROM customers WHERE 1=1
2026-05-19 13:47:30 user_31 UNKNOWN UNKNOWN id, name FROM hr_data WHERE id = 503
2026-05-19 23:47:30 user_06 UPDATE UPDATE products SET stock = 0 WHERE last_updated < '2023-01-01'
2026-05-19 13:47:30 user_08 SELECT SELECT ssn, name FROM hr_data LIMIT 200
2026-05-19 13:47:30 user_13 UPDATE UPDATE id, name FROM salary WHERE id = 46
2026-05-19 13:47:32 user_31 SELECT SELECT * FROM customers WHERE 1=1
2026-05-19 13:47:32 user_05 DELETE DELETE id, name FROM transactions WHERE id = 955
2026-05-19 00:47:32 user_27 UPDATE UPDATE orders SET stock = 0 WHERE last_updated < '2023-01-01'
2026-05-19 13:47:32 user_05 UNKNOWN UNKNOWN id, name FROM finance WHERE id = 500
2026-05-19 22:47:32 user_32 UPDATE UPDATE orders SET stock = 0 WHERE last_updated < '2023-01-01'
2026-05-19 13:47:33 user_16 DELETE DELETE id, name FROM inventory WHERE id = 409
2026-05-19 13:47:35 user_40 UPDATE UPDATE id, name FROM finance WHERE id = 770
2026-05-19 13:47:35 user_23 UPDATE UPDATE id, name FROM employees WHERE id = 428
2026-05-19 13:47:35 user_22 SELECT SELECT ssn, name FROM hr_data LIMIT 200
2026-05-19 13:47:35 user_01 SELECT SELECT id, name FROM hr_data WHERE id = 257
2026-05-19 13:47:36 user_07 SELECT SELECT ssn, name FROM hr_data LIMIT 200
2026-05-19 13:47:36 user_13 DELETE DELETE id, name FROM products WHERE id = 251
2026-05-19 00:47:36 user_24 UPDATE UPDATE products SET stock = 0 WHERE last_updated < '2023-01-01'
2026-05-19 13:47:36 user_35 SELECT SELECT * FROM customers WHERE 1=1
2026-05-19 22:47:37 user_29 UPDATE UPDATE inventory SET stock = 0 WHERE last_updated < '2023-01-01'
2026-05-19 23:47:37 user_39 UPDATE UPDATE orders SET stock = 0 WHERE last_updated < '2023-01-01'
2026-05-19 13:47:37 user_13 INSERT INSERT id, name FROM salary WHERE id = 5
2026-05-19 13:47:39 user_23 INSERT INSERT id, name FROM transactions WHERE id = 95
2026-05-19 13:47:39 user_30 SELECT SELECT * FROM finance WHERE 1=1
2026-05-19 13:47:39 user_36 SELECT SELECT ssn, name FROM hr_data LIMIT 200
2026-05-19 13:47:39 user_16 SELECT SELECT id, name FROM finance WHERE id = 691
2026-05-19 13:47:40 user_22 UNKNOWN UNKNOWN id, name FROM salary WHERE id = 837
2026-05-19 13:47:40 user_34 INSERT INSERT id, name FROM inventory WHERE id = 816
2026-05-19 13:47:40 user_26 DELETE DELETE id, name FROM products WHERE id = 581
2026-05-19 13:47:42 user_23 SELECT SELECT id, name FROM products WHERE id = 368
2026-05-19 13:47:42 user_11 SELECT SELECT * FROM salary WHERE 1=1
2026-05-19 00:47:44 user_34 UPDATE UPDATE inventory SET stock = 0 WHERE last_updated < '2023-01-01'
2026-05-19 13:47:44 user_35 INSERT INSERT id, name FROM orders WHERE id = 636
2026-05-19 13:47:44 user_12 DELETE DELETE id, name FROM employees WHERE id = 191
2026-05-19 13:47:44 user_37 SELECT SELECT id, name FROM transactions WHERE id = 445
2026-05-19 13:47:45 user_13 UNKNOWN UNKNOWN id, name FROM salary WHERE id = 609
2026-05-19 13:47:46 user_06 UPDATE UPDATE id, name FROM hr_data WHERE id = 85
2026-05-19 13:47:47 user_39 UNKNOWN UNKNOWN id, name FROM salary WHERE id = 448
2026-05-19 13:47:47 user_18 SELECT SELECT id, name FROM employees WHERE id = 815
2026-05-19 13:47:49 user_37 UPDATE UPDATE id, name FROM employees WHERE id = 267
2026-05-19 13:47:49 user_32 UPDATE UPDATE id, name FROM finance WHERE id = 725
2026-05-19 13:47:49 user_20 UPDATE UPDATE id, name FROM orders WHERE id = 1000
2026-05-19 13:47:49 user_26 SELECT SELECT * FROM customers WHERE 1=1
2026-05-19 13:47:50 user_28 INSERT INSERT id, name FROM orders WHERE id = 953
2026-05-19 13:47:51 user_09 UPDATE UPDATE id, name FROM orders WHERE id = 622
2026-05-19 13:47:51 user_27 SELECT SELECT ssn, name FROM hr_data LIMIT 200
2026-05-19 13:47:52 user_18 SELECT SELECT * FROM customers WHERE 1=1
2026-05-19 13:47:54 user_39 INSERT INSERT id, name FROM inventory WHERE id = 318
2026-05-19 00:47:54 user_19 UPDATE UPDATE orders SET stock = 0 WHERE last_updated < '2023-01-01'
2026-05-19 01:47:54 user_07 UPDATE UPDATE orders SET stock = 0 WHERE last_updated < '2023-01-01'
2026-05-19 13:47:54 user_40 SELECT SELECT id, name FROM orders WHERE id = 561
2026-05-19 13:47:55 user_06 SELECT SELECT id, name FROM finance WHERE id = 108
2026-05-19 13:47:55 user_30 UNKNOWN UNKNOWN id, name FROM inventory WHERE id = 626
2026-05-19 01:47:55 user_34 UPDATE UPDATE orders SET stock = 0 WHERE last_updated < '2023-01-01'
2026-05-19 13:47:55 user_21 SELECT SELECT id, name FROM inventory WHERE id = 447
2026-05-19 13:47:55 user_14 SELECT SELECT id, name FROM salary WHERE id = 196
2026-05-19 13:47:56 user_01 INSERT INSERT id, name FROM transactions WHERE id = 655
2026-05-19 13:47:56 user_37 DELETE DELETE id, name FROM products WHERE id = 233
2026-05-19 13:47:56 user_30 SELECT SELECT ssn, name FROM hr_data LIMIT 200
2026-05-19 23:47:56 user_05 UPDATE UPDATE inventory SET stock = 0 WHERE last_updated < '2023-01-01'
2026-05-19 13:47:58 user_30 SELECT SELECT ssn, name FROM hr_data LIMIT 200
2026-05-19 13:47:58 user_09 UNKNOWN UNKNOWN id, name FROM transactions WHERE id = 296
2026-05-19 13:47:58 user_15 UNKNOWN UNKNOWN id, name FROM hr_data WHERE id = 449
2026-05-19 13:47:58 user_24 SELECT SELECT id, name FROM salary WHERE id = 229
2026-05-19 13:48:00 user_25 DELETE DELETE id, name FROM employees WHERE id = 680
2026-05-19 13:48:00 user_22 UPDATE UPDATE id, name FROM transactions WHERE id = 81
2026-05-19 13:48:00 user_19 DELETE DELETE id, name FROM products WHERE id = 634
2026-05-19 13:48:00 user_03 INSERT INSERT id, name FROM finance WHERE id = 274
2026-05-19 00:48:00 user_19 UPDATE UPDATE products SET stock = 0 WHERE last_updated < '2023-01-01'
2026-05-19 13:48:02 user_03 SELECT SELECT * FROM customers WHERE 1=1
2026-05-19 13:48:04 user_29 INSERT INSERT id, name FROM finance WHERE id = 523
2026-05-19 13:48:05 user_15 DELETE DELETE id, name FROM orders WHERE id = 45
2026-05-19 13:48:05 user_39 UPDATE UPDATE id, name FROM customers WHERE id = 280
2026-05-19 13:48:07 user_19 INSERT INSERT id, name FROM orders WHERE id = 608
2026-05-19 13:48:07 user_16 SELECT SELECT id, name FROM salary WHERE id = 517
2026-05-19 13:48:08 user_24 SELECT SELECT ssn, name FROM hr_data LIMIT 200
2026-05-19 13:48:08 user_30 UPDATE UPDATE id, name FROM hr_data WHERE id = 980
2026-05-19 13:48:08 user_12 INSERT INSERT id, name FROM customers WHERE id = 647
2026-05-19 13:48:08 user_05 SELECT SELECT * FROM customers WHERE 1=1
2026-05-19 13:48:08 user_17 DELETE DELETE id, name FROM hr_data WHERE id = 617
2026-05-19 22:48:08 user_38 UPDATE UPDATE products SET stock = 0 WHERE last_updated < '2023-01-01'
2026-05-19 13:48:09 user_22 SELECT SELECT id, name FROM customers WHERE id = 604
2026-05-19 13:48:09 user_29 SELECT SELECT id, name FROM transactions WHERE id = 629
2026-05-19 13:48:09 user_04 UPDATE UPDATE id, name FROM customers WHERE id = 623
2026-05-19 13:48:09 user_24 SELECT SELECT id, name FROM orders WHERE id = 554
2026-05-19 13:48:09 user_05 INSERT INSERT id, name FROM transactions WHERE id = 41
2026-05-19 00:48:10 user_35 UPDATE UPDATE orders SET stock = 0 WHERE last_updated < '2023-01-01'
2026-05-19 13:48:10 user_38 UPDATE UPDATE id, name FROM employees WHERE id = 698
2026-05-19 13:48:10 user_18 SELECT SELECT id, name FROM transactions WHERE id = 444
2026-05-19 13:48:10 user_16 SELECT SELECT * FROM salary WHERE 1=1
2026-05-19 13:48:11 user_08 UPDATE UPDATE id, name FROM products WHERE id = 224
2026-05-19 13:48:11 user_40 SELECT SELECT * FROM salary WHERE 1=1
2026-05-19 00:48:11 user_18 UPDATE UPDATE orders SET stock = 0 WHERE last_updated < '2023-01-01'
2026-05-19 13:48:11 user_07 SELECT SELECT * FROM salary WHERE 1=1
2026-05-19 13:48:12 user_12 UNKNOWN UNKNOWN id, name FROM inventory WHERE id = 383
2026-05-19 13:48:12 user_16 SELECT SELECT ssn, name FROM hr_data LIMIT 200
2026-05-19 13:48:13 user_37 DELETE DELETE id, name FROM finance WHERE id = 60
2026-05-19 13:48:13 user_03 SELECT SELECT ssn, name FROM hr_data LIMIT 200
2026-05-19 13:48:13 user_11 SELECT SELECT ssn, name FROM hr_data LIMIT 200
2026-05-19 13:48:13 user_08 SELECT SELECT * FROM finance WHERE 1=1
2026-05-19 22:48:13 user_29 UPDATE UPDATE products SET stock = 0 WHERE last_updated < '2023-01-01'
2026-05-19 13:48:15 user_40 SELECT SELECT ssn, name FROM hr_data LIMIT 200
2026-05-19 13:48:15 user_17 SELECT SELECT id, name FROM salary WHERE id = 940
2026-05-19 13:48:15 user_36 INSERT INSERT id, name FROM products WHERE id = 219
2026-05-19 01:48:16 user_31 UPDATE UPDATE products SET stock = 0 WHERE last_updated < '2023-01-01'
2026-05-19 13:48:16 user_21 SELECT SELECT ssn, name FROM hr_data LIMIT 200
2026-05-19 13:48:17 user_06 DELETE DELETE id, name FROM customers WHERE id = 865
2026-05-19 13:48:17 user_14 SELECT SELECT id, name FROM employees WHERE id = 84
2026-05-19 13:48:17 user_15 UPDATE UPDATE id, name FROM products WHERE id = 788
2026-05-19 13:48:19 user_23 UNKNOWN UNKNOWN id, name FROM products WHERE id = 173
2026-05-19 13:48:19 user_05 UPDATE UPDATE id, name FROM hr_data WHERE id = 546
2026-05-19 13:48:21 user_04 INSERT INSERT id, name FROM orders WHERE id = 302
2026-05-19 00:48:21 user_25 UPDATE UPDATE inventory SET stock = 0 WHERE last_updated < '2023-01-01'
2026-05-19 13:48:21 user_13 SELECT SELECT ssn, name FROM hr_data LIMIT 200
2026-05-19 13:48:22 user_99 SELECT SELECT account_balance FROM finance WHERE id = 12
2026-05-19 22:48:22 user_33 UPDATE UPDATE inventory SET stock = 0 WHERE last_updated < '2023-01-01'
2026-05-19 23:48:24 user_16 UPDATE UPDATE inventory SET stock = 0 WHERE last_updated < '2023-01-01'
2026-05-19 00:48:24 user_10 UPDATE UPDATE orders SET stock = 0 WHERE last_updated < '2023-01-01'
2026-05-19 13:48:24 user_28 DELETE DELETE id, name FROM products WHERE id = 325
2026-05-19 13:48:25 user_24 SELECT SELECT * FROM customers WHERE 1=1
2026-05-19 13:48:25 user_05 UPDATE UPDATE id, name FROM salary WHERE id = 655
2026-05-19 13:48:25 user_11 SELECT SELECT id, name FROM inventory WHERE id = 530
2026-05-19 13:48:25 user_29 SELECT SELECT id, name FROM transactions WHERE id = 189
2026-05-19 13:48:25 user_12 SELECT SELECT * FROM finance WHERE 1=1
2026-05-19 13:48:26 user_27 UPDATE UPDATE id, name FROM hr_data WHERE id = 752
2026-05-19 13:48:26 user_39 INSERT INSERT id, name FROM transactions WHERE id = 576
2026-05-19 13:48:28 user_17 SELECT SELECT * FROM finance WHERE 1=1
2026-05-19 13:48:28 user_04 SELECT SELECT id, name FROM products WHERE id = 832
2026-05-19 13:48:28 user_13 SELECT SELECT * FROM customers WHERE 1=1
2026-05-19 13:48:30 user_04 UNKNOWN UNKNOWN id, name FROM customers WHERE id = 744
2026-05-19 13:48:30 user_05 INSERT INSERT id, name FROM salary WHERE id = 315
2026-05-19 01:48:30 user_02 UPDATE UPDATE products SET stock = 0 WHERE last_updated < '2023-01-01'
2026-05-19 13:48:31 user_14 SELECT SELECT ssn, name FROM hr_data LIMIT 200
2026-05-19 13:48:31 user_05 UPDATE UPDATE id, name FROM hr_data WHERE id = 84
2026-05-19 13:48:32 user_06 SELECT SELECT * FROM salary WHERE 1=1
2026-05-19 13:48:34 user_29 SELECT SELECT id, name FROM orders WHERE id = 611
2026-05-19 13:48:34 user_22 SELECT SELECT id, name FROM employees WHERE id = 239
2026-05-19 13:48:34 user_37 UPDATE UPDATE id, name FROM inventory WHERE id = 870
2026-05-19 13:48:34 user_39 SELECT SELECT id, name FROM hr_data WHERE id = 223
2026-05-19 13:48:35 user_20 SELECT SELECT id, name FROM orders WHERE id = 929
2026-05-19 13:48:35 user_26 SELECT SELECT id, name FROM transactions WHERE id = 352
2026-05-19 13:48:35 user_06 DELETE DELETE id, name FROM transactions WHERE id = 479
2026-05-19 13:48:35 user_12 SELECT SELECT * FROM customers WHERE 1=1
2026-05-19 13:48:35 user_18 UPDATE UPDATE id, name FROM hr_data WHERE id = 989
2026-05-19 13:48:35 user_17 INSERT INSERT id, name FROM employees WHERE id = 136
2026-05-19 00:48:35 user_08 UPDATE UPDATE orders SET stock = 0 WHERE last_updated < '2023-01-01'
2026-05-19 13:48:37 user_11 UPDATE UPDATE id, name FROM customers WHERE id = 824
2026-05-19 13:48:37 user_24 SELECT SELECT id, name FROM finance WHERE id = 115
2026-05-19 13:48:37 user_08 UPDATE UPDATE id, name FROM inventory WHERE id = 250
2026-05-19 13:48:37 user_08 SELECT SELECT ssn, name FROM hr_data LIMIT 200
2026-05-19 13:48:37 user_32 SELECT SELECT * FROM customers WHERE 1=1
2026-05-19 13:48:38 user_23 SELECT SELECT id, name FROM products WHERE id = 656
2026-05-19 13:48:38 user_03 SELECT SELECT id, name FROM products WHERE id = 603
2026-05-19 00:48:38 user_31 UPDATE UPDATE orders SET stock = 0 WHERE last_updated < '2023-01-01'
2026-05-19 13:48:38 user_27 UPDATE UPDATE id, name FROM products WHERE id = 461
2026-05-19 13:48:39 user_16 SELECT SELECT * FROM salary WHERE 1=1
2026-05-19 13:48:39 user_26 INSERT INSERT id, name FROM customers WHERE id = 630
2026-05-19 13:48:39 user_33 UPDATE UPDATE id, name FROM products WHERE id = 192
2026-05-19 13:48:40 user_15 UPDATE UPDATE id, name FROM employees WHERE id = 20
2026-05-19 13:48:40 user_39 SELECT SELECT * FROM salary WHERE 1=1
2026-05-19 13:48:40 user_29 DELETE DELETE id, name FROM customers WHERE id = 748
2026-05-19 13:48:40 user_29 DELETE DELETE id, name FROM hr_data WHERE id = 570
2026-05-19 13:48:40 user_28 UNKNOWN UNKNOWN id, name FROM orders WHERE id = 739
2026-05-19 13:48:42 user_26 DELETE DELETE id, name FROM finance WHERE id = 150
2026-05-19 13:48:42 user_35 UNKNOWN UNKNOWN id, name FROM orders WHERE id = 3
2026-05-19 13:48:42 user_37 SELECT SELECT * FROM salary WHERE 1=1
2026-05-19 13:48:42 user_10 INSERT INSERT id, name FROM products WHERE id = 356
2026-05-19 13:48:42 user_03 UPDATE UPDATE id, name FROM products WHERE id = 413
2026-05-19 13:48:44 user_38 UPDATE UPDATE id, name FROM customers WHERE id = 12
2026-05-19 13:48:44 user_07 SELECT SELECT ssn, name FROM hr_data LIMIT 200
2026-05-19 13:48:46 user_19 UNKNOWN UNKNOWN id, name FROM salary WHERE id = 762
2026-05-19 13:48:46 user_05 UNKNOWN UNKNOWN id, name FROM inventory WHERE id = 86
2026-05-19 13:48:46 user_36 SELECT SELECT id, name FROM products WHERE id = 558
2026-05-19 13:48:46 user_07 UNKNOWN UNKNOWN id, name FROM employees WHERE id = 32
2026-05-19 13:48:46 user_31 UPDATE UPDATE id, name FROM products WHERE id = 414
2026-05-19 23:48:47 user_25 UPDATE UPDATE inventory SET stock = 0 WHERE last_updated < '2023-01-01'
2026-05-19 13:48:47 user_16 UPDATE UPDATE id, name FROM transactions WHERE id = 485
2026-05-19 13:48:48 user_36 UNKNOWN UNKNOWN id, name FROM inventory WHERE id = 1000
2026-05-19 22:48:48 user_30 UPDATE UPDATE inventory SET stock = 0 WHERE last_updated < '2023-01-01'
2026-05-19 13:48:48 user_15 SELECT SELECT * FROM salary WHERE 1=1
2026-05-19 23:48:48 user_14 UPDATE UPDATE products SET stock = 0 WHERE last_updated < '2023-01-01'
2026-05-19 22:48:48 user_18 UPDATE UPDATE orders SET stock = 0 WHERE last_updated < '2023-01-01'
2026-05-19 13:48:49 user_31 SELECT SELECT * FROM salary WHERE 1=1
2026-05-19 13:48:49 user_28 INSERT INSERT id, name FROM hr_data WHERE id = 75
2026-05-19 13:48:49 user_27 UPDATE UPDATE id, name FROM orders WHERE id = 752
2026-05-19 13:48:51 user_33 UNKNOWN UNKNOWN id, name FROM employees WHERE id = 713
2026-05-19 13:48:51 user_30 UPDATE UPDATE id, name FROM finance WHERE id = 920
2026-05-19 13:48:51 user_27 SELECT SELECT id, name FROM inventory WHERE id = 448
2026-05-19 13:48:51 user_25 SELECT SELECT id, name FROM orders WHERE id = 918
2026-05-19 13:48:52 user_39 INSERT INSERT id, name FROM orders WHERE id = 740
2026-05-19 13:48:52 user_24 DELETE DELETE id, name FROM hr_data WHERE id = 989
2026-05-19 13:48:54 user_18 SELECT SELECT ssn, name FROM hr_data LIMIT 200
2026-05-19 13:48:54 user_01 INSERT INSERT id, name FROM products WHERE id = 924
2026-05-19 13:48:54 user_08 INSERT INSERT id, name FROM transactions WHERE id = 819
2026-05-19 13:48:54 user_29 SELECT SELECT ssn, name FROM hr_data LIMIT 200
2026-05-19 13:48:55 user_24 UNKNOWN UNKNOWN id, name FROM finance WHERE id = 522
2026-05-19 13:48:55 user_01 INSERT INSERT id, name FROM transactions WHERE id = 759
2026-05-19 13:48:55 user_20 SELECT SELECT * FROM finance WHERE 1=1
2026-05-19 00:48:57 user_29 UPDATE UPDATE inventory SET stock = 0 WHERE last_updated < '2023-01-01'
2026-05-19 13:48:57 user_11 SELECT SELECT id, name FROM products WHERE id = 337
2026-05-19 13:48:57 user_27 SELECT SELECT id, name FROM transactions WHERE id = 882
2026-05-19 13:48:57 user_25 INSERT INSERT id, name FROM orders WHERE id = 476
2026-05-19 13:48:57 user_05 SELECT SELECT id, name FROM finance WHERE id = 31
2026-05-19 13:48:58 user_16 UNKNOWN UNKNOWN id, name FROM customers WHERE id = 453
2026-05-19 13:48:59 user_29 SELECT SELECT id, name FROM salary WHERE id = 836
2026-05-19 13:48:59 user_16 SELECT SELECT ssn, name FROM hr_data LIMIT 200
2026-05-19 13:48:59 user_32 DELETE DELETE id, name FROM products WHERE id = 231
2026-05-19 13:48:59 user_08 SELECT SELECT ssn, name FROM hr_data LIMIT 200
2026-05-19 13:49:01 user_06 SELECT SELECT id, name FROM finance WHERE id = 121
2026-05-19 13:49:01 user_31 INSERT INSERT id, name FROM inventory WHERE id = 553
2026-05-19 22:49:01 user_26 UPDATE UPDATE orders SET stock = 0 WHERE last_updated < '2023-01-01'
2026-05-19 13:49:02 user_20 DELETE DELETE id, name FROM customers WHERE id = 46
2026-05-19 13:49:02 user_24 UPDATE UPDATE id, name FROM salary WHERE id = 629
2026-05-19 00:49:03 user_37 UPDATE UPDATE products SET stock = 0 WHERE last_updated < '2023-01-01'
2026-05-19 13:49:03 user_21 SELECT SELECT ssn, name FROM hr_data LIMIT 200
2026-05-19 13:49:03 user_28 SELECT SELECT ssn, name FROM hr_data LIMIT 200
2026-05-19 13:49:03 user_18 SELECT SELECT id, name FROM hr_data WHERE id = 117
2026-05-19 13:49:04 user_38 DELETE DELETE id, name FROM inventory WHERE id = 529
2026-05-19 13:49:04 user_10 SELECT SELECT id, name FROM products WHERE id = 402
2026-05-19 13:49:05 user_24 SELECT SELECT * FROM customers WHERE 1=1
2026-05-19 01:49:06 user_12 UPDATE UPDATE orders SET stock = 0 WHERE last_updated < '2023-01-01'
2026-05-19 13:49:06 user_02 SELECT SELECT * FROM salary WHERE 1=1
2026-05-19 01:49:06 user_32 UPDATE UPDATE products SET stock = 0 WHERE last_updated < '2023-01-01'
2026-05-19 13:49:06 user_25 UNKNOWN UNKNOWN id, name FROM products WHERE id = 484
2026-05-19 13:49:06 user_07 SELECT SELECT id, name FROM finance WHERE id = 274
2026-05-19 22:49:06 user_14 UPDATE UPDATE orders SET stock = 0 WHERE last_updated < '2023-01-01'
2026-05-19 13:49:06 user_03 SELECT SELECT ssn, name FROM hr_data LIMIT 200
2026-05-19 13:49:08 user_22 SELECT SELECT id, name FROM products WHERE id = 153
2026-05-19 13:49:08 user_09 INSERT INSERT id, name FROM inventory WHERE id = 881
2026-05-19 13:49:08 user_33 SELECT SELECT * FROM customers WHERE 1=1
2026-05-19 01:49:08 user_19 UPDATE UPDATE inventory SET stock = 0 WHERE last_updated < '2023-01-01'
2026-05-19 13:49:10 user_19 SELECT SELECT id, name FROM salary WHERE id = 149
2026-05-19 13:49:10 user_40 UNKNOWN UNKNOWN id, name FROM orders WHERE id = 533
2026-05-19 13:49:10 user_14 UPDATE UPDATE id, name FROM finance WHERE id = 49
2026-05-19 13:49:10 user_18 DELETE DELETE id, name FROM employees WHERE id = 242
2026-05-19 13:49:12 user_23 UPDATE UPDATE id, name FROM finance WHERE id = 208
2026-05-19 13:49:12 user_04 DELETE DELETE id, name FROM products WHERE id = 569
2026-05-19 13:49:13 user_08 DELETE DELETE id, name FROM products WHERE id = 789
2026-05-19 13:49:13 user_29 SELECT SELECT id, name FROM hr_data WHERE id = 385
2026-05-19 13:49:13 user_22 SELECT SELECT * FROM finance WHERE 1=1
2026-05-19 13:49:13 user_19 SELECT SELECT id, name FROM orders WHERE id = 998
2026-05-19 13:49:13 user_11 DELETE DELETE id, name FROM finance WHERE id = 159
2026-05-19 13:49:14 user_31 UPDATE UPDATE id, name FROM orders WHERE id = 538
2026-05-19 13:49:14 user_06 SELECT SELECT ssn, name FROM hr_data LIMIT 200
2026-05-19 23:49:14 user_10 UPDATE UPDATE products SET stock = 0 WHERE last_updated < '2023-01-01'
2026-05-19 13:49:14 user_05 SELECT SELECT id, name FROM hr_data WHERE id = 816
2026-05-19 13:49:14 user_28 UNKNOWN UNKNOWN id, name FROM transactions WHERE id = 640
2026-05-19 13:49:16 user_16 INSERT INSERT id, name FROM products WHERE id = 95
2026-05-19 13:49:16 user_32 SELECT SELECT ssn, name FROM hr_data LIMIT 200
2026-05-19 13:49:16 user_39 SELECT SELECT ssn, name FROM hr_data LIMIT 200
2026-05-19 13:49:16 user_36 INSERT INSERT id, name FROM finance WHERE id = 544
2026-05-19 13:49:16 user_16 INSERT INSERT id, name FROM hr_data WHERE id = 522
2026-05-19 13:49:17 user_23 SELECT SELECT id, name FROM employees WHERE id = 877
2026-05-19 13:49:17 user_22 SELECT SELECT ssn, name FROM hr_data LIMIT 200
2026-05-19 13:49:19 user_10 INSERT INSERT id, name FROM hr_data WHERE id = 757
2026-05-19 00:49:19 user_24 UPDATE UPDATE products SET stock = 0 WHERE last_updated < '2023-01-01'
2026-05-19 13:49:19 user_22 DELETE DELETE id, name FROM customers WHERE id = 295
2026-05-19 13:49:19 user_07 SELECT SELECT * FROM salary WHERE 1=1
2026-05-19 13:49:21 user_05 INSERT INSERT id, name FROM transactions WHERE id = 385
2026-05-19 13:49:21 user_18 UNKNOWN UNKNOWN id, name FROM customers WHERE id = 257
2026-05-19 13:49:21 user_13 SELECT SELECT ssn, name FROM hr_data LIMIT 200
2026-05-19 13:49:21 user_35 SELECT SELECT * FROM customers WHERE 1=1
2026-05-19 13:49:21 user_37 DELETE DELETE id, name FROM customers WHERE id = 712
2026-05-19 13:49:21 user_09 UPDATE UPDATE id, name FROM customers WHERE id = 56
2026-05-19 13:49:21 user_18 SELECT SELECT * FROM finance WHERE 1=1
2026-05-19 00:49:21 user_17 UPDATE UPDATE products SET stock = 0 WHERE last_updated < '2023-01-01'
2026-05-19 13:49:21 user_19 SELECT SELECT id, name FROM orders WHERE id = 84
2026-05-19 13:49:23 user_21 DELETE DELETE id, name FROM finance WHERE id = 862
2026-05-19 13:49:23 user_20 SELECT SELECT id, name FROM transactions WHERE id = 332
2026-05-19 13:49:23 user_40 UNKNOWN UNKNOWN id, name FROM customers WHERE id = 270
2026-05-19 13:49:24 user_10 UPDATE UPDATE id, name FROM customers WHERE id = 115
2026-05-19 23:49:24 user_35 UPDATE UPDATE orders SET stock = 0 WHERE last_updated < '2023-01-01'
2026-05-19 13:49:26 user_04 INSERT INSERT id, name FROM hr_data WHERE id = 69
2026-05-19 13:49:27 user_32 SELECT SELECT id, name FROM orders WHERE id = 639
2026-05-19 13:49:27 user_08 UPDATE UPDATE id, name FROM transactions WHERE id = 306
2026-05-19 13:49:27 user_20 SELECT SELECT id, name FROM salary WHERE id = 36
2026-05-19 13:49:27 user_33 SELECT SELECT ssn, name FROM hr_data LIMIT 200
2026-05-19 13:49:27 user_18 DELETE DELETE id, name FROM finance WHERE id = 703
2026-05-19 13:49:28 user_05 SELECT SELECT * FROM customers WHERE 1=1
2026-05-19 13:49:28 user_09 UPDATE UPDATE id, name FROM customers WHERE id = 919
2026-05-19 13:49:28 user_02 UPDATE UPDATE id, name FROM employees WHERE id = 557
2026-05-19 13:49:28 user_17 INSERT INSERT id, name FROM orders WHERE id = 417
2026-05-19 13:49:28 user_07 SELECT SELECT ssn, name FROM hr_data LIMIT 200
2026-05-19 13:49:28 user_21 INSERT INSERT id, name FROM orders WHERE id = 418
2026-05-19 13:49:28 user_08 SELECT SELECT ssn, name FROM hr_data LIMIT 200
2026-05-19 22:49:28 user_16 UPDATE UPDATE inventory SET stock = 0 WHERE last_updated < '2023-01-01'
2026-05-19 13:49:28 user_08 SELECT SELECT ssn, name FROM hr_data LIMIT 200
2026-05-19 13:49:30 user_06 UNKNOWN UNKNOWN id, name FROM customers WHERE id = 511
2026-05-19 01:49:30 user_08 UPDATE UPDATE orders SET stock = 0 WHERE last_updated < '2023-01-01'
2026-05-19 13:49:30 user_28 DELETE DELETE id, name FROM employees WHERE id = 799
2026-05-19 13:49:30 user_13 SELECT SELECT ssn, name FROM hr_data LIMIT 200
2026-05-19 13:49:31 user_22 INSERT INSERT id, name FROM salary WHERE id = 804
2026-05-19 13:49:31 user_30 UPDATE UPDATE id, name FROM orders WHERE id = 235
2026-05-19 13:49:33 user_13 SELECT SELECT id, name FROM transactions WHERE id = 522
2026-05-19 13:49:33 user_09 DELETE DELETE id, name FROM products WHERE id = 583
2026-05-19 13:49:33 user_02 SELECT SELECT ssn, name FROM hr_data LIMIT 200
2026-05-19 13:49:33 user_02 UPDATE UPDATE id, name FROM employees WHERE id = 752
2026-05-19 13:49:33 user_16 INSERT INSERT id, name FROM orders WHERE id = 627
2026-05-19 13:49:34 user_10 SELECT SELECT ssn, name FROM hr_data LIMIT 200
2026-05-19 13:49:34 user_15 SELECT SELECT ssn, name FROM hr_data LIMIT 200
2026-05-19 13:49:35 user_11 SELECT SELECT * FROM customers WHERE 1=1
2026-05-19 13:49:35 user_30 UNKNOWN UNKNOWN id, name FROM products WHERE id = 222
2026-05-19 13:49:35 user_27 SELECT SELECT ssn, name FROM hr_data LIMIT 200
2026-05-19 13:49:35 user_19 SELECT SELECT * FROM customers WHERE 1=1
2026-05-19 13:49:35 user_38 UNKNOWN UNKNOWN id, name FROM inventory WHERE id = 662
2026-05-19 13:49:37 user_06 INSERT INSERT id, name FROM finance WHERE id = 611
2026-05-19 13:49:37 user_10 SELECT SELECT ssn, name FROM hr_data LIMIT 200
2026-05-19 13:49:37 user_30 SELECT SELECT ssn, name FROM hr_data LIMIT 200
2026-05-19 13:49:37 user_15 DELETE DELETE id, name FROM salary WHERE id = 187
2026-05-19 13:49:39 user_14 SELECT SELECT ssn, name FROM hr_data LIMIT 200
2026-05-19 13:49:39 user_21 DELETE DELETE id, name FROM employees WHERE id = 405
2026-05-19 13:49:39 user_25 UPDATE UPDATE id, name FROM products WHERE id = 33
2026-05-19 13:49:39 user_11 SELECT SELECT * FROM finance WHERE 1=1
2026-05-19 13:49:39 user_10 INSERT INSERT id, name FROM orders WHERE id = 733
2026-05-19 23:49:40 user_06 UPDATE UPDATE inventory SET stock = 0 WHERE last_updated < '2023-01-01'
2026-05-19 13:49:42 user_09 SELECT SELECT id, name FROM hr_data WHERE id = 640
2026-05-19 13:49:42 user_15 UPDATE UPDATE id, name FROM hr_data WHERE id = 430
2026-05-19 22:49:42 user_30 UPDATE UPDATE products SET stock = 0 WHERE last_updated < '2023-01-01'
2026-05-19 13:49:43 user_34 UPDATE UPDATE id, name FROM transactions WHERE id = 111
2026-05-19 13:49:43 user_39 DELETE DELETE id, name FROM hr_data WHERE id = 890
2026-05-19 13:49:43 user_28 DELETE DELETE id, name FROM hr_data WHERE id = 994
2026-05-19 13:49:43 user_22 SELECT SELECT * FROM customers WHERE 1=1
2026-05-19 01:49:43 user_11 UPDATE UPDATE orders SET stock = 0 WHERE last_updated < '2023-01-01'
2026-05-19 13:49:44 user_01 DELETE DELETE id, name FROM hr_data WHERE id = 863
2026-05-19 13:49:45 user_01 UNKNOWN UNKNOWN id, name FROM inventory WHERE id = 777
2026-05-19 13:49:45 user_27 UPDATE UPDATE id, name FROM orders WHERE id = 782
2026-05-19 13:49:45 user_18 UPDATE UPDATE id, name FROM finance WHERE id = 227
2026-05-19 13:49:46 user_07 INSERT INSERT id, name FROM hr_data WHERE id = 805
2026-05-19 13:49:46 user_25 UPDATE UPDATE id, name FROM salary WHERE id = 277
2026-05-19 13:49:46 user_22 SELECT SELECT * FROM salary WHERE 1=1
2026-05-19 13:49:46 user_12 SELECT SELECT ssn, name FROM hr_data LIMIT 200
2026-05-19 13:49:47 user_01 UNKNOWN UNKNOWN id, name FROM customers WHERE id = 979
2026-05-19 13:49:47 user_09 UPDATE UPDATE id, name FROM hr_data WHERE id = 892
2026-05-19 13:49:49 user_04 SELECT SELECT ssn, name FROM hr_data LIMIT 200
2026-05-19 13:49:49 user_28 UPDATE UPDATE id, name FROM transactions WHERE id = 799
2026-05-19 13:49:49 user_38 SELECT SELECT id, name FROM employees WHERE id = 799
2026-05-19 13:49:49 user_24 UPDATE UPDATE id, name FROM products WHERE id = 817
2026-05-19 13:49:49 user_14 INSERT INSERT id, name FROM customers WHERE id = 739
2026-05-19 13:49:50 user_22 UPDATE UPDATE id, name FROM customers WHERE id = 902
2026-05-19 01:49:50 user_01 UPDATE UPDATE products SET stock = 0 WHERE last_updated < '2023-01-01'
2026-05-19 23:49:51 user_02 UPDATE UPDATE products SET stock = 0 WHERE last_updated < '2023-01-01'
2026-05-19 13:49:51 user_13 INSERT INSERT id, name FROM salary WHERE id = 886
2026-05-19 13:49:52 user_28 SELECT SELECT * FROM finance WHERE 1=1
2026-05-19 13:49:52 user_29 UNKNOWN UNKNOWN id, name FROM products WHERE id = 973
2026-05-19 01:49:53 user_07 UPDATE UPDATE orders SET stock = 0 WHERE last_updated < '2023-01-01'
2026-05-19 01:49:53 user_13 UPDATE UPDATE inventory SET stock = 0 WHERE last_updated < '2023-01-01'
2026-05-19 13:49:53 user_11 DELETE DELETE id, name FROM products WHERE id = 777
2026-05-19 13:49:53 user_22 INSERT INSERT id, name FROM transactions WHERE id = 572
2026-05-19 13:49:53 user_26 INSERT INSERT id, name FROM transactions WHERE id = 88
2026-05-19 13:49:54 user_38 INSERT INSERT id, name FROM employees WHERE id = 436
2026-05-19 13:49:54 user_29 INSERT INSERT id, name FROM finance WHERE id = 573
2026-05-19 13:49:54 user_37 UNKNOWN UNKNOWN id, name FROM finance WHERE id = 581
2026-05-19 13:49:55 user_20 UPDATE UPDATE id, name FROM orders WHERE id = 425
2026-05-19 13:49:55 user_32 SELECT SELECT ssn, name FROM hr_data LIMIT 200
2026-05-19 13:49:55 user_19 UNKNOWN UNKNOWN id, name FROM salary WHERE id = 371
2026-05-19 13:49:57 user_05 UPDATE UPDATE id, name FROM hr_data WHERE id = 962
2026-05-19 23:49:57 user_21 UPDATE UPDATE orders SET stock = 0 WHERE last_updated < '2023-01-01'
2026-05-19 13:49:57 user_27 INSERT INSERT id, name FROM finance WHERE id = 802
2026-05-19 13:49:57 user_19 DELETE DELETE id, name FROM products WHERE id = 351
2026-05-19 13:49:57 user_29 SELECT SELECT ssn, name FROM hr_data LIMIT 200
2026-05-19 13:49:59 user_12 UPDATE UPDATE id, name FROM finance WHERE id = 868
2026-05-19 13:49:59 user_05 DELETE DELETE id, name FROM employees WHERE id = 854
2026-05-19 13:49:59 user_02 SELECT SELECT ssn, name FROM hr_data LIMIT 200
2026-05-19 13:49:59 user_35 DELETE DELETE id, name FROM transactions WHERE id = 963
2026-05-19 13:49:59 user_08 SELECT SELECT ssn, name FROM hr_data LIMIT 200
2026-05-19 13:49:59 user_20 SELECT SELECT id, name FROM orders WHERE id = 70
2026-05-19 13:50:00 user_38 UNKNOWN UNKNOWN id, name FROM customers WHERE id = 569
2026-05-19 13:50:00 user_39 INSERT INSERT id, name FROM salary WHERE id = 702
2026-05-19 13:50:00 user_29 UNKNOWN UNKNOWN id, name FROM orders WHERE id = 381
2026-05-19 13:50:02 user_31 UNKNOWN UNKNOWN id, name FROM inventory WHERE id = 203
2026-05-19 13:50:02 user_26 UNKNOWN UNKNOWN id, name FROM salary WHERE id = 391
2026-05-19 13:50:03 user_39 INSERT INSERT id, name FROM customers WHERE id = 624
2026-05-19 13:50:03 user_20 INSERT INSERT id, name FROM inventory WHERE id = 651
2026-05-19 13:50:03 user_10 INSERT INSERT id, name FROM orders WHERE id = 536
2026-05-19 13:50:03 user_11 DELETE DELETE id, name FROM products WHERE id = 751
2026-05-19 13:50:03 user_16 UPDATE UPDATE id, name FROM transactions WHERE id = 173
2026-05-19 13:50:03 user_35 SELECT SELECT ssn, name FROM hr_data LIMIT 200
2026-05-19 13:50:05 user_15 UPDATE UPDATE id, name FROM customers WHERE id = 364
2026-05-19 13:50:05 user_08 SELECT SELECT ssn, name FROM hr_data LIMIT 200
2026-05-19 13:50:05 user_23 UPDATE UPDATE id, name FROM orders WHERE id = 241
2026-05-19 13:50:05 user_18 UPDATE UPDATE id, name FROM hr_data WHERE id = 639
2026-05-19 13:50:05 user_19 UNKNOWN UNKNOWN id, name FROM hr_data WHERE id = 339
2026-05-19 13:50:06 user_34 INSERT INSERT id, name FROM employees WHERE id = 271
2026-05-19 13:50:06 user_27 SELECT SELECT id, name FROM inventory WHERE id = 72
2026-05-19 13:50:06 user_04 UNKNOWN UNKNOWN id, name FROM inventory WHERE id = 19
2026-05-19 13:50:06 user_12 INSERT INSERT id, name FROM employees WHERE id = 541
2026-05-19 13:50:07 user_15 SELECT SELECT id, name FROM salary WHERE id = 143
2026-05-19 13:50:08 user_30 SELECT SELECT id, name FROM inventory WHERE id = 727
2026-05-19 22:50:08 user_14 UPDATE UPDATE orders SET stock = 0 WHERE last_updated < '2023-01-01'
2026-05-19 13:50:08 user_07 UPDATE UPDATE id, name FROM inventory WHERE id = 671
2026-05-19 13:50:08 user_36 INSERT INSERT id, name FROM inventory WHERE id = 723
2026-05-19 22:50:08 user_32 UPDATE UPDATE orders SET stock = 0 WHERE last_updated < '2023-01-01'
2026-05-19 13:50:09 user_20 UPDATE UPDATE id, name FROM transactions WHERE id = 836
2026-05-19 13:50:09 user_21 DELETE DELETE id, name FROM orders WHERE id = 1000
2026-05-19 13:50:09 user_11 SELECT SELECT * FROM customers WHERE 1=1
2026-05-19 13:50:10 user_03 SELECT SELECT ssn, name FROM hr_data LIMIT 200
2026-05-19 13:50:11 user_30 UPDATE UPDATE id, name FROM customers WHERE id = 522
2026-05-19 13:50:11 user_28 UNKNOWN UNKNOWN id, name FROM hr_data WHERE id = 13
2026-05-19 13:50:13 user_30 SELECT SELECT id, name FROM orders WHERE id = 804
2026-05-19 13:50:14 user_23 SELECT SELECT * FROM customers WHERE 1=1
2026-05-19 23:50:16 user_24 UPDATE UPDATE orders SET stock = 0 WHERE last_updated < '2023-01-01'
2026-05-19 13:50:16 user_11 UPDATE UPDATE id, name FROM products WHERE id = 307
2026-05-19 13:50:18 user_01 SELECT SELECT id, name FROM finance WHERE id = 64
2026-05-19 13:50:18 user_40 DELETE DELETE id, name FROM products WHERE id = 912
2026-05-19 13:50:18 user_22 UPDATE UPDATE id, name FROM products WHERE id = 543
2026-05-19 13:50:18 user_17 UNKNOWN UNKNOWN id, name FROM products WHERE id = 220
2026-05-19 22:50:18 user_08 UPDATE UPDATE inventory SET stock = 0 WHERE last_updated < '2023-01-01'
2026-05-19 23:50:19 user_06 UPDATE UPDATE products SET stock = 0 WHERE last_updated < '2023-01-01'
2026-05-19 13:50:19 user_31 SELECT SELECT ssn, name FROM hr_data LIMIT 200
2026-05-19 13:50:19 user_14 SELECT SELECT id, name FROM salary WHERE id = 929
2026-05-19 13:50:19 user_36 SELECT SELECT * FROM finance WHERE 1=1
2026-05-19 13:50:19 user_16 INSERT INSERT id, name FROM orders WHERE id = 187
2026-05-19 13:50:20 user_21 UNKNOWN UNKNOWN id, name FROM hr_data WHERE id = 230
2026-05-19 23:50:20 user_40 UPDATE UPDATE inventory SET stock = 0 WHERE last_updated < '2023-01-01'
2026-05-19 22:50:20 user_38 UPDATE UPDATE products SET stock = 0 WHERE last_updated < '2023-01-01'
2026-05-19 13:50:20 user_04 SELECT SELECT ssn, name FROM hr_data LIMIT 200
2026-05-19 13:50:22 user_23 SELECT SELECT id, name FROM finance WHERE id = 740
2026-05-19 13:50:22 user_38 UPDATE UPDATE id, name FROM transactions WHERE id = 202
2026-05-19 13:50:22 user_24 SELECT SELECT id, name FROM products WHERE id = 481
2026-05-19 01:50:23 user_21 UPDATE UPDATE inventory SET stock = 0 WHERE last_updated < '2023-01-01'
2026-05-19 13:50:23 user_37 SELECT SELECT * FROM finance WHERE 1=1
2026-05-19 13:50:23 user_33 DELETE DELETE id, name FROM inventory WHERE id = 561
2026-05-19 13:50:24 user_21 UPDATE UPDATE id, name FROM transactions WHERE id = 320
2026-05-19 13:50:24 user_13 UPDATE UPDATE id, name FROM products WHERE id = 650
2026-05-19 22:50:24 user_02 UPDATE UPDATE products SET stock = 0 WHERE last_updated < '2023-01-01'
2026-05-19 13:50:24 user_35 UPDATE UPDATE id, name FROM employees WHERE id = 23
2026-05-19 13:50:24 user_15 UNKNOWN UNKNOWN id, name FROM orders WHERE id = 492
2026-05-19 13:50:24 user_20 UNKNOWN UNKNOWN id, name FROM hr_data WHERE id = 267
2026-05-19 13:50:24 user_06 UNKNOWN UNKNOWN id, name FROM inventory WHERE id = 829
2026-05-19 13:50:26 user_21 UNKNOWN UNKNOWN id, name FROM salary WHERE id = 161
2026-05-19 13:50:26 user_11 INSERT INSERT id, name FROM transactions WHERE id = 847
2026-05-19 22:50:28 user_26 UPDATE UPDATE orders SET stock = 0 WHERE last_updated < '2023-01-01'
2026-05-19 13:50:29 user_27 DELETE DELETE id, name FROM inventory WHERE id = 115
2026-05-19 13:50:29 user_29 UPDATE UPDATE id, name FROM hr_data WHERE id = 888
2026-05-19 13:50:29 user_22 UPDATE UPDATE id, name FROM orders WHERE id = 461
2026-05-19 13:50:29 user_40 UNKNOWN UNKNOWN id, name FROM salary WHERE id = 533
2026-05-19 13:50:30 user_33 INSERT INSERT id, name FROM salary WHERE id = 470
2026-05-19 13:50:31 user_32 SELECT SELECT ssn, name FROM hr_data LIMIT 200
2026-05-19 13:50:31 user_14 SELECT SELECT * FROM finance WHERE 1=1
2026-05-19 13:50:31 user_15 SELECT SELECT ssn, name FROM hr_data LIMIT 200
2026-05-19 13:50:31 user_16 SELECT SELECT id, name FROM customers WHERE id = 532
2026-05-19 13:50:33 user_30 SELECT SELECT id, name FROM employees WHERE id = 816
2026-05-19 13:50:34 user_26 INSERT INSERT id, name FROM hr_data WHERE id = 159
2026-05-19 13:50:34 user_23 DELETE DELETE id, name FROM orders WHERE id = 484
2026-05-19 00:50:34 user_09 UPDATE UPDATE orders SET stock = 0 WHERE last_updated < '2023-01-01'
2026-05-19 13:50:35 user_13 INSERT INSERT id, name FROM salary WHERE id = 127
2026-05-19 13:50:35 user_29 SELECT SELECT id, name FROM finance WHERE id = 516
2026-05-19 13:50:35 user_23 SELECT SELECT * FROM customers WHERE 1=1
2026-05-19 13:50:35 user_08 DELETE DELETE id, name FROM transactions WHERE id = 851
2026-05-19 13:50:35 user_23 SELECT SELECT ssn, name FROM hr_data LIMIT 200
2026-05-19 13:50:36 user_40 SELECT SELECT * FROM salary WHERE 1=1
2026-05-19 13:50:36 user_05 INSERT INSERT id, name FROM finance WHERE id = 783
2026-05-19 13:50:36 user_23 SELECT SELECT id, name FROM products WHERE id = 729
2026-05-19 13:50:36 user_09 DELETE DELETE id, name FROM products WHERE id = 316
2026-05-19 13:50:37 user_14 INSERT INSERT id, name FROM orders WHERE id = 563
2026-05-19 13:50:38 user_13 INSERT INSERT id, name FROM inventory WHERE id = 413
2026-05-19 13:50:38 user_36 UNKNOWN UNKNOWN id, name FROM hr_data WHERE id = 35
2026-05-19 00:50:38 user_22 UPDATE UPDATE orders SET stock = 0 WHERE last_updated < '2023-01-01'
2026-05-19 13:50:38 user_40 SELECT SELECT * FROM customers WHERE 1=1
2026-05-19 13:50:38 user_19 DELETE DELETE id, name FROM hr_data WHERE id = 16
2026-05-19 13:50:39 user_99 SELECT SELECT account_balance FROM finance WHERE id = 12
2026-05-19 13:50:39 user_14 SELECT SELECT ssn, name FROM hr_data LIMIT 200
2026-05-19 13:50:39 user_32 SELECT SELECT id, name FROM transactions WHERE id = 861
2026-05-19 13:50:41 user_36 SELECT SELECT id, name FROM inventory WHERE id = 22
2026-05-19 13:50:41 user_08 UPDATE UPDATE id, name FROM employees WHERE id = 597
2026-05-19 13:50:41 user_26 DELETE DELETE id, name FROM customers WHERE id = 92
2026-05-19 13:50:43 user_16 DELETE DELETE id, name FROM customers WHERE id = 319
2026-05-19 13:50:43 user_19 UPDATE UPDATE id, name FROM employees WHERE id = 82
2026-05-19 13:50:43 user_09 UPDATE UPDATE id, name FROM employees WHERE id = 801
2026-05-19 13:50:43 user_17 DELETE DELETE id, name FROM inventory WHERE id = 148
2026-05-19 13:50:45 user_18 SELECT SELECT * FROM salary WHERE 1=1
2026-05-19 13:50:46 user_02 SELECT SELECT ssn, name FROM hr_data LIMIT 200
2026-05-19 01:50:46 user_18 UPDATE UPDATE products SET stock = 0 WHERE last_updated < '2023-01-01'
2026-05-19 13:50:46 user_27 DELETE DELETE id, name FROM orders WHERE id = 444
2026-05-19 13:50:46 user_06 DELETE DELETE id, name FROM orders WHERE id = 522
2026-05-19 13:50:46 user_33 INSERT INSERT id, name FROM employees WHERE id = 439
2026-05-19 13:50:46 user_08 SELECT SELECT * FROM salary WHERE 1=1
2026-05-19 13:50:46 user_09 DELETE DELETE id, name FROM hr_data WHERE id = 572
2026-05-19 13:50:46 user_23 SELECT SELECT id, name FROM transactions WHERE id = 952
2026-05-19 13:50:46 user_12 SELECT SELECT ssn, name FROM hr_data LIMIT 200
2026-05-19 13:50:48 user_18 SELECT SELECT id, name FROM employees WHERE id = 288
2026-05-19 23:50:50 user_22 UPDATE UPDATE inventory SET stock = 0 WHERE last_updated < '2023-01-01'
2026-05-19 13:50:50 user_20 INSERT INSERT id, name FROM inventory WHERE id = 489
2026-05-19 13:50:50 user_30 SELECT SELECT ssn, name FROM hr_data LIMIT 200
2026-05-19 23:50:50 user_18 UPDATE UPDATE products SET stock = 0 WHERE last_updated < '2023-01-01'
2026-05-19 13:50:51 user_38 INSERT INSERT id, name FROM products WHERE id = 300
2026-05-19 13:50:51 user_34 SELECT SELECT ssn, name FROM hr_data LIMIT 200
2026-05-19 13:50:51 user_03 SELECT SELECT ssn, name FROM hr_data LIMIT 200
2026-05-19 13:50:52 user_10 SELECT SELECT id, name FROM transactions WHERE id = 450
2026-05-19 13:50:52 user_36 SELECT SELECT * FROM customers WHERE 1=1
2026-05-19 13:50:53 user_18 SELECT SELECT * FROM customers WHERE 1=1
2026-05-19 13:50:53 user_08 SELECT SELECT ssn, name FROM hr_data LIMIT 200
2026-05-19 01:50:53 user_39 UPDATE UPDATE orders SET stock = 0 WHERE last_updated < '2023-01-01'
2026-05-19 13:50:55 user_40 UNKNOWN UNKNOWN id, name FROM hr_data WHERE id = 853
2026-05-19 13:50:55 user_08 SELECT SELECT ssn, name FROM hr_data LIMIT 200
2026-05-19 13:50:55 user_14 SELECT SELECT ssn, name FROM hr_data LIMIT 200
2026-05-19 01:50:55 user_01 UPDATE UPDATE products SET stock = 0 WHERE last_updated < '2023-01-01'
2026-05-19 13:50:56 user_29 UPDATE UPDATE id, name FROM finance WHERE id = 715
2026-05-19 13:50:56 user_35 DELETE DELETE id, name FROM finance WHERE id = 973
2026-05-19 13:50:58 user_29 SELECT SELECT ssn, name FROM hr_data LIMIT 200
2026-05-19 13:50:58 user_03 INSERT INSERT id, name FROM inventory WHERE id = 949
2026-05-19 13:50:59 user_29 UNKNOWN UNKNOWN id, name FROM inventory WHERE id = 605
2026-05-19 13:50:59 user_02 UNKNOWN UNKNOWN id, name FROM customers WHERE id = 733
2026-05-19 13:51:00 user_40 UNKNOWN UNKNOWN id, name FROM customers WHERE id = 302
2026-05-19 13:51:00 user_12 INSERT INSERT id, name FROM products WHERE id = 381
2026-05-19 13:51:00 user_10 SELECT SELECT id, name FROM orders WHERE id = 78
2026-05-19 22:51:01 user_10 UPDATE UPDATE products SET stock = 0 WHERE last_updated < '2023-01-01'
2026-05-19 13:51:01 user_23 UPDATE UPDATE id, name FROM employees WHERE id = 91
2026-05-19 13:51:01 user_40 SELECT SELECT ssn, name FROM hr_data LIMIT 200
2026-05-19 13:51:03 user_31 INSERT INSERT id, name FROM transactions WHERE id = 786
2026-05-19 22:51:04 user_39 UPDATE UPDATE inventory SET stock = 0 WHERE last_updated < '2023-01-01'
2026-05-19 13:51:04 user_34 SELECT SELECT id, name FROM salary WHERE id = 728
2026-05-19 13:51:05 user_40 INSERT INSERT id, name FROM orders WHERE id = 687
2026-05-19 13:51:05 user_17 SELECT SELECT id, name FROM orders WHERE id = 92
2026-05-19 13:51:05 user_29 SELECT SELECT id, name FROM transactions WHERE id = 5
2026-05-19 13:51:06 user_07 UPDATE UPDATE id, name FROM orders WHERE id = 607
2026-05-19 13:51:06 user_38 DELETE DELETE id, name FROM hr_data WHERE id = 952
2026-05-19 13:51:07 user_28 SELECT SELECT ssn, name FROM hr_data LIMIT 200
2026-05-19 13:51:07 user_27 SELECT SELECT ssn, name FROM hr_data LIMIT 200
2026-05-19 13:51:07 user_36 UPDATE UPDATE id, name FROM inventory WHERE id = 764
2026-05-19 00:51:09 user_12 UPDATE UPDATE orders SET stock = 0 WHERE last_updated < '2023-01-01'
2026-05-19 13:51:09 user_37 UNKNOWN UNKNOWN id, name FROM employees WHERE id = 143
2026-05-19 13:51:09 user_12 UNKNOWN UNKNOWN id, name FROM finance WHERE id = 304
2026-05-19 13:51:09 user_02 UNKNOWN UNKNOWN id, name FROM transactions WHERE id = 854
2026-05-19 13:51:09 user_20 SELECT SELECT ssn, name FROM hr_data LIMIT 200
2026-05-19 01:51:10 user_05 UPDATE UPDATE products SET stock = 0 WHERE last_updated < '2023-01-01'
2026-05-19 13:51:10 user_13 DELETE DELETE id, name FROM orders WHERE id = 14
2026-05-19 01:51:10 user_13 UPDATE UPDATE products SET stock = 0 WHERE last_updated < '2023-01-01'
2026-05-19 23:51:10 user_27 UPDATE UPDATE orders SET stock = 0 WHERE last_updated < '2023-01-01'
2026-05-19 13:51:11 user_20 UPDATE UPDATE id, name FROM transactions WHERE id = 104
2026-05-19 13:51:11 user_09 UNKNOWN UNKNOWN id, name FROM finance WHERE id = 840
2026-05-19 13:51:11 user_24 UPDATE UPDATE id, name FROM orders WHERE id = 161
2026-05-19 13:51:11 user_15 DELETE DELETE id, name FROM transactions WHERE id = 91
2026-05-19 13:51:13 user_26 DELETE DELETE id, name FROM transactions WHERE id = 390
2026-05-19 23:51:13 user_17 UPDATE UPDATE orders SET stock = 0 WHERE last_updated < '2023-01-01'
2026-05-19 13:51:13 user_15 SELECT SELECT id, name FROM transactions WHERE id = 406
2026-05-19 13:51:13 user_07 INSERT INSERT id, name FROM customers WHERE id = 9
2026-05-19 13:51:14 user_21 UPDATE UPDATE id, name FROM finance WHERE id = 914
2026-05-19 13:51:14 user_21 SELECT SELECT id, name FROM orders WHERE id = 300
2026-05-19 13:51:14 user_33 SELECT SELECT * FROM salary WHERE 1=1
2026-05-19 13:51:14 user_17 SELECT SELECT * FROM salary WHERE 1=1
2026-05-19 13:51:14 user_11 SELECT SELECT id, name FROM finance WHERE id = 241
2026-05-19 13:51:15 user_26 SELECT SELECT * FROM customers WHERE 1=1
2026-05-19 13:51:16 user_14 UNKNOWN UNKNOWN id, name FROM products WHERE id = 133
2026-05-19 13:51:18 user_15 SELECT SELECT ssn, name FROM hr_data LIMIT 200
2026-05-19 13:51:18 user_17 DELETE DELETE id, name FROM transactions WHERE id = 83
2026-05-19 13:51:20 user_39 UNKNOWN UNKNOWN id, name FROM inventory WHERE id = 865
2026-05-19 13:51:20 user_11 DELETE DELETE id, name FROM salary WHERE id = 204
2026-05-19 13:51:20 user_02 UNKNOWN UNKNOWN id, name FROM orders WHERE id = 312
2026-05-19 23:51:20 user_29 UPDATE UPDATE products SET stock = 0 WHERE last_updated < '2023-01-01'
2026-05-19 01:51:21 user_26 UPDATE UPDATE products SET stock = 0 WHERE last_updated < '2023-01-01'
2026-05-19 13:51:22 user_17 DELETE DELETE id, name FROM finance WHERE id = 966
2026-05-19 13:51:22 user_35 DELETE DELETE id, name FROM finance WHERE id = 696
2026-05-19 00:51:22 user_24 UPDATE UPDATE products SET stock = 0 WHERE last_updated < '2023-01-01'
2026-05-19 13:51:22 user_37 SELECT SELECT ssn, name FROM hr_data LIMIT 200
2026-05-19 13:51:24 user_02 DELETE DELETE id, name FROM finance WHERE id = 297
2026-05-19 13:51:25 user_22 UPDATE UPDATE id, name FROM inventory WHERE id = 227
2026-05-19 01:51:25 user_39 UPDATE UPDATE orders SET stock = 0 WHERE last_updated < '2023-01-01'
2026-05-19 13:51:25 user_29 UPDATE UPDATE id, name FROM finance WHERE id = 655
2026-05-19 13:51:25 user_01 UNKNOWN UNKNOWN id, name FROM customers WHERE id = 640
2026-05-19 13:51:25 user_24 SELECT SELECT ssn, name FROM hr_data LIMIT 200
2026-05-19 13:51:26 user_28 SELECT SELECT ssn, name FROM hr_data LIMIT 200
2026-05-19 13:51:28 user_05 SELECT SELECT * FROM customers WHERE 1=1
2026-05-19 13:51:28 user_10 SELECT SELECT * FROM salary WHERE 1=1
2026-05-19 13:51:28 user_37 DELETE DELETE id, name FROM hr_data WHERE id = 172
2026-05-19 13:51:30 user_24 DELETE DELETE id, name FROM finance WHERE id = 651
2026-05-19 13:51:30 user_02 SELECT SELECT * FROM salary WHERE 1=1
2026-05-19 00:51:30 user_21 UPDATE UPDATE inventory SET stock = 0 WHERE last_updated < '2023-01-01'
2026-05-19 13:51:31 user_38 DELETE DELETE id, name FROM transactions WHERE id = 107
2026-05-19 13:51:31 user_32 SELECT SELECT id, name FROM orders WHERE id = 641
2026-05-19 13:51:31 user_02 INSERT INSERT id, name FROM salary WHERE id = 522
2026-05-19 13:51:33 user_30 UNKNOWN UNKNOWN id, name FROM hr_data WHERE id = 796
2026-05-19 13:51:33 user_05 UPDATE UPDATE id, name FROM products WHERE id = 103
2026-05-19 13:51:33 user_15 UNKNOWN UNKNOWN id, name FROM orders WHERE id = 311
2026-05-19 13:51:33 user_31 DELETE DELETE id, name FROM orders WHERE id = 452
2026-05-19 13:51:35 user_10 DELETE DELETE id, name FROM employees WHERE id = 954
2026-05-19 13:51:35 user_21 SELECT SELECT id, name FROM transactions WHERE id = 880
2026-05-19 13:51:35 user_32 UPDATE UPDATE id, name FROM orders WHERE id = 685
2026-05-19 13:51:35 user_40 SELECT SELECT ssn, name FROM hr_data LIMIT 200
2026-05-19 13:51:35 user_01 UPDATE UPDATE id, name FROM orders WHERE id = 518
2026-05-19 13:51:35 user_25 DELETE DELETE id, name FROM employees WHERE id = 718
2026-05-19 13:51:35 user_06 SELECT SELECT id, name FROM products WHERE id = 320
2026-05-19 13:51:37 user_16 UNKNOWN UNKNOWN id, name FROM transactions WHERE id = 387
2026-05-19 13:51:38 user_05 SELECT SELECT * FROM finance WHERE 1=1
2026-05-19 13:51:38 user_14 UPDATE UPDATE id, name FROM hr_data WHERE id = 819
2026-05-19 13:51:38 user_28 SELECT SELECT ssn, name FROM hr_data LIMIT 200
2026-05-19 13:51:38 user_11 INSERT INSERT id, name FROM orders WHERE id = 734
2026-05-19 13:51:40 user_19 UNKNOWN UNKNOWN id, name FROM employees WHERE id = 46
2026-05-19 13:51:40 user_34 SELECT SELECT * FROM salary WHERE 1=1
2026-05-19 22:51:40 user_35 UPDATE UPDATE inventory SET stock = 0 WHERE last_updated < '2023-01-01'
2026-05-19 13:51:41 user_22 INSERT INSERT id, name FROM salary WHERE id = 909
2026-05-19 13:51:41 user_32 SELECT SELECT id, name FROM products WHERE id = 453
2026-05-19 13:51:41 user_34 SELECT SELECT ssn, name FROM hr_data LIMIT 200
2026-05-19 13:51:41 user_23 SELECT SELECT * FROM customers WHERE 1=1
2026-05-19 13:51:41 user_06 UPDATE UPDATE id, name FROM employees WHERE id = 694
2026-05-19 13:51:43 user_03 UNKNOWN UNKNOWN id, name FROM salary WHERE id = 396
2026-05-19 13:51:43 user_19 SELECT SELECT ssn, name FROM hr_data LIMIT 200
2026-05-19 00:51:44 user_37 UPDATE UPDATE orders SET stock = 0 WHERE last_updated < '2023-01-01'
2026-05-19 22:51:44 user_06 UPDATE UPDATE products SET stock = 0 WHERE last_updated < '2023-01-01'
2026-05-19 13:51:44 user_13 SELECT SELECT ssn, name FROM hr_data LIMIT 200
2026-05-19 13:51:46 user_37 UNKNOWN UNKNOWN id, name FROM finance WHERE id = 969
2026-05-19 13:51:46 user_26 UPDATE UPDATE id, name FROM customers WHERE id = 791
2026-05-19 13:51:46 user_30 SELECT SELECT * FROM salary WHERE 1=1
2026-05-19 13:51:46 user_35 DELETE DELETE id, name FROM transactions WHERE id = 148
2026-05-19 13:51:46 user_30 UPDATE UPDATE id, name FROM salary WHERE id = 836
2026-05-19 13:51:46 user_08 SELECT SELECT * FROM finance WHERE 1=1
2026-05-19 13:51:47 user_09 DELETE DELETE id, name FROM customers WHERE id = 55
2026-05-19 13:51:49 user_09 UPDATE UPDATE id, name FROM inventory WHERE id = 88
2026-05-19 13:51:49 user_12 SELECT SELECT id, name FROM customers WHERE id = 956
2026-05-19 13:51:51 user_40 UPDATE UPDATE id, name FROM finance WHERE id = 848
2026-05-19 13:51:51 user_31 UNKNOWN UNKNOWN id, name FROM products WHERE id = 960
2026-05-19 13:51:51 user_04 UNKNOWN UNKNOWN id, name FROM finance WHERE id = 760
2026-05-19 13:51:51 user_04 SELECT SELECT * FROM salary WHERE 1=1
2026-05-19 13:51:51 user_40 SELECT SELECT ssn, name FROM hr_data LIMIT 200
2026-05-19 13:51:52 user_18 UPDATE UPDATE id, name FROM products WHERE id = 583
2026-05-19 23:51:52 user_36 UPDATE UPDATE inventory SET stock = 0 WHERE last_updated < '2023-01-01'
2026-05-19 13:51:52 user_26 DELETE DELETE id, name FROM orders WHERE id = 293
2026-05-19 13:51:52 user_01 INSERT INSERT id, name FROM products WHERE id = 396
2026-05-19 13:51:52 user_37 SELECT SELECT ssn, name FROM hr_data LIMIT 200
2026-05-19 13:51:53 user_30 SELECT SELECT id, name FROM salary WHERE id = 557
2026-05-19 00:51:54 user_15 UPDATE UPDATE inventory SET stock = 0 WHERE last_updated < '2023-01-01'
2026-05-19 01:51:56 user_08 UPDATE UPDATE inventory SET stock = 0 WHERE last_updated < '2023-01-01'
2026-05-19 13:51:56 user_10 SELECT SELECT id, name FROM products WHERE id = 531
2026-05-19 13:51:56 user_23 UPDATE UPDATE id, name FROM inventory WHERE id = 355
2026-05-19 13:51:56 user_16 SELECT SELECT id, name FROM finance WHERE id = 47
2026-05-19 13:51:56 user_10 DELETE DELETE id, name FROM hr_data WHERE id = 164
2026-05-19 13:51:57 user_27 INSERT INSERT id, name FROM hr_data WHERE id = 504
2026-05-19 13:51:57 user_05 SELECT SELECT id, name FROM inventory WHERE id = 240
2026-05-19 13:51:57 user_24 UNKNOWN UNKNOWN id, name FROM employees WHERE id = 564
2026-05-19 00:51:57 user_34 UPDATE UPDATE orders SET stock = 0 WHERE last_updated < '2023-01-01'
2026-05-19 13:51:57 user_33 SELECT SELECT ssn, name FROM hr_data LIMIT 200
2026-05-19 13:51:58 user_09 DELETE DELETE id, name FROM transactions WHERE id = 604
2026-05-19 13:51:58 user_02 INSERT INSERT id, name FROM inventory WHERE id = 350
2026-05-19 13:51:58 user_25 SELECT SELECT ssn, name FROM hr_data LIMIT 200
2026-05-19 13:51:59 user_16 SELECT SELECT ssn, name FROM hr_data LIMIT 200
2026-05-19 13:51:59 user_39 UNKNOWN UNKNOWN id, name FROM employees WHERE id = 973
2026-05-19 13:52:00 user_19 DELETE DELETE id, name FROM products WHERE id = 343
2026-05-19 23:52:01 user_25 UPDATE UPDATE products SET stock = 0 WHERE last_updated < '2023-01-01'
2026-05-19 13:52:02 user_05 SELECT SELECT id, name FROM finance WHERE id = 15
2026-05-19 13:52:02 user_32 UPDATE UPDATE id, name FROM salary WHERE id = 207
2026-05-19 13:52:03 user_21 SELECT SELECT ssn, name FROM hr_data LIMIT 200
2026-05-19 13:52:03 user_24 DELETE DELETE id, name FROM orders WHERE id = 639
2026-05-19 13:52:03 user_08 INSERT INSERT id, name FROM products WHERE id = 933
2026-05-19 13:52:03 user_10 UNKNOWN UNKNOWN id, name FROM transactions WHERE id = 752
2026-05-19 13:52:03 user_24 SELECT SELECT ssn, name FROM hr_data LIMIT 200
2026-05-19 13:52:05 user_18 SELECT SELECT * FROM finance WHERE 1=1
2026-05-19 01:52:05 user_14 UPDATE UPDATE products SET stock = 0 WHERE last_updated < '2023-01-01'
2026-05-19 13:52:05 user_23 UPDATE UPDATE id, name FROM finance WHERE id = 536
2026-05-19 13:52:06 user_03 SELECT SELECT * FROM customers WHERE 1=1
2026-05-19 13:52:06 user_21 UNKNOWN UNKNOWN id, name FROM employees WHERE id = 247
2026-05-19 00:52:06 user_19 UPDATE UPDATE products SET stock = 0 WHERE last_updated < '2023-01-01'
2026-05-19 13:52:08 user_36 UPDATE UPDATE id, name FROM orders WHERE id = 795
2026-05-19 13:52:08 user_40 SELECT SELECT * FROM finance WHERE 1=1
2026-05-19 13:52:08 user_20 SELECT SELECT ssn, name FROM hr_data LIMIT 200
2026-05-19 13:52:08 user_01 DELETE DELETE id, name FROM finance WHERE id = 778
2026-05-19 13:52:08 user_11 SELECT SELECT ssn, name FROM hr_data LIMIT 200
2026-05-19 13:52:10 user_16 SELECT SELECT * FROM customers WHERE 1=1
2026-05-19 23:52:10 user_38 UPDATE UPDATE products SET stock = 0 WHERE last_updated < '2023-01-01'
2026-05-19 13:52:10 user_30 DELETE DELETE id, name FROM salary WHERE id = 546
2026-05-19 13:52:10 user_11 UPDATE UPDATE id, name FROM finance WHERE id = 934
2026-05-19 13:52:10 user_03 DELETE DELETE id, name FROM finance WHERE id = 633
2026-05-19 13:52:10 user_23 SELECT SELECT * FROM customers WHERE 1=1
2026-05-19 13:52:12 user_17 SELECT SELECT id, name FROM employees WHERE id = 446
2026-05-19 13:52:12 user_29 SELECT SELECT ssn, name FROM hr_data LIMIT 200
2026-05-19 13:52:12 user_34 UPDATE UPDATE id, name FROM employees WHERE id = 52
2026-05-19 13:52:12 user_26 DELETE DELETE id, name FROM salary WHERE id = 369
2026-05-19 13:52:12 user_08 INSERT INSERT id, name FROM orders WHERE id = 970
2026-05-19 13:52:14 user_14 INSERT INSERT id, name FROM transactions WHERE id = 619
2026-05-19 13:52:14 user_10 SELECT SELECT ssn, name FROM hr_data LIMIT 200
2026-05-19 13:52:15 user_07 SELECT SELECT ssn, name FROM hr_data LIMIT 200
2026-05-19 13:52:15 user_36 SELECT SELECT * FROM customers WHERE 1=1
2026-05-19 13:52:15 user_01 UPDATE UPDATE id, name FROM finance WHERE id = 760
2026-05-19 13:52:15 user_25 DELETE DELETE id, name FROM inventory WHERE id = 573
2026-05-19 13:52:15 user_26 DELETE DELETE id, name FROM inventory WHERE id = 773
2026-05-19 13:52:17 user_28 UNKNOWN UNKNOWN id, name FROM transactions WHERE id = 903
2026-05-19 13:52:17 user_09 DELETE DELETE id, name FROM products WHERE id = 797
2026-05-19 23:52:17 user_25 UPDATE UPDATE inventory SET stock = 0 WHERE last_updated < '2023-01-01'
2026-05-19 13:52:18 user_30 INSERT INSERT id, name FROM customers WHERE id = 279
2026-05-19 13:52:18 user_09 SELECT SELECT id, name FROM products WHERE id = 34
2026-05-19 00:52:18 user_34 UPDATE UPDATE products SET stock = 0 WHERE last_updated < '2023-01-01'
2026-05-19 13:52:18 user_02 DELETE DELETE id, name FROM orders WHERE id = 800
2026-05-19 13:52:20 user_18 UNKNOWN UNKNOWN id, name FROM products WHERE id = 231
2026-05-19 13:52:20 user_21 DELETE DELETE id, name FROM hr_data WHERE id = 635
2026-05-19 13:52:20 user_23 SELECT SELECT * FROM salary WHERE 1=1
2026-05-19 13:52:22 user_01 DELETE DELETE id, name FROM orders WHERE id = 721
2026-05-19 13:52:23 user_37 SELECT SELECT * FROM salary WHERE 1=1
2026-05-19 13:52:23 user_38 SELECT SELECT * FROM salary WHERE 1=1
2026-05-19 13:52:25 user_26 SELECT SELECT id, name FROM finance WHERE id = 71
2026-05-19 13:52:25 user_29 SELECT SELECT * FROM customers WHERE 1=1
2026-05-19 13:52:25 user_10 DELETE DELETE id, name FROM inventory WHERE id = 250
2026-05-19 13:52:26 user_16 SELECT SELECT id, name FROM salary WHERE id = 375
2026-05-19 23:52:26 user_24 UPDATE UPDATE orders SET stock = 0 WHERE last_updated < '2023-01-01'
2026-05-19 23:52:26 user_09 UPDATE UPDATE inventory SET stock = 0 WHERE last_updated < '2023-01-01'
2026-05-19 13:52:26 user_23 SELECT SELECT * FROM customers WHERE 1=1
2026-05-19 13:52:27 user_03 UNKNOWN UNKNOWN id, name FROM hr_data WHERE id = 803
2026-05-19 13:52:27 user_36 SELECT SELECT id, name FROM products WHERE id = 847
2026-05-19 13:52:27 user_38 INSERT INSERT id, name FROM transactions WHERE id = 42
2026-05-19 23:52:29 user_40 UPDATE UPDATE orders SET stock = 0 WHERE last_updated < '2023-01-01'
2026-05-19 13:52:29 user_33 SELECT SELECT ssn, name FROM hr_data LIMIT 200
2026-05-19 13:52:29 user_37 INSERT INSERT id, name FROM hr_data WHERE id = 577
2026-05-19 22:52:29 user_17 UPDATE UPDATE inventory SET stock = 0 WHERE last_updated < '2023-01-01'
2026-05-19 13:52:31 user_06 INSERT INSERT id, name FROM customers WHERE id = 653
2026-05-19 13:52:32 user_23 DELETE DELETE id, name FROM inventory WHERE id = 885
2026-05-19 13:52:32 user_39 SELECT SELECT ssn, name FROM hr_data LIMIT 200
2026-05-19 13:52:32 user_21 SELECT SELECT ssn, name FROM hr_data LIMIT 200
2026-05-19 13:52:33 user_09 SELECT SELECT ssn, name FROM hr_data LIMIT 200
2026-05-19 13:52:33 user_13 SELECT SELECT id, name FROM products WHERE id = 339
2026-05-19 13:52:33 user_37 UNKNOWN UNKNOWN id, name FROM inventory WHERE id = 986
2026-05-19 13:52:33 user_38 UNKNOWN UNKNOWN id, name FROM salary WHERE id = 836
2026-05-19 13:52:33 user_06 SELECT SELECT id, name FROM transactions WHERE id = 460
2026-05-19 13:52:35 user_26 UPDATE UPDATE id, name FROM inventory WHERE id = 414
2026-05-19 23:52:35 user_02 UPDATE UPDATE orders SET stock = 0 WHERE last_updated < '2023-01-01'
2026-05-19 13:52:35 user_20 SELECT SELECT id, name FROM products WHERE id = 637
2026-05-19 13:52:36 user_21 SELECT SELECT id, name FROM products WHERE id = 30
2026-05-19 22:52:36 user_12 UPDATE UPDATE orders SET stock = 0 WHERE last_updated < '2023-01-01'
2026-05-19 13:52:36 user_02 SELECT SELECT ssn, name FROM hr_data LIMIT 200
2026-05-19 13:52:36 user_12 SELECT SELECT ssn, name FROM hr_data LIMIT 200
2026-05-19 13:52:36 user_28 UPDATE UPDATE id, name FROM employees WHERE id = 877
2026-05-19 13:52:36 user_23 DELETE DELETE id, name FROM customers WHERE id = 80
2026-05-19 13:52:36 user_29 SELECT SELECT * FROM customers WHERE 1=1
2026-05-19 13:52:37 user_37 SELECT SELECT id, name FROM salary WHERE id = 888
2026-05-19 23:52:37 user_28 UPDATE UPDATE products SET stock = 0 WHERE last_updated < '2023-01-01'
2026-05-19 13:52:37 user_09 SELECT SELECT * FROM customers WHERE 1=1
2026-05-19 13:52:37 user_03 DELETE DELETE id, name FROM orders WHERE id = 972
2026-05-19 13:52:39 user_02 UNKNOWN UNKNOWN id, name FROM salary WHERE id = 947
2026-05-19 13:52:39 user_11 UNKNOWN UNKNOWN id, name FROM inventory WHERE id = 465
2026-05-19 13:52:39 user_22 SELECT SELECT id, name FROM hr_data WHERE id = 66
2026-05-19 13:52:39 user_17 UNKNOWN UNKNOWN id, name FROM hr_data WHERE id = 629
2026-05-19 13:52:40 user_04 UPDATE UPDATE id, name FROM finance WHERE id = 287
2026-05-19 13:52:40 user_32 SELECT SELECT * FROM customers WHERE 1=1
2026-05-19 13:52:40 user_35 SELECT SELECT ssn, name FROM hr_data LIMIT 200
2026-05-19 13:52:42 user_15 DELETE DELETE id, name FROM customers WHERE id = 513
2026-05-19 13:52:42 user_19 SELECT SELECT * FROM customers WHERE 1=1
2026-05-19 13:52:42 user_19 SELECT SELECT ssn, name FROM hr_data LIMIT 200
2026-05-19 13:52:42 user_40 UPDATE UPDATE id, name FROM finance WHERE id = 287
2026-05-19 13:52:42 user_25 DELETE DELETE id, name FROM salary WHERE id = 729
2026-05-19 22:52:42 user_32 UPDATE UPDATE orders SET stock = 0 WHERE last_updated < '2023-01-01'
2026-05-19 13:52:42 user_09 INSERT INSERT id, name FROM finance WHERE id = 598
2026-05-19 13:52:42 user_36 SELECT SELECT * FROM customers WHERE 1=1
2026-05-19 13:52:42 user_40 DELETE DELETE id, name FROM customers WHERE id = 204
2026-05-19 22:52:44 user_03 UPDATE UPDATE products SET stock = 0 WHERE last_updated < '2023-01-01'
2026-05-19 13:52:44 user_26 SELECT SELECT ssn, name FROM hr_data LIMIT 200
2026-05-19 13:52:44 user_16 INSERT INSERT id, name FROM transactions WHERE id = 465
2026-05-19 13:52:45 user_30 SELECT SELECT ssn, name FROM hr_data LIMIT 200
2026-05-19 13:52:45 user_07 DELETE DELETE id, name FROM employees WHERE id = 965
2026-05-19 13:52:45 user_33 SELECT SELECT ssn, name FROM hr_data LIMIT 200
2026-05-19 13:52:47 user_01 INSERT INSERT id, name FROM products WHERE id = 459
2026-05-19 13:52:47 user_36 UNKNOWN UNKNOWN id, name FROM finance WHERE id = 261
2026-05-19 13:52:48 user_27 SELECT SELECT ssn, name FROM hr_data LIMIT 200
2026-05-19 13:52:48 user_01 SELECT SELECT ssn, name FROM hr_data LIMIT 200
2026-05-19 13:52:48 user_19 SELECT SELECT id, name FROM transactions WHERE id = 391
2026-05-19 22:52:48 user_20 UPDATE UPDATE products SET stock = 0 WHERE last_updated < '2023-01-01'
2026-05-19 13:52:49 user_28 INSERT INSERT id, name FROM orders WHERE id = 331
2026-05-19 13:52:49 user_13 SELECT SELECT id, name FROM finance WHERE id = 806
2026-05-19 01:52:49 user_07 UPDATE UPDATE orders SET stock = 0 WHERE last_updated < '2023-01-01'
2026-05-19 13:52:51 user_05 SELECT SELECT * FROM salary WHERE 1=1
2026-05-19 13:52:51 user_30 SELECT SELECT ssn, name FROM hr_data LIMIT 200
2026-05-19 13:52:53 user_26 UNKNOWN UNKNOWN id, name FROM inventory WHERE id = 939
2026-05-19 13:52:54 user_07 INSERT INSERT id, name FROM finance WHERE id = 703
2026-05-19 13:52:55 user_09 DELETE DELETE id, name FROM products WHERE id = 851
2026-05-19 13:52:56 user_12 UPDATE UPDATE id, name FROM employees WHERE id = 263
2026-05-19 00:52:56 user_23 UPDATE UPDATE orders SET stock = 0 WHERE last_updated < '2023-01-01'
2026-05-19 13:52:57 user_02 UPDATE UPDATE id, name FROM employees WHERE id = 884
2026-05-19 13:52:57 user_30 UPDATE UPDATE id, name FROM finance WHERE id = 942
2026-05-19 13:52:57 user_34 SELECT SELECT id, name FROM orders WHERE id = 804
2026-05-19 22:52:57 user_34 UPDATE UPDATE products SET stock = 0 WHERE last_updated < '2023-01-01'
2026-05-19 13:52:58 user_20 DELETE DELETE id, name FROM hr_data WHERE id = 498
2026-05-19 13:53:00 user_30 INSERT INSERT id, name FROM salary WHERE id = 687
2026-05-19 00:53:00 user_37 UPDATE UPDATE inventory SET stock = 0 WHERE last_updated < '2023-01-01'
2026-05-19 13:53:00 user_39 DELETE DELETE id, name FROM orders WHERE id = 795
2026-05-19 13:53:00 user_31 SELECT SELECT id, name FROM orders WHERE id = 479
2026-05-19 13:53:01 user_22 DELETE DELETE id, name FROM hr_data WHERE id = 468
2026-05-19 13:53:01 user_08 DELETE DELETE id, name FROM employees WHERE id = 321
2026-05-19 13:53:01 user_31 UPDATE UPDATE id, name FROM inventory WHERE id = 919
2026-05-19 13:53:03 user_14 UPDATE UPDATE id, name FROM products WHERE id = 86
2026-05-19 01:53:03 user_27 UPDATE UPDATE orders SET stock = 0 WHERE last_updated < '2023-01-01'
2026-05-19 13:53:03 user_07 DELETE DELETE id, name FROM inventory WHERE id = 759
2026-05-19 13:53:03 user_31 INSERT INSERT id, name FROM hr_data WHERE id = 507
2026-05-19 13:53:03 user_07 INSERT INSERT id, name FROM inventory WHERE id = 90
2026-05-19 13:53:04 user_14 SELECT SELECT id, name FROM orders WHERE id = 440
2026-05-19 13:53:04 user_08 UPDATE UPDATE id, name FROM transactions WHERE id = 282
2026-05-19 13:53:05 user_39 UNKNOWN UNKNOWN id, name FROM employees WHERE id = 189
2026-05-19 23:53:05 user_24 UPDATE UPDATE inventory SET stock = 0 WHERE last_updated < '2023-01-01'
2026-05-19 13:53:05 user_06 INSERT INSERT id, name FROM transactions WHERE id = 839
2026-05-19 13:53:05 user_38 SELECT SELECT id, name FROM employees WHERE id = 217
2026-05-19 13:53:06 user_28 UNKNOWN UNKNOWN id, name FROM finance WHERE id = 63
2026-05-19 13:53:06 user_21 UPDATE UPDATE id, name FROM hr_data WHERE id = 352
2026-05-19 13:53:08 user_04 SELECT SELECT ssn, name FROM hr_data LIMIT 200
2026-05-19 13:53:08 user_08 UNKNOWN UNKNOWN id, name FROM finance WHERE id = 869
2026-05-19 22:53:08 user_29 UPDATE UPDATE orders SET stock = 0 WHERE last_updated < '2023-01-01'
2026-05-19 13:53:08 user_17 DELETE DELETE id, name FROM customers WHERE id = 67
2026-05-19 13:53:10 user_09 SELECT SELECT ssn, name FROM hr_data LIMIT 200
2026-05-19 13:53:10 user_32 UNKNOWN UNKNOWN id, name FROM customers WHERE id = 14
2026-05-19 13:53:10 user_35 SELECT SELECT * FROM customers WHERE 1=1
2026-05-19 13:53:10 user_05 SELECT SELECT ssn, name FROM hr_data LIMIT 200
2026-05-19 00:53:10 user_30 UPDATE UPDATE orders SET stock = 0 WHERE last_updated < '2023-01-01'
2026-05-19 13:53:10 user_04 UNKNOWN UNKNOWN id, name FROM finance WHERE id = 641
2026-05-19 13:53:12 user_04 INSERT INSERT id, name FROM customers WHERE id = 375
2026-05-19 13:53:12 user_23 SELECT SELECT ssn, name FROM hr_data LIMIT 200
2026-05-19 13:53:12 user_33 DELETE DELETE id, name FROM customers WHERE id = 163
2026-05-19 13:53:14 user_15 SELECT SELECT ssn, name FROM hr_data LIMIT 200
2026-05-19 13:53:14 user_01 UNKNOWN UNKNOWN id, name FROM transactions WHERE id = 451
2026-05-19 01:53:14 user_15 UPDATE UPDATE products SET stock = 0 WHERE last_updated < '2023-01-01'
2026-05-19 13:53:14 user_01 SELECT SELECT ssn, name FROM hr_data LIMIT 200
2026-05-19 13:53:16 user_25 UPDATE UPDATE id, name FROM finance WHERE id = 684
2026-05-19 00:53:16 user_40 UPDATE UPDATE orders SET stock = 0 WHERE last_updated < '2023-01-01'
2026-05-19 13:53:16 user_18 INSERT INSERT id, name FROM inventory WHERE id = 909
2026-05-19 13:53:16 user_13 SELECT SELECT ssn, name FROM hr_data LIMIT 200
2026-05-19 13:53:16 user_06 INSERT INSERT id, name FROM inventory WHERE id = 738
2026-05-19 22:53:18 user_20 UPDATE UPDATE orders SET stock = 0 WHERE last_updated < '2023-01-01'
2026-05-19 22:53:18 user_17 UPDATE UPDATE orders SET stock = 0 WHERE last_updated < '2023-01-01'
2026-05-19 13:53:18 user_38 INSERT INSERT id, name FROM employees WHERE id = 684
2026-05-19 13:53:18 user_12 SELECT SELECT ssn, name FROM hr_data LIMIT 200
2026-05-19 13:53:18 user_31 UPDATE UPDATE id, name FROM employees WHERE id = 793
2026-05-19 13:53:20 user_16 UPDATE UPDATE id, name FROM transactions WHERE id = 726
2026-05-19 13:53:20 user_16 SELECT SELECT id, name FROM finance WHERE id = 773
2026-05-19 13:53:20 user_05 DELETE DELETE id, name FROM products WHERE id = 688
2026-05-19 13:53:21 user_06 SELECT SELECT * FROM salary WHERE 1=1
2026-05-19 13:53:21 user_40 SELECT SELECT ssn, name FROM hr_data LIMIT 200
2026-05-19 13:53:22 user_27 UNKNOWN UNKNOWN id, name FROM orders WHERE id = 635
2026-05-19 00:53:22 user_22 UPDATE UPDATE orders SET stock = 0 WHERE last_updated < '2023-01-01'
2026-05-19 00:53:22 user_37 UPDATE UPDATE products SET stock = 0 WHERE last_updated < '2023-01-01'
2026-05-19 13:53:22 user_09 DELETE DELETE id, name FROM customers WHERE id = 837
2026-05-19 13:53:22 user_07 INSERT INSERT id, name FROM finance WHERE id = 996
2026-05-19 13:53:24 user_03 UNKNOWN UNKNOWN id, name FROM finance WHERE id = 822
2026-05-19 13:53:24 user_26 SELECT SELECT id, name FROM hr_data WHERE id = 120
2026-05-19 13:53:25 user_14 SELECT SELECT * FROM customers WHERE 1=1
2026-05-19 13:53:25 user_35 SELECT SELECT * FROM customers WHERE 1=1
2026-05-19 13:53:25 user_39 UPDATE UPDATE id, name FROM hr_data WHERE id = 719
2026-05-19 22:53:26 user_28 UPDATE UPDATE inventory SET stock = 0 WHERE last_updated < '2023-01-01'
2026-05-19 13:53:26 user_25 UPDATE UPDATE id, name FROM salary WHERE id = 896
2026-05-19 13:53:26 user_36 UPDATE UPDATE id, name FROM hr_data WHERE id = 758
2026-05-19 13:53:26 user_40 INSERT INSERT id, name FROM products WHERE id = 29
2026-05-19 13:53:26 user_39 SELECT SELECT * FROM salary WHERE 1=1
2026-05-19 13:53:27 user_40 INSERT INSERT id, name FROM inventory WHERE id = 451
2026-05-19 13:53:27 user_28 SELECT SELECT id, name FROM customers WHERE id = 379
2026-05-19 13:53:27 user_28 SELECT SELECT ssn, name FROM hr_data LIMIT 200
2026-05-19 13:53:27 user_30 SELECT SELECT ssn, name FROM hr_data LIMIT 200
2026-05-19 13:53:28 user_25 SELECT SELECT id, name FROM transactions WHERE id = 741
2026-05-19 13:53:30 user_13 SELECT SELECT id, name FROM hr_data WHERE id = 745
2026-05-19 13:53:30 user_18 INSERT INSERT id, name FROM orders WHERE id = 110
2026-05-19 13:53:30 user_37 DELETE DELETE id, name FROM inventory WHERE id = 257
2026-05-19 13:53:30 user_13 DELETE DELETE id, name FROM hr_data WHERE id = 729
2026-05-19 13:53:31 user_13 UNKNOWN UNKNOWN id, name FROM finance WHERE id = 108
2026-05-19 13:53:32 user_25 SELECT SELECT id, name FROM customers WHERE id = 879
2026-05-19 13:53:32 user_28 UNKNOWN UNKNOWN id, name FROM finance WHERE id = 795
2026-05-19 13:53:32 user_03 UPDATE UPDATE id, name FROM customers WHERE id = 495
2026-05-19 13:53:32 user_27 UPDATE UPDATE id, name FROM inventory WHERE id = 103
2026-05-19 13:53:32 user_10 UNKNOWN UNKNOWN id, name FROM salary WHERE id = 145
2026-05-19 13:53:33 user_26 SELECT SELECT id, name FROM finance WHERE id = 860
2026-05-19 13:53:33 user_04 UPDATE UPDATE id, name FROM employees WHERE id = 221
2026-05-19 13:53:33 user_14 UPDATE UPDATE id, name FROM transactions WHERE id = 750
2026-05-19 13:53:33 user_19 DELETE DELETE id, name FROM finance WHERE id = 791
2026-05-19 13:53:33 user_10 SELECT SELECT * FROM customers WHERE 1=1
2026-05-19 13:53:34 user_15 UNKNOWN UNKNOWN id, name FROM finance WHERE id = 128
2026-05-19 13:53:36 user_03 SELECT SELECT id, name FROM orders WHERE id = 639
2026-05-19 13:53:36 user_12 UNKNOWN UNKNOWN id, name FROM hr_data WHERE id = 913
2026-05-19 13:53:36 user_22 DELETE DELETE id, name FROM employees WHERE id = 741
2026-05-19 13:53:36 user_17 INSERT INSERT id, name FROM products WHERE id = 968
2026-05-19 13:53:36 user_37 SELECT SELECT * FROM finance WHERE 1=1
2026-05-19 13:53:37 user_23 SELECT SELECT ssn, name FROM hr_data LIMIT 200
2026-05-19 01:53:38 user_20 UPDATE UPDATE orders SET stock = 0 WHERE last_updated < '2023-01-01'
2026-05-19 13:53:38 user_26 UPDATE UPDATE id, name FROM transactions WHERE id = 858
2026-05-19 13:53:39 user_17 UNKNOWN UNKNOWN id, name FROM salary WHERE id = 248
2026-05-19 00:53:39 user_18 UPDATE UPDATE products SET stock = 0 WHERE last_updated < '2023-01-01'
2026-05-19 13:53:39 user_26 DELETE DELETE id, name FROM salary WHERE id = 641
2026-05-19 13:53:41 user_09 DELETE DELETE id, name FROM hr_data WHERE id = 902
2026-05-19 13:53:42 user_20 UNKNOWN UNKNOWN id, name FROM products WHERE id = 753
2026-05-19 13:53:42 user_29 SELECT SELECT ssn, name FROM hr_data LIMIT 200
2026-05-19 13:53:42 user_07 SELECT SELECT ssn, name FROM hr_data LIMIT 200
2026-05-19 13:53:42 user_19 DELETE DELETE id, name FROM transactions WHERE id = 96
2026-05-19 23:53:42 user_35 UPDATE UPDATE orders SET stock = 0 WHERE last_updated < '2023-01-01'
2026-05-19 13:53:44 user_30 SELECT SELECT id, name FROM finance WHERE id = 297
2026-05-19 13:53:44 user_10 UPDATE UPDATE id, name FROM customers WHERE id = 103
2026-05-19 00:53:44 user_07 UPDATE UPDATE products SET stock = 0 WHERE last_updated < '2023-01-01'
2026-05-19 22:53:46 user_17 UPDATE UPDATE products SET stock = 0 WHERE last_updated < '2023-01-01'
2026-05-19 13:53:46 user_11 UPDATE UPDATE id, name FROM inventory WHERE id = 378
2026-05-19 13:53:47 user_08 UNKNOWN UNKNOWN id, name FROM salary WHERE id = 706
2026-05-19 13:53:49 user_29 SELECT SELECT id, name FROM products WHERE id = 494
2026-05-19 13:53:49 user_14 SELECT SELECT * FROM finance WHERE 1=1
2026-05-19 13:53:49 user_16 DELETE DELETE id, name FROM hr_data WHERE id = 828
2026-05-19 13:53:49 user_34 UNKNOWN UNKNOWN id, name FROM salary WHERE id = 930
2026-05-19 22:53:49 user_06 UPDATE UPDATE orders SET stock = 0 WHERE last_updated < '2023-01-01'
2026-05-19 13:53:50 user_27 DELETE DELETE id, name FROM products WHERE id = 494
2026-05-19 13:53:50 user_23 SELECT SELECT * FROM customers WHERE 1=1
2026-05-19 13:53:50 user_35 UPDATE UPDATE id, name FROM customers WHERE id = 412
2026-05-19 13:53:50 user_21 SELECT SELECT * FROM salary WHERE 1=1
2026-05-19 13:53:51 user_39 UNKNOWN UNKNOWN id, name FROM products WHERE id = 331
2026-05-19 13:53:51 user_13 INSERT INSERT id, name FROM products WHERE id = 248
2026-05-19 13:53:51 user_34 SELECT SELECT id, name FROM products WHERE id = 672
2026-05-19 13:53:52 user_34 INSERT INSERT id, name FROM salary WHERE id = 235
2026-05-19 13:53:52 user_16 DELETE DELETE id, name FROM products WHERE id = 632
2026-05-19 13:53:54 user_19 SELECT SELECT * FROM customers WHERE 1=1
2026-05-19 13:53:54 user_33 SELECT SELECT ssn, name FROM hr_data LIMIT 200
2026-05-19 13:53:56 user_25 SELECT SELECT ssn, name FROM hr_data LIMIT 200
2026-05-19 23:53:56 user_39 UPDATE UPDATE orders SET stock = 0 WHERE last_updated < '2023-01-01'
2026-05-19 13:53:56 user_19 SELECT SELECT ssn, name FROM hr_data LIMIT 200
2026-05-19 13:53:57 user_31 DELETE DELETE id, name FROM salary WHERE id = 771
2026-05-19 23:53:57 user_25 UPDATE UPDATE products SET stock = 0 WHERE last_updated < '2023-01-01'
2026-05-19 22:53:57 user_05 UPDATE UPDATE inventory SET stock = 0 WHERE last_updated < '2023-01-01'
2026-05-19 13:53:57 user_32 UNKNOWN UNKNOWN id, name FROM employees WHERE id = 224
2026-05-19 13:53:57 user_35 INSERT INSERT id, name FROM salary WHERE id = 887
2026-05-19 13:53:59 user_31 INSERT INSERT id, name FROM hr_data WHERE id = 662
2026-05-19 13:53:59 user_22 INSERT INSERT id, name FROM products WHERE id = 840
2026-05-19 13:53:59 user_24 DELETE DELETE id, name FROM employees WHERE id = 306
2026-05-19 13:53:59 user_11 UPDATE UPDATE id, name FROM products WHERE id = 741
2026-05-19 13:54:00 user_22 INSERT INSERT id, name FROM salary WHERE id = 512
2026-05-19 13:54:01 user_26 INSERT INSERT id, name FROM customers WHERE id = 147
2026-05-19 13:54:03 user_12 SELECT SELECT id, name FROM finance WHERE id = 388
2026-05-19 13:54:03 user_17 INSERT INSERT id, name FROM finance WHERE id = 913
2026-05-19 13:54:03 user_35 UNKNOWN UNKNOWN id, name FROM salary WHERE id = 996
2026-05-19 13:54:04 user_31 DELETE DELETE id, name FROM orders WHERE id = 861
2026-05-19 13:54:05 user_08 SELECT SELECT id, name FROM inventory WHERE id = 916
2026-05-19 13:54:06 user_21 SELECT SELECT id, name FROM finance WHERE id = 497
2026-05-19 22:54:06 user_34 UPDATE UPDATE inventory SET stock = 0 WHERE last_updated < '2023-01-01'
2026-05-19 13:54:08 user_27 INSERT INSERT id, name FROM hr_data WHERE id = 286
2026-05-19 01:54:10 user_33 UPDATE UPDATE products SET stock = 0 WHERE last_updated < '2023-01-01'
2026-05-19 13:54:10 user_04 SELECT SELECT ssn, name FROM hr_data LIMIT 200
2026-05-19 22:54:10 user_18 UPDATE UPDATE inventory SET stock = 0 WHERE last_updated < '2023-01-01'
2026-05-19 13:54:10 user_10 UNKNOWN UNKNOWN id, name FROM customers WHERE id = 907
2026-05-19 22:54:10 user_20 UPDATE UPDATE products SET stock = 0 WHERE last_updated < '2023-01-01'
2026-05-19 13:54:12 user_18 SELECT SELECT id, name FROM finance WHERE id = 816
2026-05-19 13:54:13 user_31 DELETE DELETE id, name FROM products WHERE id = 135
2026-05-19 13:54:13 user_04 SELECT SELECT ssn, name FROM hr_data LIMIT 200
2026-05-19 13:54:13 user_37 SELECT SELECT * FROM salary WHERE 1=1
2026-05-19 13:54:13 user_32 SELECT SELECT id, name FROM employees WHERE id = 74
2026-05-19 13:54:13 user_32 UNKNOWN UNKNOWN id, name FROM orders WHERE id = 660
2026-05-19 13:54:14 user_17 SELECT SELECT id, name FROM hr_data WHERE id = 379
2026-05-19 01:54:14 user_19 UPDATE UPDATE inventory SET stock = 0 WHERE last_updated < '2023-01-01'
2026-05-19 13:54:16 user_28 UNKNOWN UNKNOWN id, name FROM customers WHERE id = 997
2026-05-19 13:54:16 user_14 SELECT SELECT ssn, name FROM hr_data LIMIT 200
2026-05-19 13:54:17 user_11 SELECT SELECT id, name FROM customers WHERE id = 37
2026-05-19 13:54:17 user_13 DELETE DELETE id, name FROM employees WHERE id = 906
2026-05-19 01:54:19 user_19 UPDATE UPDATE orders SET stock = 0 WHERE last_updated < '2023-01-01'
2026-05-19 13:54:19 user_13 UPDATE UPDATE id, name FROM transactions WHERE id = 581
2026-05-19 00:54:19 user_22 UPDATE UPDATE inventory SET stock = 0 WHERE last_updated < '2023-01-01'
2026-05-19 13:54:20 user_36 SELECT SELECT * FROM salary WHERE 1=1
2026-05-19 13:54:20 user_24 UPDATE UPDATE id, name FROM salary WHERE id = 338
2026-05-19 00:54:20 user_28 UPDATE UPDATE products SET stock = 0 WHERE last_updated < '2023-01-01'
2026-05-19 13:54:20 user_13 SELECT SELECT * FROM customers WHERE 1=1
2026-05-19 13:54:20 user_14 SELECT SELECT * FROM customers WHERE 1=1
2026-05-19 13:54:22 user_36 SELECT SELECT ssn, name FROM hr_data LIMIT 200
2026-05-19 22:54:22 user_17 UPDATE UPDATE orders SET stock = 0 WHERE last_updated < '2023-01-01'
2026-05-19 13:54:24 user_31 UPDATE UPDATE id, name FROM transactions WHERE id = 543
2026-05-19 13:54:26 user_07 DELETE DELETE id, name FROM finance WHERE id = 513
2026-05-19 13:54:26 user_19 INSERT INSERT id, name FROM products WHERE id = 149
2026-05-19 13:54:27 user_38 INSERT INSERT id, name FROM transactions WHERE id = 475
2026-05-19 13:54:27 user_40 SELECT SELECT id, name FROM employees WHERE id = 795
2026-05-19 13:54:27 user_05 UNKNOWN UNKNOWN id, name FROM finance WHERE id = 977
2026-05-19 13:54:27 user_11 UNKNOWN UNKNOWN id, name FROM transactions WHERE id = 924
2026-05-19 23:54:27 user_22 UPDATE UPDATE orders SET stock = 0 WHERE last_updated < '2023-01-01'
2026-05-19 13:54:27 user_21 UNKNOWN UNKNOWN id, name FROM transactions WHERE id = 894
2026-05-19 13:54:27 user_37 UNKNOWN UNKNOWN id, name FROM orders WHERE id = 587
2026-05-19 13:54:27 user_07 DELETE DELETE id, name FROM finance WHERE id = 722
2026-05-19 01:54:27 user_08 UPDATE UPDATE products SET stock = 0 WHERE last_updated < '2023-01-01'
2026-05-19 13:54:29 user_28 SELECT SELECT id, name FROM orders WHERE id = 654
2026-05-19 22:54:29 user_29 UPDATE UPDATE inventory SET stock = 0 WHERE last_updated < '2023-01-01'
2026-05-19 13:54:30 user_36 UNKNOWN UNKNOWN id, name FROM customers WHERE id = 599
2026-05-19 13:54:30 user_35 UNKNOWN UNKNOWN id, name FROM products WHERE id = 727
2026-05-19 13:54:30 user_34 SELECT SELECT id, name FROM products WHERE id = 327
2026-05-19 13:54:30 user_36 SELECT SELECT * FROM salary WHERE 1=1
2026-05-19 13:54:31 user_30 SELECT SELECT id, name FROM customers WHERE id = 42
2026-05-19 13:54:31 user_21 UPDATE UPDATE id, name FROM inventory WHERE id = 315
2026-05-19 23:54:32 user_10 UPDATE UPDATE orders SET stock = 0 WHERE last_updated < '2023-01-01'
2026-05-19 13:54:32 user_27 SELECT SELECT * FROM finance WHERE 1=1
2026-05-19 13:54:32 user_22 SELECT SELECT ssn, name FROM hr_data LIMIT 200
2026-05-19 13:54:32 user_05 UNKNOWN UNKNOWN id, name FROM inventory WHERE id = 36
2026-05-19 13:54:32 user_39 SELECT SELECT ssn, name FROM hr_data LIMIT 200
2026-05-19 13:54:34 user_25 SELECT SELECT id, name FROM products WHERE id = 40
2026-05-19 13:54:34 user_08 DELETE DELETE id, name FROM transactions WHERE id = 748
2026-05-19 13:54:34 user_22 SELECT SELECT id, name FROM finance WHERE id = 684
2026-05-19 13:54:36 user_03 SELECT SELECT ssn, name FROM hr_data LIMIT 200
2026-05-19 13:54:36 user_10 SELECT SELECT ssn, name FROM hr_data LIMIT 200
2026-05-19 22:54:36 user_10 UPDATE UPDATE orders SET stock = 0 WHERE last_updated < '2023-01-01'
2026-05-19 22:54:36 user_38 UPDATE UPDATE orders SET stock = 0 WHERE last_updated < '2023-01-01'
2026-05-19 22:54:37 user_04 UPDATE UPDATE inventory SET stock = 0 WHERE last_updated < '2023-01-01'
2026-05-19 13:54:37 user_11 INSERT INSERT id, name FROM customers WHERE id = 163
2026-05-19 01:54:37 user_04 UPDATE UPDATE inventory SET stock = 0 WHERE last_updated < '2023-01-01'
2026-05-19 13:54:37 user_09 INSERT INSERT id, name FROM orders WHERE id = 577
2026-05-19 13:54:37 user_28 DELETE DELETE id, name FROM inventory WHERE id = 776
2026-05-19 13:54:39 user_09 SELECT SELECT * FROM salary WHERE 1=1
2026-05-19 13:54:39 user_29 DELETE DELETE id, name FROM products WHERE id = 391
2026-05-19 13:54:39 user_06 SELECT SELECT ssn, name FROM hr_data LIMIT 200
2026-05-19 23:54:39 user_16 UPDATE UPDATE orders SET stock = 0 WHERE last_updated < '2023-01-01'
2026-05-19 13:54:40 user_29 SELECT SELECT ssn, name FROM hr_data LIMIT 200
2026-05-19 13:54:40 user_23 SELECT SELECT id, name FROM salary WHERE id = 657
2026-05-19 01:54:41 user_23 UPDATE UPDATE orders SET stock = 0 WHERE last_updated < '2023-01-01'
2026-05-19 13:54:41 user_03 SELECT SELECT id, name FROM transactions WHERE id = 572
2026-05-19 13:54:42 user_23 SELECT SELECT * FROM salary WHERE 1=1
2026-05-19 13:54:42 user_37 UNKNOWN UNKNOWN id, name FROM hr_data WHERE id = 377
2026-05-19 13:54:44 user_39 UPDATE UPDATE id, name FROM inventory WHERE id = 766
2026-05-19 13:54:44 user_11 UNKNOWN UNKNOWN id, name FROM orders WHERE id = 310
2026-05-19 13:54:44 user_06 SELECT SELECT ssn, name FROM hr_data LIMIT 200
2026-05-19 13:54:44 user_11 SELECT SELECT id, name FROM customers WHERE id = 464
2026-05-19 13:54:44 user_01 SELECT SELECT id, name FROM transactions WHERE id = 159
2026-05-19 13:54:46 user_20 SELECT SELECT id, name FROM hr_data WHERE id = 895
2026-05-19 13:54:46 user_28 DELETE DELETE id, name FROM finance WHERE id = 826
2026-05-19 13:54:46 user_18 SELECT SELECT ssn, name FROM hr_data LIMIT 200
2026-05-19 13:54:46 user_11 INSERT INSERT id, name FROM products WHERE id = 46
2026-05-19 13:54:46 user_20 SELECT SELECT * FROM salary WHERE 1=1
2026-05-19 13:54:47 user_36 UPDATE UPDATE id, name FROM hr_data WHERE id = 475
2026-05-19 22:54:47 user_12 UPDATE UPDATE inventory SET stock = 0 WHERE last_updated < '2023-01-01'
2026-05-19 13:54:47 user_23 SELECT SELECT id, name FROM customers WHERE id = 806
2026-05-19 13:54:47 user_29 SELECT SELECT ssn, name FROM hr_data LIMIT 200
2026-05-19 13:54:47 user_21 DELETE DELETE id, name FROM transactions WHERE id = 479
2026-05-19 13:54:48 user_16 INSERT INSERT id, name FROM finance WHERE id = 441
2026-05-19 13:54:48 user_20 DELETE DELETE id, name FROM customers WHERE id = 272
2026-05-19 13:54:50 user_30 SELECT SELECT id, name FROM orders WHERE id = 867
2026-05-19 13:54:50 user_22 SELECT SELECT * FROM finance WHERE 1=1
2026-05-19 13:54:50 user_30 UPDATE UPDATE id, name FROM transactions WHERE id = 45
2026-05-19 13:54:50 user_30 SELECT SELECT id, name FROM employees WHERE id = 802
2026-05-19 13:54:51 user_15 SELECT SELECT id, name FROM hr_data WHERE id = 413
2026-05-19 13:54:51 user_27 SELECT SELECT id, name FROM salary WHERE id = 620
2026-05-19 13:54:51 user_28 UNKNOWN UNKNOWN id, name FROM products WHERE id = 980
2026-05-19 13:54:52 user_21 SELECT SELECT ssn, name FROM hr_data LIMIT 200
2026-05-19 13:54:52 user_27 DELETE DELETE id, name FROM hr_data WHERE id = 210
2026-05-19 13:54:52 user_17 DELETE DELETE id, name FROM orders WHERE id = 65
2026-05-19 13:54:53 user_19 SELECT SELECT * FROM salary WHERE 1=1
2026-05-19 23:54:53 user_24 UPDATE UPDATE inventory SET stock = 0 WHERE last_updated < '2023-01-01'
2026-05-19 13:54:53 user_35 SELECT SELECT * FROM salary WHERE 1=1
2026-05-19 13:54:53 user_11 DELETE DELETE id, name FROM hr_data WHERE id = 499
2026-05-19 13:54:54 user_34 SELECT SELECT * FROM customers WHERE 1=1
2026-05-19 22:54:54 user_22 UPDATE UPDATE orders SET stock = 0 WHERE last_updated < '2023-01-01'
2026-05-19 13:54:54 user_30 SELECT SELECT * FROM salary WHERE 1=1
2026-05-19 13:54:54 user_39 SELECT SELECT ssn, name FROM hr_data LIMIT 200
2026-05-19 13:54:55 user_39 SELECT SELECT id, name FROM employees WHERE id = 598
2026-05-19 13:54:56 user_18 UNKNOWN UNKNOWN id, name FROM customers WHERE id = 702
2026-05-19 13:54:56 user_19 INSERT INSERT id, name FROM hr_data WHERE id = 735
2026-05-19 13:54:56 user_13 DELETE DELETE id, name FROM salary WHERE id = 494
2026-05-19 13:54:58 user_34 SELECT SELECT ssn, name FROM hr_data LIMIT 200
2026-05-19 13:54:58 user_24 DELETE DELETE id, name FROM finance WHERE id = 826
2026-05-19 13:54:59 user_35 SELECT SELECT * FROM finance WHERE 1=1
2026-05-19 13:54:59 user_07 UNKNOWN UNKNOWN id, name FROM customers WHERE id = 435
2026-05-19 13:54:59 user_18 SELECT SELECT ssn, name FROM hr_data LIMIT 200
2026-05-19 13:54:59 user_32 INSERT INSERT id, name FROM products WHERE id = 74
2026-05-19 01:55:00 user_01 UPDATE UPDATE inventory SET stock = 0 WHERE last_updated < '2023-01-01'
2026-05-19 13:55:01 user_18 INSERT INSERT id, name FROM products WHERE id = 489
2026-05-19 13:55:01 user_28 SELECT SELECT ssn, name FROM hr_data LIMIT 200
2026-05-19 13:55:01 user_14 UPDATE UPDATE id, name FROM inventory WHERE id = 419
2026-05-19 13:55:03 user_20 UPDATE UPDATE id, name FROM orders WHERE id = 951
2026-05-19 13:55:03 user_22 SELECT SELECT * FROM customers WHERE 1=1
2026-05-19 13:55:04 user_24 SELECT SELECT id, name FROM customers WHERE id = 940
2026-05-19 01:55:05 user_06 UPDATE UPDATE orders SET stock = 0 WHERE last_updated < '2023-01-01'
2026-05-19 13:55:05 user_04 SELECT SELECT * FROM finance WHERE 1=1
2026-05-19 13:55:05 user_31 DELETE DELETE id, name FROM salary WHERE id = 300
2026-05-19 13:55:07 user_34 SELECT SELECT id, name FROM finance WHERE id = 168
2026-05-19 13:55:07 user_35 DELETE DELETE id, name FROM customers WHERE id = 753
2026-05-19 13:55:08 user_15 INSERT INSERT id, name FROM products WHERE id = 527
2026-05-19 01:55:08 user_01 UPDATE UPDATE orders SET stock = 0 WHERE last_updated < '2023-01-01'
2026-05-19 13:55:09 user_15 UNKNOWN UNKNOWN id, name FROM salary WHERE id = 709
2026-05-19 13:55:09 user_17 INSERT INSERT id, name FROM products WHERE id = 287
2026-05-19 13:55:09 user_38 SELECT SELECT * FROM finance WHERE 1=1
2026-05-19 13:55:09 user_25 DELETE DELETE id, name FROM finance WHERE id = 6
2026-05-19 13:55:09 user_40 UPDATE UPDATE id, name FROM transactions WHERE id = 814
2026-05-19 13:55:10 user_22 SELECT SELECT id, name FROM customers WHERE id = 808
2026-05-19 13:55:10 user_33 UNKNOWN UNKNOWN id, name FROM employees WHERE id = 340
2026-05-19 13:55:10 user_07 INSERT INSERT id, name FROM hr_data WHERE id = 662
2026-05-19 13:55:10 user_05 INSERT INSERT id, name FROM transactions WHERE id = 417
2026-05-19 13:55:10 user_40 SELECT SELECT * FROM finance WHERE 1=1
2026-05-19 13:55:11 user_38 SELECT SELECT ssn, name FROM hr_data LIMIT 200
2026-05-19 00:55:11 user_22 UPDATE UPDATE products SET stock = 0 WHERE last_updated < '2023-01-01'
2026-05-19 23:55:12 user_37 UPDATE UPDATE inventory SET stock = 0 WHERE last_updated < '2023-01-01'
2026-05-19 13:55:13 user_18 UPDATE UPDATE id, name FROM inventory WHERE id = 58
2026-05-19 13:55:13 user_02 SELECT SELECT * FROM customers WHERE 1=1
2026-05-19 13:55:14 user_37 SELECT SELECT ssn, name FROM hr_data LIMIT 200
2026-05-19 13:55:16 user_24 SELECT SELECT * FROM salary WHERE 1=1
2026-05-19 13:55:16 user_15 SELECT SELECT * FROM finance WHERE 1=1
2026-05-19 13:55:16 user_21 SELECT SELECT id, name FROM employees WHERE id = 662
2026-05-19 13:55:16 user_21 SELECT SELECT id, name FROM employees WHERE id = 620
2026-05-19 13:55:16 user_11 INSERT INSERT id, name FROM finance WHERE id = 224
2026-05-19 13:55:18 user_06 SELECT SELECT ssn, name FROM hr_data LIMIT 200
2026-05-19 13:55:18 user_17 SELECT SELECT * FROM salary WHERE 1=1
2026-05-19 23:55:18 user_32 UPDATE UPDATE orders SET stock = 0 WHERE last_updated < '2023-01-01'
2026-05-19 13:55:18 user_13 UNKNOWN UNKNOWN id, name FROM transactions WHERE id = 77
2026-05-19 13:55:19 user_26 SELECT SELECT * FROM finance WHERE 1=1
2026-05-19 13:55:19 user_03 UNKNOWN UNKNOWN id, name FROM hr_data WHERE id = 178
2026-05-19 13:55:19 user_15 SELECT SELECT ssn, name FROM hr_data LIMIT 200
2026-05-19 22:55:19 user_31 UPDATE UPDATE products SET stock = 0 WHERE last_updated < '2023-01-01'
2026-05-19 13:55:19 user_35 UNKNOWN UNKNOWN id, name FROM employees WHERE id = 481
2026-05-19 13:55:20 user_33 UPDATE UPDATE id, name FROM finance WHERE id = 239
2026-05-19 13:55:21 user_17 UPDATE UPDATE id, name FROM products WHERE id = 458
2026-05-19 13:55:21 user_36 INSERT INSERT id, name FROM products WHERE id = 161
2026-05-19 13:55:23 user_34 UNKNOWN UNKNOWN id, name FROM finance WHERE id = 608
2026-05-19 00:55:25 user_06 UPDATE UPDATE inventory SET stock = 0 WHERE last_updated < '2023-01-01'
2026-05-19 13:55:25 user_29 UNKNOWN UNKNOWN id, name FROM salary WHERE id = 297
2026-05-19 13:55:25 user_11 UNKNOWN UNKNOWN id, name FROM products WHERE id = 463
2026-05-19 00:55:26 user_12 UPDATE UPDATE orders SET stock = 0 WHERE last_updated < '2023-01-01'
2026-05-19 13:55:27 user_17 DELETE DELETE id, name FROM products WHERE id = 833
2026-05-19 13:55:27 user_15 SELECT SELECT ssn, name FROM hr_data LIMIT 200
2026-05-19 13:55:27 user_26 SELECT SELECT ssn, name FROM hr_data LIMIT 200
2026-05-19 22:55:28 user_16 UPDATE UPDATE orders SET stock = 0 WHERE last_updated < '2023-01-01'
2026-05-19 13:55:29 user_22 SELECT SELECT ssn, name FROM hr_data LIMIT 200
2026-05-19 13:55:29 user_18 UPDATE UPDATE id, name FROM orders WHERE id = 306
2026-05-19 13:55:29 user_10 UNKNOWN UNKNOWN id, name FROM customers WHERE id = 417
2026-05-19 13:55:29 user_03 SELECT SELECT * FROM finance WHERE 1=1
2026-05-19 13:55:29 user_14 SELECT SELECT ssn, name FROM hr_data LIMIT 200
2026-05-19 13:55:31 user_02 INSERT INSERT id, name FROM inventory WHERE id = 718
2026-05-19 13:55:31 user_03 SELECT SELECT ssn, name FROM hr_data LIMIT 200
2026-05-19 13:55:31 user_15 SELECT SELECT ssn, name FROM hr_data LIMIT 200
2026-05-19 13:55:31 user_23 DELETE DELETE id, name FROM hr_data WHERE id = 545
2026-05-19 13:55:31 user_26 SELECT SELECT id, name FROM products WHERE id = 114
2026-05-19 13:55:32 user_34 SELECT SELECT * FROM customers WHERE 1=1
2026-05-19 13:55:32 user_34 SELECT SELECT id, name FROM customers WHERE id = 536
2026-05-19 13:55:32 user_17 UPDATE UPDATE id, name FROM products WHERE id = 604
2026-05-19 00:55:32 user_27 UPDATE UPDATE inventory SET stock = 0 WHERE last_updated < '2023-01-01'
2026-05-19 13:55:33 user_10 DELETE DELETE id, name FROM orders WHERE id = 526
2026-05-19 13:55:33 user_31 SELECT SELECT * FROM customers WHERE 1=1
2026-05-19 23:55:33 user_35 UPDATE UPDATE orders SET stock = 0 WHERE last_updated < '2023-01-01'
2026-05-19 13:55:33 user_19 SELECT SELECT id, name FROM hr_data WHERE id = 382
2026-05-19 13:55:35 user_33 UPDATE UPDATE id, name FROM orders WHERE id = 195
2026-05-19 13:55:35 user_32 UPDATE UPDATE id, name FROM finance WHERE id = 603
2026-05-19 13:55:35 user_17 UNKNOWN UNKNOWN id, name FROM hr_data WHERE id = 180
2026-05-19 13:55:35 user_06 INSERT INSERT id, name FROM hr_data WHERE id = 753
2026-05-19 13:55:37 user_22 INSERT INSERT id, name FROM hr_data WHERE id = 716
2026-05-19 13:55:37 user_24 INSERT INSERT id, name FROM inventory WHERE id = 376
2026-05-19 13:55:37 user_38 UPDATE UPDATE id, name FROM customers WHERE id = 24
2026-05-19 13:55:37 user_11 UPDATE UPDATE id, name FROM transactions WHERE id = 713
2026-05-19 13:55:38 user_26 DELETE DELETE id, name FROM finance WHERE id = 600
2026-05-19 13:55:38 user_03 SELECT SELECT * FROM finance WHERE 1=1
2026-05-19 13:55:38 user_35 INSERT INSERT id, name FROM salary WHERE id = 30
2026-05-19 13:55:38 user_06 DELETE DELETE id, name FROM customers WHERE id = 701
2026-05-19 13:55:38 user_36 SELECT SELECT id, name FROM employees WHERE id = 170
2026-05-19 01:55:39 user_09 UPDATE UPDATE products SET stock = 0 WHERE last_updated < '2023-01-01'
2026-05-19 00:55:39 user_33 UPDATE UPDATE products SET stock = 0 WHERE last_updated < '2023-01-01'
2026-05-19 13:55:39 user_36 DELETE DELETE id, name FROM orders WHERE id = 451
2026-05-19 13:55:39 user_21 UPDATE UPDATE id, name FROM customers WHERE id = 594
2026-05-19 13:55:39 user_13 DELETE DELETE id, name FROM transactions WHERE id = 569
2026-05-19 13:55:39 user_06 UPDATE UPDATE id, name FROM salary WHERE id = 687
2026-05-19 13:55:41 user_16 UPDATE UPDATE id, name FROM inventory WHERE id = 237
2026-05-19 13:55:42 user_18 SELECT SELECT ssn, name FROM hr_data LIMIT 200
2026-05-19 13:55:42 user_11 INSERT INSERT id, name FROM employees WHERE id = 250
2026-05-19 13:55:42 user_12 UNKNOWN UNKNOWN id, name FROM transactions WHERE id = 835
2026-05-19 13:55:42 user_01 DELETE DELETE id, name FROM employees WHERE id = 220
2026-05-19 13:55:44 user_11 UNKNOWN UNKNOWN id, name FROM salary WHERE id = 996
2026-05-19 13:55:44 user_37 UNKNOWN UNKNOWN id, name FROM finance WHERE id = 226
2026-05-19 13:55:45 user_38 SELECT SELECT id, name FROM finance WHERE id = 576
2026-05-19 13:55:45 user_23 SELECT SELECT * FROM customers WHERE 1=1
2026-05-19 01:55:46 user_39 UPDATE UPDATE products SET stock = 0 WHERE last_updated < '2023-01-01'
2026-05-19 13:55:46 user_21 UNKNOWN UNKNOWN id, name FROM employees WHERE id = 961
2026-05-19 13:55:46 user_28 SELECT SELECT id, name FROM employees WHERE id = 299
2026-05-19 13:55:47 user_07 SELECT SELECT * FROM finance WHERE 1=1
2026-05-19 13:55:47 user_33 SELECT SELECT id, name FROM inventory WHERE id = 46
2026-05-19 13:55:48 user_09 UNKNOWN UNKNOWN id, name FROM orders WHERE id = 164
2026-05-19 13:55:48 user_40 SELECT SELECT ssn, name FROM hr_data LIMIT 200
2026-05-19 13:55:48 user_06 INSERT INSERT id, name FROM salary WHERE id = 909
2026-05-19 13:55:48 user_07 UPDATE UPDATE id, name FROM customers WHERE id = 767
2026-05-19 01:55:50 user_09 UPDATE UPDATE orders SET stock = 0 WHERE last_updated < '2023-01-01'
2026-05-19 13:55:50 user_04 UNKNOWN UNKNOWN id, name FROM employees WHERE id = 251
2026-05-19 01:55:50 user_15 UPDATE UPDATE orders SET stock = 0 WHERE last_updated < '2023-01-01'
2026-05-19 01:55:50 user_30 UPDATE UPDATE inventory SET stock = 0 WHERE last_updated < '2023-01-01'
2026-05-19 13:55:52 user_01 UPDATE UPDATE id, name FROM salary WHERE id = 680
2026-05-19 13:55:52 user_09 INSERT INSERT id, name FROM finance WHERE id = 286
2026-05-19 13:55:52 user_31 INSERT INSERT id, name FROM inventory WHERE id = 534
2026-05-19 13:55:52 user_28 DELETE DELETE id, name FROM customers WHERE id = 571
2026-05-19 13:55:52 user_01 UPDATE UPDATE id, name FROM employees WHERE id = 322
2026-05-19 13:55:53 user_04 SELECT SELECT ssn, name FROM hr_data LIMIT 200
2026-05-19 13:55:53 user_17 UPDATE UPDATE id, name FROM finance WHERE id = 228
2026-05-19 22:55:54 user_35 UPDATE UPDATE inventory SET stock = 0 WHERE last_updated < '2023-01-01'
2026-05-19 13:55:54 user_18 UNKNOWN UNKNOWN id, name FROM transactions WHERE id = 47
2026-05-19 13:55:54 user_14 INSERT INSERT id, name FROM hr_data WHERE id = 776
2026-05-19 13:55:54 user_37 SELECT SELECT * FROM customers WHERE 1=1
2026-05-19 23:55:56 user_15 UPDATE UPDATE inventory SET stock = 0 WHERE last_updated < '2023-01-01'
2026-05-19 13:55:56 user_23 UNKNOWN UNKNOWN id, name FROM orders WHERE id = 788
2026-05-19 13:55:56 user_10 SELECT SELECT id, name FROM hr_data WHERE id = 933
2026-05-19 13:55:56 user_37 SELECT SELECT * FROM customers WHERE 1=1
2026-05-19 01:55:57 user_06 UPDATE UPDATE inventory SET stock = 0 WHERE last_updated < '2023-01-01'
2026-05-19 13:55:57 user_01 UNKNOWN UNKNOWN id, name FROM inventory WHERE id = 857
2026-05-19 13:55:58 user_29 SELECT SELECT * FROM customers WHERE 1=1
2026-05-19 13:55:58 user_16 UPDATE UPDATE id, name FROM salary WHERE id = 507
2026-05-19 13:55:58 user_32 SELECT SELECT * FROM customers WHERE 1=1
2026-05-19 13:55:58 user_30 UPDATE UPDATE id, name FROM orders WHERE id = 678
2026-05-19 13:55:59 user_37 SELECT SELECT ssn, name FROM hr_data LIMIT 200
2026-05-19 13:56:00 user_14 SELECT SELECT id, name FROM salary WHERE id = 374
2026-05-19 13:56:00 user_25 SELECT SELECT id, name FROM products WHERE id = 30
2026-05-19 13:56:00 user_19 UPDATE UPDATE id, name FROM hr_data WHERE id = 27
2026-05-19 13:56:00 user_40 INSERT INSERT id, name FROM finance WHERE id = 976
2026-05-19 13:56:00 user_25 DELETE DELETE id, name FROM employees WHERE id = 115
2026-05-19 13:56:02 user_12 INSERT INSERT id, name FROM orders WHERE id = 430
2026-05-19 13:56:02 user_13 SELECT SELECT * FROM salary WHERE 1=1
2026-05-19 13:56:02 user_23 DELETE DELETE id, name FROM products WHERE id = 317
2026-05-19 13:56:02 user_17 UPDATE UPDATE id, name FROM salary WHERE id = 89
2026-05-19 13:56:02 user_16 DELETE DELETE id, name FROM products WHERE id = 889
2026-05-19 13:56:03 user_39 UNKNOWN UNKNOWN id, name FROM orders WHERE id = 393
2026-05-19 13:56:03 user_36 DELETE DELETE id, name FROM salary WHERE id = 163
2026-05-19 13:56:03 user_16 SELECT SELECT id, name FROM orders WHERE id = 482
2026-05-19 13:56:03 user_36 SELECT SELECT * FROM salary WHERE 1=1
2026-05-19 22:56:03 user_26 UPDATE UPDATE products SET stock = 0 WHERE last_updated < '2023-01-01'
2026-05-19 22:56:05 user_35 UPDATE UPDATE products SET stock = 0 WHERE last_updated < '2023-01-01'
2026-05-19 22:56:05 user_14 UPDATE UPDATE inventory SET stock = 0 WHERE last_updated < '2023-01-01'
2026-05-19 13:56:05 user_10 SELECT SELECT ssn, name FROM hr_data LIMIT 200
2026-05-19 13:56:05 user_29 SELECT SELECT ssn, name FROM hr_data LIMIT 200
2026-05-19 13:56:07 user_37 DELETE DELETE id, name FROM employees WHERE id = 885
2026-05-19 13:56:07 user_15 UNKNOWN UNKNOWN id, name FROM salary WHERE id = 287
2026-05-19 13:56:08 user_30 INSERT INSERT id, name FROM salary WHERE id = 390
2026-05-19 01:56:08 user_05 UPDATE UPDATE products SET stock = 0 WHERE last_updated < '2023-01-01'
2026-05-19 13:56:08 user_40 UNKNOWN UNKNOWN id, name FROM finance WHERE id = 920
2026-05-19 13:56:08 user_13 SELECT SELECT id, name FROM finance WHERE id = 607
2026-05-19 13:56:08 user_11 UNKNOWN UNKNOWN id, name FROM customers WHERE id = 691
2026-05-19 13:56:10 user_04 SELECT SELECT id, name FROM hr_data WHERE id = 125
2026-05-19 13:56:11 user_03 UNKNOWN UNKNOWN id, name FROM salary WHERE id = 22
2026-05-19 13:56:11 user_16 UPDATE UPDATE id, name FROM transactions WHERE id = 192
2026-05-19 13:56:11 user_36 SELECT SELECT ssn, name FROM hr_data LIMIT 200
2026-05-19 13:56:11 user_20 UPDATE UPDATE id, name FROM finance WHERE id = 862
2026-05-19 13:56:12 user_20 UNKNOWN UNKNOWN id, name FROM customers WHERE id = 156
2026-05-19 13:56:13 user_23 UNKNOWN UNKNOWN id, name FROM transactions WHERE id = 155
2026-05-19 13:56:13 user_29 UNKNOWN UNKNOWN id, name FROM hr_data WHERE id = 881
2026-05-19 13:56:13 user_11 UPDATE UPDATE id, name FROM products WHERE id = 167
2026-05-19 13:56:14 user_32 SELECT SELECT ssn, name FROM hr_data LIMIT 200
2026-05-19 13:56:15 user_40 UNKNOWN UNKNOWN id, name FROM inventory WHERE id = 60
2026-05-19 00:56:15 user_20 UPDATE UPDATE orders SET stock = 0 WHERE last_updated < '2023-01-01'
2026-05-19 01:56:15 user_18 UPDATE UPDATE orders SET stock = 0 WHERE last_updated < '2023-01-01'
2026-05-19 13:56:16 user_20 DELETE DELETE id, name FROM hr_data WHERE id = 752
2026-05-19 13:56:17 user_06 SELECT SELECT ssn, name FROM hr_data LIMIT 200
2026-05-19 13:56:17 user_13 DELETE DELETE id, name FROM salary WHERE id = 675
2026-05-19 13:56:19 user_37 DELETE DELETE id, name FROM employees WHERE id = 833
2026-05-19 13:56:20 user_37 INSERT INSERT id, name FROM finance WHERE id = 883
2026-05-19 13:56:20 user_07 SELECT SELECT ssn, name FROM hr_data LIMIT 200
2026-05-19 13:56:20 user_35 SELECT SELECT id, name FROM hr_data WHERE id = 652
2026-05-19 13:56:20 user_24 DELETE DELETE id, name FROM hr_data WHERE id = 739
2026-05-19 13:56:20 user_30 UPDATE UPDATE id, name FROM inventory WHERE id = 21
2026-05-19 13:56:20 user_25 INSERT INSERT id, name FROM products WHERE id = 884
2026-05-19 23:56:20 user_24 UPDATE UPDATE orders SET stock = 0 WHERE last_updated < '2023-01-01'
2026-05-19 13:56:20 user_08 DELETE DELETE id, name FROM products WHERE id = 627
2026-05-19 13:56:20 user_07 SELECT SELECT id, name FROM orders WHERE id = 538
2026-05-19 13:56:21 user_36 DELETE DELETE id, name FROM orders WHERE id = 114
2026-05-19 13:56:21 user_11 SELECT SELECT ssn, name FROM hr_data LIMIT 200
2026-05-19 22:56:22 user_23 UPDATE UPDATE inventory SET stock = 0 WHERE last_updated < '2023-01-01'
2026-05-19 13:56:22 user_19 UNKNOWN UNKNOWN id, name FROM finance WHERE id = 951
2026-05-19 13:56:22 user_29 UNKNOWN UNKNOWN id, name FROM inventory WHERE id = 926
2026-05-19 13:56:23 user_36 DELETE DELETE id, name FROM transactions WHERE id = 116
2026-05-19 13:56:25 user_31 UPDATE UPDATE id, name FROM inventory WHERE id = 853
2026-05-19 13:56:25 user_36 SELECT SELECT ssn, name FROM hr_data LIMIT 200
2026-05-19 13:56:25 user_09 INSERT INSERT id, name FROM hr_data WHERE id = 897
2026-05-19 13:56:25 user_12 INSERT INSERT id, name FROM customers WHERE id = 581
2026-05-19 13:56:25 user_15 INSERT INSERT id, name FROM finance WHERE id = 44
2026-05-19 13:56:27 user_39 SELECT SELECT id, name FROM employees WHERE id = 327
2026-05-19 13:56:27 user_40 SELECT SELECT ssn, name FROM hr_data LIMIT 200
2026-05-19 13:56:28 user_13 SELECT SELECT ssn, name FROM hr_data LIMIT 200
2026-05-19 13:56:28 user_35 UNKNOWN UNKNOWN id, name FROM employees WHERE id = 837
2026-05-19 22:56:29 user_40 UPDATE UPDATE orders SET stock = 0 WHERE last_updated < '2023-01-01'
2026-05-19 22:56:29 user_08 UPDATE UPDATE products SET stock = 0 WHERE last_updated < '2023-01-01'
2026-05-19 13:56:29 user_22 SELECT SELECT id, name FROM finance WHERE id = 312
2026-05-19 13:56:30 user_38 UNKNOWN UNKNOWN id, name FROM employees WHERE id = 155
2026-05-19 00:56:30 user_40 UPDATE UPDATE orders SET stock = 0 WHERE last_updated < '2023-01-01'
2026-05-19 13:56:30 user_36 INSERT INSERT id, name FROM transactions WHERE id = 553
2026-05-19 13:56:30 user_06 DELETE DELETE id, name FROM transactions WHERE id = 222
2026-05-19 13:56:31 user_17 SELECT SELECT * FROM salary WHERE 1=1
2026-05-19 13:56:31 user_39 UNKNOWN UNKNOWN id, name FROM inventory WHERE id = 739
2026-05-19 13:56:31 user_09 INSERT INSERT id, name FROM orders WHERE id = 98
2026-05-19 13:56:31 user_19 SELECT SELECT ssn, name FROM hr_data LIMIT 200
2026-05-19 13:56:32 user_30 INSERT INSERT id, name FROM salary WHERE id = 296
2026-05-19 13:56:32 user_16 UNKNOWN UNKNOWN id, name FROM customers WHERE id = 124
2026-05-19 13:56:32 user_07 SELECT SELECT * FROM finance WHERE 1=1
2026-05-19 13:56:32 user_12 INSERT INSERT id, name FROM employees WHERE id = 477
2026-05-19 13:56:32 user_15 SELECT SELECT ssn, name FROM hr_data LIMIT 200
2026-05-19 13:56:34 user_20 UNKNOWN UNKNOWN id, name FROM orders WHERE id = 801
2026-05-19 13:56:34 user_25 SELECT SELECT ssn, name FROM hr_data LIMIT 200
2026-05-19 13:56:34 user_24 DELETE DELETE id, name FROM finance WHERE id = 893
2026-05-19 13:56:36 user_04 UPDATE UPDATE id, name FROM salary WHERE id = 747
2026-05-19 13:56:36 user_08 SELECT SELECT * FROM salary WHERE 1=1
2026-05-19 13:56:36 user_22 UNKNOWN UNKNOWN id, name FROM employees WHERE id = 560
2026-05-19 13:56:36 user_28 UPDATE UPDATE id, name FROM inventory WHERE id = 351
2026-05-19 22:56:36 user_18 UPDATE UPDATE products SET stock = 0 WHERE last_updated < '2023-01-01'
2026-05-19 01:56:36 user_04 UPDATE UPDATE orders SET stock = 0 WHERE last_updated < '2023-01-01'
2026-05-19 13:56:36 user_25 DELETE DELETE id, name FROM hr_data WHERE id = 579
2026-05-19 13:56:37 user_36 UPDATE UPDATE id, name FROM finance WHERE id = 756
2026-05-19 00:56:37 user_10 UPDATE UPDATE products SET stock = 0 WHERE last_updated < '2023-01-01'
2026-05-19 13:56:38 user_05 SELECT SELECT * FROM finance WHERE 1=1
2026-05-19 13:56:39 user_14 SELECT SELECT ssn, name FROM hr_data LIMIT 200
2026-05-19 01:56:40 user_02 UPDATE UPDATE inventory SET stock = 0 WHERE last_updated < '2023-01-01'
2026-05-19 13:56:40 user_18 INSERT INSERT id, name FROM orders WHERE id = 236
2026-05-19 01:56:40 user_36 UPDATE UPDATE products SET stock = 0 WHERE last_updated < '2023-01-01'
2026-05-19 13:56:40 user_20 UPDATE UPDATE id, name FROM transactions WHERE id = 31
2026-05-19 13:56:40 user_23 SELECT SELECT ssn, name FROM hr_data LIMIT 200
2026-05-19 13:56:42 user_12 SELECT SELECT ssn, name FROM hr_data LIMIT 200
2026-05-19 13:56:42 user_08 UNKNOWN UNKNOWN id, name FROM orders WHERE id = 234
2026-05-19 13:56:42 user_26 SELECT SELECT id, name FROM employees WHERE id = 344
2026-05-19 13:56:43 user_29 UNKNOWN UNKNOWN id, name FROM products WHERE id = 238
2026-05-19 13:56:43 user_30 SELECT SELECT ssn, name FROM hr_data LIMIT 200
2026-05-19 13:56:43 user_04 INSERT INSERT id, name FROM products WHERE id = 409
2026-05-19 13:56:45 user_03 DELETE DELETE id, name FROM salary WHERE id = 885
2026-05-19 13:56:45 user_38 SELECT SELECT ssn, name FROM hr_data LIMIT 200
2026-05-19 13:56:45 user_09 INSERT INSERT id, name FROM salary WHERE id = 234
2026-05-19 13:56:45 user_40 SELECT SELECT ssn, name FROM hr_data LIMIT 200
2026-05-19 13:56:45 user_09 UNKNOWN UNKNOWN id, name FROM employees WHERE id = 810
2026-05-19 00:56:46 user_17 UPDATE UPDATE products SET stock = 0 WHERE last_updated < '2023-01-01'
2026-05-19 13:56:46 user_31 UNKNOWN UNKNOWN id, name FROM inventory WHERE id = 558
2026-05-19 01:56:46 user_40 UPDATE UPDATE orders SET stock = 0 WHERE last_updated < '2023-01-01'
2026-05-19 13:56:48 user_24 SELECT SELECT ssn, name FROM hr_data LIMIT 200
2026-05-19 13:56:49 user_08 SELECT SELECT id, name FROM orders WHERE id = 996
2026-05-19 13:56:49 user_26 DELETE DELETE id, name FROM employees WHERE id = 274
2026-05-19 13:56:49 user_04 SELECT SELECT id, name FROM transactions WHERE id = 948
2026-05-19 13:56:49 user_06 UPDATE UPDATE id, name FROM inventory WHERE id = 695
2026-05-19 13:56:49 user_23 UNKNOWN UNKNOWN id, name FROM employees WHERE id = 31
2026-05-19 13:56:51 user_26 SELECT SELECT id, name FROM inventory WHERE id = 120
2026-05-19 13:56:52 user_28 UNKNOWN UNKNOWN id, name FROM salary WHERE id = 144
2026-05-19 13:56:52 user_13 SELECT SELECT ssn, name FROM hr_data LIMIT 200
2026-05-19 13:56:52 user_27 SELECT SELECT id, name FROM products WHERE id = 222
2026-05-19 13:56:52 user_24 INSERT INSERT id, name FROM customers WHERE id = 146
2026-05-19 13:56:53 user_08 DELETE DELETE id, name FROM finance WHERE id = 510
2026-05-19 13:56:53 user_09 SELECT SELECT id, name FROM salary WHERE id = 872
2026-05-19 13:56:53 user_33 INSERT INSERT id, name FROM employees WHERE id = 683
2026-05-19 00:56:53 user_19 UPDATE UPDATE products SET stock = 0 WHERE last_updated < '2023-01-01'
2026-05-19 13:56:54 user_29 SELECT SELECT ssn, name FROM hr_data LIMIT 200
2026-05-19 13:56:54 user_23 DELETE DELETE id, name FROM customers WHERE id = 21
2026-05-19 13:56:55 user_07 INSERT INSERT id, name FROM inventory WHERE id = 868
2026-05-19 13:56:55 user_03 UNKNOWN UNKNOWN id, name FROM employees WHERE id = 266
2026-05-19 13:56:56 user_10 INSERT INSERT id, name FROM products WHERE id = 911
2026-05-19 13:56:56 user_14 UPDATE UPDATE id, name FROM employees WHERE id = 808
2026-05-19 13:56:57 user_10 DELETE DELETE id, name FROM finance WHERE id = 764
2026-05-19 23:56:57 user_22 UPDATE UPDATE orders SET stock = 0 WHERE last_updated < '2023-01-01'
2026-05-19 13:56:57 user_31 UPDATE UPDATE id, name FROM finance WHERE id = 364
2026-05-19 13:56:57 user_23 SELECT SELECT id, name FROM salary WHERE id = 500
2026-05-19 13:56:57 user_09 DELETE DELETE id, name FROM orders WHERE id = 445
2026-05-19 13:56:57 user_01 INSERT INSERT id, name FROM salary WHERE id = 544
2026-05-19 13:56:58 user_04 SELECT SELECT * FROM salary WHERE 1=1
2026-05-19 13:56:58 user_25 UPDATE UPDATE id, name FROM employees WHERE id = 360
2026-05-19 13:56:58 user_05 UPDATE UPDATE id, name FROM orders WHERE id = 143
2026-05-19 22:56:58 user_01 UPDATE UPDATE products SET stock = 0 WHERE last_updated < '2023-01-01'
2026-05-19 01:56:59 user_09 UPDATE UPDATE orders SET stock = 0 WHERE last_updated < '2023-01-01'
2026-05-19 01:57:00 user_27 UPDATE UPDATE products SET stock = 0 WHERE last_updated < '2023-01-01'
2026-05-19 13:57:00 user_27 UPDATE UPDATE id, name FROM hr_data WHERE id = 824
2026-05-19 13:57:00 user_35 SELECT SELECT id, name FROM employees WHERE id = 599
2026-05-19 13:57:00 user_01 SELECT SELECT id, name FROM employees WHERE id = 213
2026-05-19 13:57:00 user_04 SELECT SELECT * FROM salary WHERE 1=1
2026-05-19 13:57:01 user_14 SELECT SELECT * FROM finance WHERE 1=1
2026-05-19 00:57:01 user_25 UPDATE UPDATE orders SET stock = 0 WHERE last_updated < '2023-01-01'
2026-05-19 13:57:01 user_08 SELECT SELECT ssn, name FROM hr_data LIMIT 200
2026-05-19 13:57:02 user_03 SELECT SELECT ssn, name FROM hr_data LIMIT 200
2026-05-19 13:57:02 user_13 DELETE DELETE id, name FROM products WHERE id = 667
2026-05-19 13:57:02 user_13 UPDATE UPDATE id, name FROM salary WHERE id = 65
2026-05-19 13:57:03 user_39 UNKNOWN UNKNOWN id, name FROM products WHERE id = 968
2026-05-19 13:57:03 user_18 DELETE DELETE id, name FROM customers WHERE id = 96
2026-05-19 13:57:03 user_37 UPDATE UPDATE id, name FROM salary WHERE id = 753
2026-05-19 22:57:03 user_01 UPDATE UPDATE inventory SET stock = 0 WHERE last_updated < '2023-01-01'
2026-05-19 23:57:04 user_31 UPDATE UPDATE orders SET stock = 0 WHERE last_updated < '2023-01-01'
2026-05-19 13:57:04 user_13 INSERT INSERT id, name FROM products WHERE id = 166
2026-05-19 13:57:04 user_15 DELETE DELETE id, name FROM finance WHERE id = 954
2026-05-19 13:57:05 user_38 SELECT SELECT * FROM customers WHERE 1=1
2026-05-19 13:57:05 user_20 SELECT SELECT ssn, name FROM hr_data LIMIT 200
2026-05-19 13:57:06 user_31 UNKNOWN UNKNOWN id, name FROM transactions WHERE id = 417
2026-05-19 13:57:06 user_24 INSERT INSERT id, name FROM products WHERE id = 887
2026-05-19 13:57:06 user_20 UNKNOWN UNKNOWN id, name FROM products WHERE id = 816
2026-05-19 13:57:08 user_39 INSERT INSERT id, name FROM hr_data WHERE id = 811
2026-05-19 13:57:08 user_26 UPDATE UPDATE id, name FROM customers WHERE id = 569
2026-05-19 13:57:08 user_14 SELECT SELECT ssn, name FROM hr_data LIMIT 200
2026-05-19 13:57:08 user_12 SELECT SELECT id, name FROM salary WHERE id = 380
2026-05-19 13:57:10 user_07 SELECT SELECT ssn, name FROM hr_data LIMIT 200
2026-05-19 00:57:10 user_19 UPDATE UPDATE orders SET stock = 0 WHERE last_updated < '2023-01-01'
2026-05-19 13:57:10 user_02 SELECT SELECT * FROM customers WHERE 1=1
2026-05-19 13:57:10 user_12 SELECT SELECT id, name FROM inventory WHERE id = 969
2026-05-19 13:57:10 user_28 DELETE DELETE id, name FROM finance WHERE id = 152
2026-05-19 13:57:10 user_15 SELECT SELECT * FROM salary WHERE 1=1
2026-05-19 13:57:10 user_18 INSERT INSERT id, name FROM inventory WHERE id = 172
2026-05-19 13:57:11 user_15 INSERT INSERT id, name FROM orders WHERE id = 330
2026-05-19 13:57:11 user_15 INSERT INSERT id, name FROM finance WHERE id = 318
2026-05-19 13:57:12 user_34 SELECT SELECT ssn, name FROM hr_data LIMIT 200
2026-05-19 13:57:12 user_03 SELECT SELECT * FROM finance WHERE 1=1
2026-05-19 13:57:12 user_08 DELETE DELETE id, name FROM finance WHERE id = 334
2026-05-19 23:57:12 user_12 UPDATE UPDATE products SET stock = 0 WHERE last_updated < '2023-01-01'
2026-05-19 13:57:12 user_16 DELETE DELETE id, name FROM employees WHERE id = 184
2026-05-19 13:57:12 user_11 SELECT SELECT id, name FROM transactions WHERE id = 375
2026-05-19 13:57:12 user_12 DELETE DELETE id, name FROM employees WHERE id = 966
2026-05-19 13:57:12 user_13 UPDATE UPDATE id, name FROM customers WHERE id = 441
2026-05-19 13:57:12 user_09 SELECT SELECT ssn, name FROM hr_data LIMIT 200
2026-05-19 01:57:14 user_17 UPDATE UPDATE inventory SET stock = 0 WHERE last_updated < '2023-01-01'
2026-05-19 13:57:14 user_08 UNKNOWN UNKNOWN id, name FROM finance WHERE id = 334
2026-05-19 13:57:14 user_37 SELECT SELECT * FROM salary WHERE 1=1
2026-05-19 13:57:16 user_01 DELETE DELETE id, name FROM finance WHERE id = 985
2026-05-19 13:57:16 user_28 SELECT SELECT id, name FROM customers WHERE id = 637
2026-05-19 13:57:16 user_37 SELECT SELECT ssn, name FROM hr_data LIMIT 200
2026-05-19 13:57:17 user_20 INSERT INSERT id, name FROM customers WHERE id = 992
2026-05-19 22:57:17 user_18 UPDATE UPDATE orders SET stock = 0 WHERE last_updated < '2023-01-01'
2026-05-19 13:57:17 user_14 SELECT SELECT * FROM finance WHERE 1=1
2026-05-19 13:57:17 user_31 INSERT INSERT id, name FROM salary WHERE id = 92
2026-05-19 13:57:19 user_20 DELETE DELETE id, name FROM employees WHERE id = 707
2026-05-19 13:57:20 user_01 UNKNOWN UNKNOWN id, name FROM hr_data WHERE id = 347
2026-05-19 13:57:20 user_19 UNKNOWN UNKNOWN id, name FROM transactions WHERE id = 170
2026-05-19 13:57:21 user_02 UNKNOWN UNKNOWN id, name FROM orders WHERE id = 61
2026-05-19 13:57:21 user_16 SELECT SELECT * FROM salary WHERE 1=1
2026-05-19 23:57:21 user_14 UPDATE UPDATE inventory SET stock = 0 WHERE last_updated < '2023-01-01'
2026-05-19 23:57:22 user_23 UPDATE UPDATE orders SET stock = 0 WHERE last_updated < '2023-01-01'
2026-05-19 13:57:22 user_40 SELECT SELECT id, name FROM salary WHERE id = 409
2026-05-19 13:57:23 user_33 SELECT SELECT ssn, name FROM hr_data LIMIT 200
2026-05-19 13:57:25 user_27 UPDATE UPDATE id, name FROM products WHERE id = 979
2026-05-19 13:57:25 user_38 UNKNOWN UNKNOWN id, name FROM inventory WHERE id = 744
2026-05-19 00:57:25 user_15 UPDATE UPDATE products SET stock = 0 WHERE last_updated < '2023-01-01'
2026-05-19 13:57:25 user_07 UPDATE UPDATE id, name FROM finance WHERE id = 417
2026-05-19 13:57:25 user_24 DELETE DELETE id, name FROM transactions WHERE id = 721
2026-05-19 13:57:25 user_32 UNKNOWN UNKNOWN id, name FROM hr_data WHERE id = 516
2026-05-19 13:57:27 user_14 UNKNOWN UNKNOWN id, name FROM orders WHERE id = 843
2026-05-19 13:57:27 user_22 DELETE DELETE id, name FROM customers WHERE id = 223
2026-05-19 13:57:27 user_24 UPDATE UPDATE id, name FROM orders WHERE id = 755
2026-05-19 13:57:27 user_19 INSERT INSERT id, name FROM transactions WHERE id = 466
2026-05-19 13:57:28 user_30 UNKNOWN UNKNOWN id, name FROM customers WHERE id = 214
2026-05-19 13:57:29 user_39 DELETE DELETE id, name FROM finance WHERE id = 203
2026-05-19 13:57:30 user_19 SELECT SELECT id, name FROM products WHERE id = 956
2026-05-19 13:57:31 user_24 INSERT INSERT id, name FROM inventory WHERE id = 736
2026-05-19 13:57:33 user_04 SELECT SELECT * FROM salary WHERE 1=1
2026-05-19 23:57:35 user_06 UPDATE UPDATE orders SET stock = 0 WHERE last_updated < '2023-01-01'
2026-05-19 13:57:35 user_25 UNKNOWN UNKNOWN id, name FROM products WHERE id = 625
2026-05-19 13:57:35 user_35 UNKNOWN UNKNOWN id, name FROM salary WHERE id = 226
2026-05-19 13:57:35 user_05 SELECT SELECT ssn, name FROM hr_data LIMIT 200
2026-05-19 13:57:35 user_23 SELECT SELECT * FROM finance WHERE 1=1
2026-05-19 22:57:36 user_25 UPDATE UPDATE inventory SET stock = 0 WHERE last_updated < '2023-01-01'
2026-05-19 13:57:36 user_05 UPDATE UPDATE id, name FROM orders WHERE id = 591
2026-05-19 13:57:36 user_29 SELECT SELECT id, name FROM products WHERE id = 874
2026-05-19 13:57:36 user_22 SELECT SELECT ssn, name FROM hr_data LIMIT 200
2026-05-19 13:57:36 user_14 SELECT SELECT ssn, name FROM hr_data LIMIT 200
2026-05-19 13:57:37 user_29 INSERT INSERT id, name FROM employees WHERE id = 997
2026-05-19 13:57:37 user_15 INSERT INSERT id, name FROM customers WHERE id = 972
2026-05-19 13:57:37 user_35 INSERT INSERT id, name FROM employees WHERE id = 434
2026-05-19 13:57:37 user_14 UNKNOWN UNKNOWN id, name FROM employees WHERE id = 826
2026-05-19 22:57:37 user_12 UPDATE UPDATE inventory SET stock = 0 WHERE last_updated < '2023-01-01'
2026-05-19 13:57:38 user_32 UNKNOWN UNKNOWN id, name FROM products WHERE id = 583
2026-05-19 13:57:40 user_35 UPDATE UPDATE id, name FROM inventory WHERE id = 245
2026-05-19 13:57:40 user_05 SELECT SELECT * FROM salary WHERE 1=1
2026-05-19 13:57:40 user_09 SELECT SELECT id, name FROM finance WHERE id = 791
2026-05-19 13:57:40 user_34 UNKNOWN UNKNOWN id, name FROM products WHERE id = 208
2026-05-19 00:57:40 user_08 UPDATE UPDATE inventory SET stock = 0 WHERE last_updated < '2023-01-01'
2026-05-19 13:57:42 user_28 SELECT SELECT id, name FROM orders WHERE id = 561
2026-05-19 13:57:42 user_12 SELECT SELECT id, name FROM employees WHERE id = 488
2026-05-19 13:57:42 user_29 DELETE DELETE id, name FROM salary WHERE id = 546
2026-05-19 13:57:42 user_16 SELECT SELECT * FROM finance WHERE 1=1
2026-05-19 13:57:42 user_05 SELECT SELECT id, name FROM salary WHERE id = 984
2026-05-19 13:57:42 user_21 INSERT INSERT id, name FROM transactions WHERE id = 355
2026-05-19 13:57:42 user_39 SELECT SELECT id, name FROM employees WHERE id = 727
2026-05-19 13:57:43 user_04 UNKNOWN UNKNOWN id, name FROM orders WHERE id = 586
2026-05-19 13:57:43 user_28 SELECT SELECT * FROM salary WHERE 1=1
2026-05-19 13:57:43 user_23 INSERT INSERT id, name FROM finance WHERE id = 444
2026-05-19 01:57:43 user_34 UPDATE UPDATE orders SET stock = 0 WHERE last_updated < '2023-01-01'
2026-05-19 13:57:43 user_13 SELECT SELECT ssn, name FROM hr_data LIMIT 200
2026-05-19 13:57:45 user_11 DELETE DELETE id, name FROM inventory WHERE id = 93
2026-05-19 13:57:45 user_19 SELECT SELECT id, name FROM orders WHERE id = 669
2026-05-19 13:57:45 user_38 SELECT SELECT id, name FROM customers WHERE id = 991
2026-05-19 13:57:45 user_32 UNKNOWN UNKNOWN id, name FROM employees WHERE id = 488
2026-05-19 13:57:46 user_38 DELETE DELETE id, name FROM employees WHERE id = 758
2026-05-19 13:57:46 user_13 DELETE DELETE id, name FROM orders WHERE id = 860
2026-05-19 23:57:47 user_31 UPDATE UPDATE orders SET stock = 0 WHERE last_updated < '2023-01-01'
2026-05-19 13:57:47 user_08 SELECT SELECT id, name FROM orders WHERE id = 175
2026-05-19 13:57:47 user_32 UPDATE UPDATE id, name FROM transactions WHERE id = 979
2026-05-19 13:57:47 user_03 SELECT SELECT id, name FROM finance WHERE id = 484
2026-05-19 01:57:47 user_29 UPDATE UPDATE inventory SET stock = 0 WHERE last_updated < '2023-01-01'
2026-05-19 13:57:48 user_23 SELECT SELECT * FROM customers WHERE 1=1
2026-05-19 13:57:48 user_25 UPDATE UPDATE id, name FROM orders WHERE id = 329
2026-05-19 13:57:48 user_10 UNKNOWN UNKNOWN id, name FROM products WHERE id = 980
2026-05-19 13:57:48 user_17 DELETE DELETE id, name FROM transactions WHERE id = 820
2026-05-19 13:57:49 user_12 SELECT SELECT ssn, name FROM hr_data LIMIT 200
2026-05-19 13:57:49 user_34 DELETE DELETE id, name FROM transactions WHERE id = 482
2026-05-19 13:57:49 user_15 INSERT INSERT id, name FROM products WHERE id = 637
2026-05-19 13:57:49 user_22 DELETE DELETE id, name FROM customers WHERE id = 328
2026-05-19 13:57:49 user_08 SELECT SELECT id, name FROM transactions WHERE id = 952
2026-05-19 13:57:49 user_27 UNKNOWN UNKNOWN id, name FROM hr_data WHERE id = 229
2026-05-19 13:57:49 user_16 INSERT INSERT id, name FROM products WHERE id = 267
2026-05-19 01:57:49 user_20 UPDATE UPDATE products SET stock = 0 WHERE last_updated < '2023-01-01'
2026-05-19 13:57:49 user_03 INSERT INSERT id, name FROM employees WHERE id = 514
2026-05-19 13:57:49 user_29 UPDATE UPDATE id, name FROM hr_data WHERE id = 764
2026-05-19 00:57:51 user_38 UPDATE UPDATE inventory SET stock = 0 WHERE last_updated < '2023-01-01'
2026-05-19 13:57:52 user_06 DELETE DELETE id, name FROM hr_data WHERE id = 674
2026-05-19 13:57:52 user_14 UPDATE UPDATE id, name FROM inventory WHERE id = 898
2026-05-19 13:57:52 user_08 SELECT SELECT * FROM salary WHERE 1=1
2026-05-19 13:57:52 user_18 INSERT INSERT id, name FROM hr_data WHERE id = 869
2026-05-19 13:57:52 user_36 INSERT INSERT id, name FROM finance WHERE id = 83
2026-05-19 13:57:53 user_01 SELECT SELECT id, name FROM inventory WHERE id = 81
2026-05-19 13:57:53 user_11 UPDATE UPDATE id, name FROM salary WHERE id = 387
2026-05-19 13:57:54 user_32 DELETE DELETE id, name FROM salary WHERE id = 815
2026-05-19 00:57:54 user_10 UPDATE UPDATE products SET stock = 0 WHERE last_updated < '2023-01-01'
2026-05-19 13:57:56 user_11 SELECT SELECT id, name FROM finance WHERE id = 911
2026-05-19 13:57:57 user_01 UPDATE UPDATE id, name FROM products WHERE id = 309
2026-05-19 13:57:57 user_27 UNKNOWN UNKNOWN id, name FROM products WHERE id = 197
2026-05-19 13:57:57 user_36 SELECT SELECT id, name FROM hr_data WHERE id = 781
2026-05-19 13:57:57 user_11 SELECT SELECT id, name FROM hr_data WHERE id = 387
2026-05-19 13:57:57 user_06 SELECT SELECT ssn, name FROM hr_data LIMIT 200
2026-05-19 13:57:59 user_19 SELECT SELECT id, name FROM salary WHERE id = 623
2026-05-19 13:57:59 user_14 UPDATE UPDATE id, name FROM finance WHERE id = 417
2026-05-19 13:57:59 user_24 UPDATE UPDATE id, name FROM finance WHERE id = 190
2026-05-19 22:58:01 user_27 UPDATE UPDATE products SET stock = 0 WHERE last_updated < '2023-01-01'
2026-05-19 13:58:02 user_24 SELECT SELECT ssn, name FROM hr_data LIMIT 200
2026-05-19 13:58:02 user_35 SELECT SELECT id, name FROM customers WHERE id = 649
2026-05-19 13:58:02 user_27 SELECT SELECT ssn, name FROM hr_data LIMIT 200
2026-05-19 13:58:02 user_18 DELETE DELETE id, name FROM products WHERE id = 293
2026-05-19 13:58:02 user_11 DELETE DELETE id, name FROM finance WHERE id = 111
2026-05-19 13:58:03 user_10 UPDATE UPDATE id, name FROM salary WHERE id = 218
2026-05-19 13:58:03 user_40 SELECT SELECT ssn, name FROM hr_data LIMIT 200
2026-05-19 13:58:03 user_21 UNKNOWN UNKNOWN id, name FROM orders WHERE id = 320
2026-05-19 13:58:05 user_22 SELECT SELECT id, name FROM finance WHERE id = 33
2026-05-19 00:58:05 user_40 UPDATE UPDATE orders SET stock = 0 WHERE last_updated < '2023-01-01'
2026-05-19 13:58:05 user_25 SELECT SELECT id, name FROM hr_data WHERE id = 68
2026-05-19 13:58:05 user_26 DELETE DELETE id, name FROM employees WHERE id = 630
2026-05-19 13:58:06 user_25 UNKNOWN UNKNOWN id, name FROM inventory WHERE id = 389
2026-05-19 13:58:06 user_16 UNKNOWN UNKNOWN id, name FROM customers WHERE id = 375
2026-05-19 13:58:06 user_35 DELETE DELETE id, name FROM hr_data WHERE id = 188
2026-05-19 01:58:06 user_34 UPDATE UPDATE orders SET stock = 0 WHERE last_updated < '2023-01-01'
2026-05-19 13:58:07 user_33 UNKNOWN UNKNOWN id, name FROM hr_data WHERE id = 953
2026-05-19 00:58:07 user_01 UPDATE UPDATE orders SET stock = 0 WHERE last_updated < '2023-01-01'
2026-05-19 13:58:09 user_33 SELECT SELECT ssn, name FROM hr_data LIMIT 200
2026-05-19 13:58:09 user_28 INSERT INSERT id, name FROM transactions WHERE id = 32
2026-05-19 13:58:09 user_19 SELECT SELECT id, name FROM hr_data WHERE id = 632
2026-05-19 13:58:10 user_02 INSERT INSERT id, name FROM customers WHERE id = 951
2026-05-19 13:58:10 user_03 SELECT SELECT id, name FROM finance WHERE id = 165
2026-05-19 22:58:10 user_07 UPDATE UPDATE products SET stock = 0 WHERE last_updated < '2023-01-01'
2026-05-19 13:58:10 user_32 INSERT INSERT id, name FROM orders WHERE id = 929
2026-05-19 13:58:11 user_08 DELETE DELETE id, name FROM orders WHERE id = 496
2026-05-19 13:58:11 user_13 SELECT SELECT id, name FROM inventory WHERE id = 493
2026-05-19 13:58:11 user_17 INSERT INSERT id, name FROM products WHERE id = 724
2026-05-19 13:58:11 user_31 DELETE DELETE id, name FROM employees WHERE id = 255
2026-05-19 13:58:11 user_32 SELECT SELECT id, name FROM inventory WHERE id = 851
2026-05-19 13:58:13 user_11 SELECT SELECT ssn, name FROM hr_data LIMIT 200
2026-05-19 13:58:13 user_05 SELECT SELECT * FROM finance WHERE 1=1
2026-05-19 13:58:13 user_25 SELECT SELECT * FROM finance WHERE 1=1
2026-05-19 00:58:13 user_23 UPDATE UPDATE inventory SET stock = 0 WHERE last_updated < '2023-01-01'
2026-05-19 13:58:15 user_21 DELETE DELETE id, name FROM orders WHERE id = 103
2026-05-19 22:58:15 user_20 UPDATE UPDATE inventory SET stock = 0 WHERE last_updated < '2023-01-01'
2026-05-19 22:58:17 user_14 UPDATE UPDATE orders SET stock = 0 WHERE last_updated < '2023-01-01'
2026-05-19 13:58:17 user_24 INSERT INSERT id, name FROM inventory WHERE id = 522
2026-05-19 13:58:17 user_39 SELECT SELECT id, name FROM inventory WHERE id = 834
2026-05-19 13:58:17 user_19 DELETE DELETE id, name FROM inventory WHERE id = 82
2026-05-19 13:58:17 user_31 SELECT SELECT * FROM customers WHERE 1=1
2026-05-19 13:58:19 user_02 UPDATE UPDATE id, name FROM finance WHERE id = 959
2026-05-19 13:58:19 user_02 SELECT SELECT ssn, name FROM hr_data LIMIT 200
2026-05-19 13:58:19 user_13 UPDATE UPDATE id, name FROM customers WHERE id = 381
2026-05-19 13:58:19 user_20 SELECT SELECT id, name FROM transactions WHERE id = 799
2026-05-19 13:58:19 user_17 SELECT SELECT id, name FROM orders WHERE id = 107
2026-05-19 13:58:19 user_34 SELECT SELECT id, name FROM salary WHERE id = 816
2026-05-19 13:58:19 user_33 UNKNOWN UNKNOWN id, name FROM hr_data WHERE id = 519
2026-05-19 00:58:19 user_24 UPDATE UPDATE products SET stock = 0 WHERE last_updated < '2023-01-01'
2026-05-19 13:58:19 user_22 INSERT INSERT id, name FROM orders WHERE id = 181
2026-05-19 13:58:20 user_08 SELECT SELECT id, name FROM employees WHERE id = 682
2026-05-19 23:58:21 user_16 UPDATE UPDATE inventory SET stock = 0 WHERE last_updated < '2023-01-01'
2026-05-19 13:58:23 user_19 SELECT SELECT ssn, name FROM hr_data LIMIT 200
2026-05-19 13:58:23 user_10 SELECT SELECT id, name FROM employees WHERE id = 106
2026-05-19 13:58:23 user_13 UNKNOWN UNKNOWN id, name FROM products WHERE id = 284
2026-05-19 13:58:23 user_31 DELETE DELETE id, name FROM customers WHERE id = 20
2026-05-19 13:58:23 user_34 UNKNOWN UNKNOWN id, name FROM customers WHERE id = 411
2026-05-19 22:58:23 user_19 UPDATE UPDATE orders SET stock = 0 WHERE last_updated < '2023-01-01'
2026-05-19 13:58:23 user_32 UPDATE UPDATE id, name FROM finance WHERE id = 862
2026-05-19 13:58:23 user_01 SELECT SELECT * FROM salary WHERE 1=1
2026-05-19 13:58:25 user_20 INSERT INSERT id, name FROM finance WHERE id = 85
2026-05-19 13:58:25 user_35 INSERT INSERT id, name FROM orders WHERE id = 714
2026-05-19 01:58:25 user_39 UPDATE UPDATE orders SET stock = 0 WHERE last_updated < '2023-01-01'
2026-05-19 01:58:25 user_15 UPDATE UPDATE orders SET stock = 0 WHERE last_updated < '2023-01-01'
2026-05-19 13:58:25 user_33 DELETE DELETE id, name FROM inventory WHERE id = 758
2026-05-19 13:58:26 user_26 INSERT INSERT id, name FROM products WHERE id = 806
2026-05-19 13:58:26 user_13 INSERT INSERT id, name FROM finance WHERE id = 214
2026-05-19 13:58:26 user_09 SELECT SELECT id, name FROM products WHERE id = 597
2026-05-19 13:58:27 user_29 INSERT INSERT id, name FROM orders WHERE id = 678
2026-05-19 22:58:27 user_05 UPDATE UPDATE products SET stock = 0 WHERE last_updated < '2023-01-01'
2026-05-19 13:58:27 user_26 UNKNOWN UNKNOWN id, name FROM finance WHERE id = 744
2026-05-19 13:58:28 user_06 SELECT SELECT id, name FROM finance WHERE id = 977
2026-05-19 13:58:28 user_21 SELECT SELECT ssn, name FROM hr_data LIMIT 200
2026-05-19 13:58:28 user_32 SELECT SELECT * FROM salary WHERE 1=1
2026-05-19 13:58:28 user_36 SELECT SELECT ssn, name FROM hr_data LIMIT 200
2026-05-19 13:58:28 user_18 SELECT SELECT id, name FROM products WHERE id = 192
2026-05-19 13:58:30 user_39 UNKNOWN UNKNOWN id, name FROM products WHERE id = 668
2026-05-19 13:58:32 user_39 DELETE DELETE id, name FROM hr_data WHERE id = 692
2026-05-19 13:58:32 user_34 UNKNOWN UNKNOWN id, name FROM orders WHERE id = 618
2026-05-19 13:58:32 user_23 SELECT SELECT ssn, name FROM hr_data LIMIT 200
2026-05-19 13:58:32 user_37 SELECT SELECT id, name FROM transactions WHERE id = 679
2026-05-19 00:58:32 user_11 UPDATE UPDATE inventory SET stock = 0 WHERE last_updated < '2023-01-01'
2026-05-19 13:58:33 user_10 DELETE DELETE id, name FROM salary WHERE id = 563
2026-05-19 13:58:33 user_21 DELETE DELETE id, name FROM transactions WHERE id = 20
2026-05-19 13:58:34 user_32 SELECT SELECT id, name FROM customers WHERE id = 914
2026-05-19 22:58:35 user_01 UPDATE UPDATE products SET stock = 0 WHERE last_updated < '2023-01-01'
2026-05-19 23:58:35 user_27 UPDATE UPDATE inventory SET stock = 0 WHERE last_updated < '2023-01-01'
2026-05-19 13:58:35 user_02 INSERT INSERT id, name FROM hr_data WHERE id = 764
2026-05-19 13:58:35 user_19 UPDATE UPDATE id, name FROM employees WHERE id = 308
2026-05-19 13:58:36 user_27 UNKNOWN UNKNOWN id, name FROM employees WHERE id = 628
2026-05-19 13:58:38 user_16 UPDATE UPDATE id, name FROM hr_data WHERE id = 116
2026-05-19 13:58:39 user_15 UPDATE UPDATE id, name FROM employees WHERE id = 505
2026-05-19 13:58:39 user_24 SELECT SELECT id, name FROM customers WHERE id = 609
2026-05-19 22:58:39 user_04 UPDATE UPDATE products SET stock = 0 WHERE last_updated < '2023-01-01'
2026-05-19 01:58:39 user_40 UPDATE UPDATE inventory SET stock = 0 WHERE last_updated < '2023-01-01'
2026-05-19 13:58:41 user_35 SELECT SELECT id, name FROM salary WHERE id = 123
2026-05-19 13:58:41 user_32 SELECT SELECT ssn, name FROM hr_data LIMIT 200
2026-05-19 13:58:41 user_34 UPDATE UPDATE id, name FROM employees WHERE id = 238
2026-05-19 13:58:41 user_35 UNKNOWN UNKNOWN id, name FROM products WHERE id = 766
2026-05-19 13:58:41 user_30 INSERT INSERT id, name FROM customers WHERE id = 776
2026-05-19 13:58:42 user_40 UPDATE UPDATE id, name FROM orders WHERE id = 678
2026-05-19 13:58:44 user_33 SELECT SELECT id, name FROM customers WHERE id = 421
2026-05-19 13:58:44 user_05 SELECT SELECT * FROM finance WHERE 1=1
2026-05-19 13:58:44 user_32 UNKNOWN UNKNOWN id, name FROM customers WHERE id = 954
2026-05-19 13:58:44 user_07 SELECT SELECT * FROM finance WHERE 1=1
2026-05-19 13:58:44 user_06 SELECT SELECT id, name FROM finance WHERE id = 100
2026-05-19 13:58:45 user_25 SELECT SELECT id, name FROM orders WHERE id = 23
2026-05-19 00:58:45 user_10 UPDATE UPDATE inventory SET stock = 0 WHERE last_updated < '2023-01-01'
2026-05-19 13:58:45 user_38 SELECT SELECT ssn, name FROM hr_data LIMIT 200
2026-05-19 13:58:46 user_02 INSERT INSERT id, name FROM inventory WHERE id = 366
2026-05-19 13:58:46 user_30 SELECT SELECT id, name FROM hr_data WHERE id = 48
2026-05-19 13:58:46 user_08 INSERT INSERT id, name FROM transactions WHERE id = 277
2026-05-19 13:58:46 user_19 UNKNOWN UNKNOWN id, name FROM customers WHERE id = 562
2026-05-19 13:58:47 user_27 UNKNOWN UNKNOWN id, name FROM inventory WHERE id = 935
2026-05-19 13:58:47 user_20 UNKNOWN UNKNOWN id, name FROM hr_data WHERE id = 147
2026-05-19 13:58:49 user_38 DELETE DELETE id, name FROM employees WHERE id = 141
2026-05-19 13:58:49 user_23 DELETE DELETE id, name FROM transactions WHERE id = 23
2026-05-19 13:58:49 user_26 SELECT SELECT * FROM customers WHERE 1=1
2026-05-19 13:58:49 user_02 UNKNOWN UNKNOWN id, name FROM transactions WHERE id = 552
2026-05-19 13:58:50 user_38 INSERT INSERT id, name FROM products WHERE id = 401
2026-05-19 13:58:50 user_35 SELECT SELECT ssn, name FROM hr_data LIMIT 200
2026-05-19 13:58:50 user_04 DELETE DELETE id, name FROM finance WHERE id = 15
2026-05-19 23:58:50 user_21 UPDATE UPDATE products SET stock = 0 WHERE last_updated < '2023-01-01'
2026-05-19 13:58:50 user_08 INSERT INSERT id, name FROM orders WHERE id = 702
2026-05-19 13:58:50 user_29 UNKNOWN UNKNOWN id, name FROM finance WHERE id = 4
2026-05-19 13:58:50 user_03 INSERT INSERT id, name FROM products WHERE id = 486
2026-05-19 13:58:50 user_34 SELECT SELECT ssn, name FROM hr_data LIMIT 200
2026-05-19 23:58:51 user_21 UPDATE UPDATE orders SET stock = 0 WHERE last_updated < '2023-01-01'
2026-05-19 13:58:51 user_17 UPDATE UPDATE id, name FROM transactions WHERE id = 933
2026-05-19 13:58:51 user_06 SELECT SELECT id, name FROM transactions WHERE id = 294
2026-05-19 13:58:53 user_06 SELECT SELECT id, name FROM transactions WHERE id = 558
2026-05-19 13:58:53 user_34 UPDATE UPDATE id, name FROM finance WHERE id = 681
2026-05-19 13:58:53 user_37 INSERT INSERT id, name FROM transactions WHERE id = 914
2026-05-19 13:58:53 user_04 SELECT SELECT * FROM finance WHERE 1=1
2026-05-19 13:58:53 user_35 DELETE DELETE id, name FROM inventory WHERE id = 632
2026-05-19 13:58:55 user_30 INSERT INSERT id, name FROM finance WHERE id = 807
2026-05-19 13:58:55 user_20 INSERT INSERT id, name FROM products WHERE id = 108
2026-05-19 22:58:56 user_18 UPDATE UPDATE products SET stock = 0 WHERE last_updated < '2023-01-01'
2026-05-19 13:58:56 user_27 UPDATE UPDATE id, name FROM inventory WHERE id = 231
2026-05-19 13:58:56 user_38 INSERT INSERT id, name FROM salary WHERE id = 541
2026-05-19 13:58:56 user_25 SELECT SELECT id, name FROM finance WHERE id = 211
2026-05-19 13:58:56 user_22 SELECT SELECT id, name FROM finance WHERE id = 74
2026-05-19 00:58:58 user_20 UPDATE UPDATE inventory SET stock = 0 WHERE last_updated < '2023-01-01'
2026-05-19 13:58:58 user_02 SELECT SELECT ssn, name FROM hr_data LIMIT 200
2026-05-19 13:58:59 user_10 UPDATE UPDATE id, name FROM inventory WHERE id = 346
2026-05-19 13:58:59 user_35 UNKNOWN UNKNOWN id, name FROM customers WHERE id = 447
2026-05-19 13:58:59 user_38 INSERT INSERT id, name FROM customers WHERE id = 99
2026-05-19 13:58:59 user_23 INSERT INSERT id, name FROM products WHERE id = 411
2026-05-19 13:58:59 user_20 SELECT SELECT id, name FROM salary WHERE id = 530
2026-05-19 13:59:00 user_01 UNKNOWN UNKNOWN id, name FROM products WHERE id = 807
2026-05-19 13:59:00 user_13 UPDATE UPDATE id, name FROM inventory WHERE id = 944
2026-05-19 13:59:00 user_03 UNKNOWN UNKNOWN id, name FROM employees WHERE id = 566
2026-05-19 13:59:02 user_08 DELETE DELETE id, name FROM products WHERE id = 592
2026-05-19 13:59:03 user_17 UNKNOWN UNKNOWN id, name FROM employees WHERE id = 314
2026-05-19 13:59:03 user_10 DELETE DELETE id, name FROM transactions WHERE id = 537
2026-05-19 13:59:03 user_16 SELECT SELECT id, name FROM orders WHERE id = 376
2026-05-19 13:59:03 user_11 DELETE DELETE id, name FROM salary WHERE id = 219
2026-05-19 23:59:04 user_07 UPDATE UPDATE products SET stock = 0 WHERE last_updated < '2023-01-01'
2026-05-19 13:59:05 user_03 UNKNOWN UNKNOWN id, name FROM products WHERE id = 261
2026-05-19 13:59:05 user_29 DELETE DELETE id, name FROM employees WHERE id = 834
2026-05-19 13:59:05 user_27 INSERT INSERT id, name FROM customers WHERE id = 988
2026-05-19 13:59:05 user_37 UPDATE UPDATE id, name FROM products WHERE id = 868
2026-05-19 13:59:06 user_39 DELETE DELETE id, name FROM salary WHERE id = 403
2026-05-19 13:59:07 user_15 UPDATE UPDATE id, name FROM customers WHERE id = 459
2026-05-19 13:59:07 user_27 UNKNOWN UNKNOWN id, name FROM inventory WHERE id = 641
2026-05-19 13:59:07 user_17 UNKNOWN UNKNOWN id, name FROM finance WHERE id = 854
2026-05-19 13:59:08 user_24 SELECT SELECT ssn, name FROM hr_data LIMIT 200
2026-05-19 13:59:08 user_10 SELECT SELECT id, name FROM customers WHERE id = 712
2026-05-19 13:59:08 user_38 SELECT SELECT * FROM salary WHERE 1=1
2026-05-19 13:59:08 user_20 SELECT SELECT ssn, name FROM hr_data LIMIT 200
2026-05-19 13:59:08 user_37 INSERT INSERT id, name FROM finance WHERE id = 563
2026-05-19 13:59:09 user_09 SELECT SELECT ssn, name FROM hr_data LIMIT 200
2026-05-19 13:59:09 user_09 INSERT INSERT id, name FROM customers WHERE id = 141
2026-05-19 13:59:09 user_36 UPDATE UPDATE id, name FROM employees WHERE id = 59
2026-05-19 13:59:09 user_16 UPDATE UPDATE id, name FROM hr_data WHERE id = 83
2026-05-19 13:59:10 user_27 DELETE DELETE id, name FROM transactions WHERE id = 326
2026-05-19 13:59:11 user_30 UPDATE UPDATE id, name FROM orders WHERE id = 854
2026-05-19 23:59:11 user_24 UPDATE UPDATE products SET stock = 0 WHERE last_updated < '2023-01-01'
2026-05-19 23:59:11 user_18 UPDATE UPDATE inventory SET stock = 0 WHERE last_updated < '2023-01-01'
2026-05-19 13:59:11 user_19 UPDATE UPDATE id, name FROM employees WHERE id = 447
2026-05-19 23:59:11 user_22 UPDATE UPDATE inventory SET stock = 0 WHERE last_updated < '2023-01-01'
2026-05-19 13:59:11 user_01 INSERT INSERT id, name FROM employees WHERE id = 488
2026-05-19 13:59:13 user_39 UNKNOWN UNKNOWN id, name FROM transactions WHERE id = 113
2026-05-19 13:59:14 user_12 INSERT INSERT id, name FROM products WHERE id = 256
2026-05-19 13:59:14 user_22 SELECT SELECT ssn, name FROM hr_data LIMIT 200
2026-05-19 13:59:16 user_28 INSERT INSERT id, name FROM inventory WHERE id = 327
2026-05-19 13:59:17 user_16 INSERT INSERT id, name FROM salary WHERE id = 505
2026-05-19 13:59:17 user_13 SELECT SELECT * FROM customers WHERE 1=1
2026-05-19 22:59:17 user_05 UPDATE UPDATE products SET stock = 0 WHERE last_updated < '2023-01-01'
2026-05-19 13:59:17 user_11 SELECT SELECT ssn, name FROM hr_data LIMIT 200
2026-05-19 13:59:17 user_19 SELECT SELECT id, name FROM inventory WHERE id = 775
2026-05-19 13:59:18 user_32 UNKNOWN UNKNOWN id, name FROM customers WHERE id = 787
2026-05-19 13:59:18 user_20 INSERT INSERT id, name FROM orders WHERE id = 309
2026-05-19 13:59:18 user_16 SELECT SELECT id, name FROM orders WHERE id = 903
2026-05-19 13:59:18 user_35 SELECT SELECT ssn, name FROM hr_data LIMIT 200
2026-05-19 13:59:18 user_14 UNKNOWN UNKNOWN id, name FROM inventory WHERE id = 478
2026-05-19 01:59:20 user_40 UPDATE UPDATE inventory SET stock = 0 WHERE last_updated < '2023-01-01'
2026-05-19 13:59:20 user_36 SELECT SELECT id, name FROM finance WHERE id = 992
2026-05-19 13:59:21 user_15 UNKNOWN UNKNOWN id, name FROM hr_data WHERE id = 207
2026-05-19 13:59:21 user_09 SELECT SELECT ssn, name FROM hr_data LIMIT 200
2026-05-19 13:59:21 user_21 SELECT SELECT ssn, name FROM hr_data LIMIT 200
2026-05-19 13:59:21 user_37 INSERT INSERT id, name FROM employees WHERE id = 970
2026-05-19 23:59:22 user_14 UPDATE UPDATE products SET stock = 0 WHERE last_updated < '2023-01-01'
2026-05-19 13:59:22 user_20 SELECT SELECT * FROM customers WHERE 1=1
2026-05-19 13:59:22 user_06 SELECT SELECT id, name FROM inventory WHERE id = 532
2026-05-19 13:59:22 user_38 INSERT INSERT id, name FROM transactions WHERE id = 679
2026-05-19 13:59:23 user_09 UPDATE UPDATE id, name FROM salary WHERE id = 367
2026-05-19 13:59:23 user_14 SELECT SELECT * FROM customers WHERE 1=1
2026-05-19 01:59:23 user_11 UPDATE UPDATE orders SET stock = 0 WHERE last_updated < '2023-01-01'
2026-05-19 13:59:23 user_14 SELECT SELECT id, name FROM transactions WHERE id = 915
2026-05-19 13:59:23 user_19 SELECT SELECT id, name FROM employees WHERE id = 591
2026-05-19 13:59:25 user_01 DELETE DELETE id, name FROM customers WHERE id = 170
2026-05-19 13:59:25 user_19 UNKNOWN UNKNOWN id, name FROM orders WHERE id = 703
2026-05-19 13:59:25 user_10 UNKNOWN UNKNOWN id, name FROM customers WHERE id = 276
2026-05-19 13:59:25 user_07 UNKNOWN UNKNOWN id, name FROM inventory WHERE id = 145
2026-05-19 13:59:26 user_32 DELETE DELETE id, name FROM finance WHERE id = 506
2026-05-19 23:59:26 user_26 UPDATE UPDATE inventory SET stock = 0 WHERE last_updated < '2023-01-01'
2026-05-19 13:59:27 user_17 UPDATE UPDATE id, name FROM employees WHERE id = 616
2026-05-19 13:59:27 user_28 SELECT SELECT ssn, name FROM hr_data LIMIT 200
2026-05-19 13:59:27 user_10 SELECT SELECT * FROM finance WHERE 1=1
2026-05-19 13:59:27 user_25 INSERT INSERT id, name FROM hr_data WHERE id = 712
2026-05-19 13:59:28 user_40 SELECT SELECT id, name FROM transactions WHERE id = 101
2026-05-19 13:59:28 user_22 SELECT SELECT id, name FROM inventory WHERE id = 942
2026-05-19 13:59:28 user_07 SELECT SELECT ssn, name FROM hr_data LIMIT 200
2026-05-19 01:59:28 user_27 UPDATE UPDATE products SET stock = 0 WHERE last_updated < '2023-01-01'
2026-05-19 13:59:28 user_39 DELETE DELETE id, name FROM inventory WHERE id = 531
2026-05-19 13:59:28 user_01 SELECT SELECT ssn, name FROM hr_data LIMIT 200
2026-05-19 13:59:28 user_17 UPDATE UPDATE id, name FROM hr_data WHERE id = 797
2026-05-19 13:59:28 user_39 DELETE DELETE id, name FROM employees WHERE id = 626
2026-05-19 13:59:28 user_38 UPDATE UPDATE id, name FROM inventory WHERE id = 462
2026-05-19 13:59:28 user_05 SELECT SELECT ssn, name FROM hr_data LIMIT 200
2026-05-19 13:59:30 user_01 UNKNOWN UNKNOWN id, name FROM transactions WHERE id = 213
2026-05-19 13:59:30 user_02 SELECT SELECT ssn, name FROM hr_data LIMIT 200
2026-05-19 01:59:30 user_07 UPDATE UPDATE products SET stock = 0 WHERE last_updated < '2023-01-01'
2026-05-19 13:59:30 user_18 DELETE DELETE id, name FROM finance WHERE id = 414
2026-05-19 13:59:30 user_14 DELETE DELETE id, name FROM hr_data WHERE id = 597
2026-05-19 13:59:32 user_01 UPDATE UPDATE id, name FROM products WHERE id = 530
2026-05-19 13:59:32 user_22 UPDATE UPDATE id, name FROM products WHERE id = 363
2026-05-19 13:59:32 user_14 SELECT SELECT * FROM customers WHERE 1=1
2026-05-19 13:59:33 user_02 SELECT SELECT id, name FROM transactions WHERE id = 542
2026-05-19 13:59:33 user_14 SELECT SELECT id, name FROM salary WHERE id = 3
2026-05-19 13:59:33 user_14 SELECT SELECT id, name FROM orders WHERE id = 929
2026-05-19 13:59:33 user_26 SELECT SELECT ssn, name FROM hr_data LIMIT 200
2026-05-19 13:59:35 user_37 SELECT SELECT * FROM customers WHERE 1=1
2026-05-19 13:59:35 user_08 UPDATE UPDATE id, name FROM products WHERE id = 907
2026-05-19 13:59:35 user_34 SELECT SELECT ssn, name FROM hr_data LIMIT 200
2026-05-19 22:59:35 user_25 UPDATE UPDATE inventory SET stock = 0 WHERE last_updated < '2023-01-01'
2026-05-19 13:59:35 user_23 SELECT SELECT ssn, name FROM hr_data LIMIT 200
2026-05-19 13:59:36 user_38 SELECT SELECT id, name FROM salary WHERE id = 613
2026-05-19 13:59:36 user_01 UNKNOWN UNKNOWN id, name FROM inventory WHERE id = 982
2026-05-19 13:59:36 user_40 SELECT SELECT id, name FROM salary WHERE id = 851
2026-05-19 13:59:36 user_09 SELECT SELECT ssn, name FROM hr_data LIMIT 200
2026-05-19 13:59:36 user_33 DELETE DELETE id, name FROM products WHERE id = 379
2026-05-19 13:59:37 user_07 SELECT SELECT * FROM customers WHERE 1=1
2026-05-19 13:59:37 user_11 DELETE DELETE id, name FROM orders WHERE id = 628
2026-05-19 13:59:39 user_19 DELETE DELETE id, name FROM employees WHERE id = 911
2026-05-19 13:59:39 user_11 INSERT INSERT id, name FROM salary WHERE id = 135
2026-05-19 13:59:39 user_19 UPDATE UPDATE id, name FROM orders WHERE id = 683
2026-05-19 13:59:39 user_20 INSERT INSERT id, name FROM finance WHERE id = 999
2026-05-19 13:59:39 user_38 SELECT SELECT ssn, name FROM hr_data LIMIT 200
2026-05-19 22:59:39 user_02 UPDATE UPDATE orders SET stock = 0 WHERE last_updated < '2023-01-01'
2026-05-19 23:59:39 user_27 UPDATE UPDATE inventory SET stock = 0 WHERE last_updated < '2023-01-01'
2026-05-19 13:59:40 user_36 SELECT SELECT * FROM finance WHERE 1=1
2026-05-19 13:59:40 user_11 SELECT SELECT id, name FROM products WHERE id = 863
2026-05-19 13:59:40 user_16 SELECT SELECT ssn, name FROM hr_data LIMIT 200
2026-05-19 13:59:40 user_16 SELECT SELECT ssn, name FROM hr_data LIMIT 200
2026-05-19 13:59:41 user_33 INSERT INSERT id, name FROM customers WHERE id = 744
2026-05-19 00:59:41 user_28 UPDATE UPDATE orders SET stock = 0 WHERE last_updated < '2023-01-01'
2026-05-19 13:59:41 user_25 SELECT SELECT ssn, name FROM hr_data LIMIT 200
2026-05-19 13:59:41 user_12 SELECT SELECT * FROM customers WHERE 1=1
2026-05-19 13:59:43 user_15 UPDATE UPDATE id, name FROM orders WHERE id = 818
2026-05-19 13:59:44 user_32 UNKNOWN UNKNOWN id, name FROM employees WHERE id = 380
2026-05-19 01:59:44 user_27 UPDATE UPDATE inventory SET stock = 0 WHERE last_updated < '2023-01-01'
2026-05-19 23:59:44 user_02 UPDATE UPDATE products SET stock = 0 WHERE last_updated < '2023-01-01'
2026-05-19 13:59:44 user_02 SELECT SELECT ssn, name FROM hr_data LIMIT 200
2026-05-19 13:59:44 user_40 DELETE DELETE id, name FROM products WHERE id = 121
2026-05-19 13:59:45 user_20 UNKNOWN UNKNOWN id, name FROM orders WHERE id = 547
2026-05-19 13:59:45 user_06 DELETE DELETE id, name FROM customers WHERE id = 398
2026-05-19 13:59:45 user_11 UPDATE UPDATE id, name FROM employees WHERE id = 290
2026-05-19 13:59:45 user_10 UPDATE UPDATE id, name FROM finance WHERE id = 374
2026-05-19 13:59:45 user_29 INSERT INSERT id, name FROM employees WHERE id = 665
2026-05-19 23:59:47 user_15 UPDATE UPDATE orders SET stock = 0 WHERE last_updated < '2023-01-01'
2026-05-19 13:59:48 user_18 INSERT INSERT id, name FROM orders WHERE id = 140
2026-05-19 13:59:48 user_05 SELECT SELECT * FROM customers WHERE 1=1
2026-05-19 13:59:48 user_20 SELECT SELECT * FROM finance WHERE 1=1
2026-05-19 13:59:48 user_02 SELECT SELECT * FROM customers WHERE 1=1
2026-05-19 13:59:50 user_30 SELECT SELECT id, name FROM finance WHERE id = 4
2026-05-19 13:59:50 user_08 INSERT INSERT id, name FROM products WHERE id = 632
2026-05-19 13:59:50 user_18 SELECT SELECT id, name FROM hr_data WHERE id = 301
2026-05-19 13:59:52 user_18 UPDATE UPDATE id, name FROM transactions WHERE id = 928
2026-05-19 13:59:52 user_14 DELETE DELETE id, name FROM salary WHERE id = 693
2026-05-19 13:59:52 user_07 SELECT SELECT ssn, name FROM hr_data LIMIT 200
2026-05-19 13:59:53 user_02 INSERT INSERT id, name FROM customers WHERE id = 736
2026-05-19 13:59:53 user_32 UPDATE UPDATE id, name FROM orders WHERE id = 937
2026-05-19 13:59:53 user_29 UNKNOWN UNKNOWN id, name FROM orders WHERE id = 416
2026-05-19 13:59:54 user_36 SELECT SELECT ssn, name FROM hr_data LIMIT 200
2026-05-19 13:59:54 user_14 DELETE DELETE id, name FROM customers WHERE id = 920
2026-05-19 13:59:54 user_35 SELECT SELECT * FROM salary WHERE 1=1
2026-05-19 13:59:55 user_39 UNKNOWN UNKNOWN id, name FROM orders WHERE id = 98
2026-05-19 13:59:57 user_32 SELECT SELECT * FROM customers WHERE 1=1
2026-05-19 01:59:57 user_09 UPDATE UPDATE products SET stock = 0 WHERE last_updated < '2023-01-01'
2026-05-19 13:59:57 user_01 SELECT SELECT * FROM finance WHERE 1=1
2026-05-19 13:59:57 user_06 UPDATE UPDATE id, name FROM transactions WHERE id = 115
2026-05-19 13:59:58 user_05 UPDATE UPDATE id, name FROM inventory WHERE id = 596
2026-05-19 13:59:59 user_36 INSERT INSERT id, name FROM orders WHERE id = 814
2026-05-19 13:59:59 user_23 DELETE DELETE id, name FROM transactions WHERE id = 224
2026-05-19 14:00:00 user_03 DELETE DELETE id, name FROM employees WHERE id = 43
2026-05-19 14:00:02 user_15 DELETE DELETE id, name FROM salary WHERE id = 863
2026-05-19 14:00:02 user_20 UPDATE UPDATE id, name FROM salary WHERE id = 753
2026-05-19 14:00:02 user_26 SELECT SELECT * FROM salary WHERE 1=1
2026-05-19 14:00:03 user_24 SELECT SELECT * FROM customers WHERE 1=1
2026-05-19 14:00:04 user_25 INSERT INSERT id, name FROM salary WHERE id = 68
2026-05-19 14:00:04 user_17 UNKNOWN UNKNOWN id, name FROM salary WHERE id = 345
2026-05-19 14:00:04 user_11 INSERT INSERT id, name FROM transactions WHERE id = 462
2026-05-19 14:00:04 user_23 SELECT SELECT ssn, name FROM hr_data LIMIT 200
2026-05-19 14:00:04 user_01 INSERT INSERT id, name FROM inventory WHERE id = 203
2026-05-19 14:00:05 user_12 UPDATE UPDATE id, name FROM products WHERE id = 97
2026-05-19 14:00:05 user_07 SELECT SELECT id, name FROM inventory WHERE id = 449
2026-05-19 14:00:07 user_13 SELECT SELECT ssn, name FROM hr_data LIMIT 200
2026-05-19 14:00:07 user_05 SELECT SELECT * FROM finance WHERE 1=1
2026-05-19 14:00:08 user_23 UNKNOWN UNKNOWN id, name FROM hr_data WHERE id = 630
2026-05-19 14:00:09 user_09 UPDATE UPDATE id, name FROM inventory WHERE id = 875
2026-05-19 14:00:09 user_15 SELECT SELECT ssn, name FROM hr_data LIMIT 200
2026-05-19 14:00:09 user_23 SELECT SELECT id, name FROM finance WHERE id = 867
2026-05-19 14:00:09 user_25 INSERT INSERT id, name FROM orders WHERE id = 663
2026-05-19 14:00:09 user_05 SELECT SELECT id, name FROM salary WHERE id = 203
2026-05-19 14:00:10 user_03 SELECT SELECT * FROM finance WHERE 1=1
2026-05-19 14:00:10 user_11 UNKNOWN UNKNOWN id, name FROM orders WHERE id = 578
2026-05-19 14:00:10 user_24 SELECT SELECT id, name FROM salary WHERE id = 650
2026-05-19 14:00:12 user_39 INSERT INSERT id, name FROM finance WHERE id = 39
2026-05-19 14:00:12 user_18 UNKNOWN UNKNOWN id, name FROM employees WHERE id = 592
2026-05-19 14:00:12 user_33 DELETE DELETE id, name FROM orders WHERE id = 547
2026-05-19 14:00:13 user_03 UPDATE UPDATE id, name FROM customers WHERE id = 530
2026-05-19 14:00:13 user_25 UNKNOWN UNKNOWN id, name FROM transactions WHERE id = 350
2026-05-19 14:00:13 user_19 SELECT SELECT id, name FROM hr_data WHERE id = 814
2026-05-19 14:00:14 user_29 UNKNOWN UNKNOWN id, name FROM customers WHERE id = 151
2026-05-19 00:00:14 user_08 UPDATE UPDATE products SET stock = 0 WHERE last_updated < '2023-01-01'
2026-05-19 14:00:16 user_06 UNKNOWN UNKNOWN id, name FROM products WHERE id = 201
2026-05-19 14:00:16 user_11 UNKNOWN UNKNOWN id, name FROM employees WHERE id = 427
2026-05-19 14:00:16 user_06 UNKNOWN UNKNOWN id, name FROM salary WHERE id = 85
2026-05-19 14:00:16 user_04 UPDATE UPDATE id, name FROM inventory WHERE id = 847
2026-05-19 14:00:17 user_17 UPDATE UPDATE id, name FROM orders WHERE id = 823
2026-05-19 14:00:17 user_35 DELETE DELETE id, name FROM customers WHERE id = 811
2026-05-19 01:00:17 user_39 UPDATE UPDATE products SET stock = 0 WHERE last_updated < '2023-01-01'
2026-05-19 23:00:17 user_26 UPDATE UPDATE orders SET stock = 0 WHERE last_updated < '2023-01-01'
2026-05-19 14:00:18 user_07 UPDATE UPDATE id, name FROM inventory WHERE id = 962
2026-05-19 14:00:18 user_12 SELECT SELECT id, name FROM transactions WHERE id = 822
2026-05-19 14:00:18 user_33 SELECT SELECT ssn, name FROM hr_data LIMIT 200
2026-05-19 14:00:19 user_38 SELECT SELECT * FROM customers WHERE 1=1
2026-05-19 14:00:19 user_07 SELECT SELECT * FROM finance WHERE 1=1
2026-05-19 14:00:19 user_20 INSERT INSERT id, name FROM salary WHERE id = 929
2026-05-19 00:00:19 user_21 UPDATE UPDATE inventory SET stock = 0 WHERE last_updated < '2023-01-01'
2026-05-19 14:00:20 user_30 DELETE DELETE id, name FROM salary WHERE id = 514
2026-05-19 14:00:20 user_22 DELETE DELETE id, name FROM salary WHERE id = 610
2026-05-19 14:00:20 user_29 UNKNOWN UNKNOWN id, name FROM products WHERE id = 401
2026-05-19 14:00:20 user_37 SELECT SELECT id, name FROM finance WHERE id = 400
2026-05-19 14:00:21 user_38 INSERT INSERT id, name FROM employees WHERE id = 203
2026-05-19 14:00:21 user_26 UNKNOWN UNKNOWN id, name FROM inventory WHERE id = 100
2026-05-19 14:00:21 user_25 DELETE DELETE id, name FROM employees WHERE id = 414
2026-05-19 14:00:21 user_19 SELECT SELECT id, name FROM finance WHERE id = 749
2026-05-19 14:00:21 user_39 SELECT SELECT id, name FROM salary WHERE id = 310
2026-05-19 14:00:23 user_28 INSERT INSERT id, name FROM orders WHERE id = 928
2026-05-19 14:00:23 user_31 SELECT SELECT * FROM salary WHERE 1=1
2026-05-19 14:00:23 user_34 SELECT SELECT * FROM finance WHERE 1=1
2026-05-19 14:00:24 user_30 UNKNOWN UNKNOWN id, name FROM inventory WHERE id = 86
2026-05-19 00:00:24 user_23 UPDATE UPDATE inventory SET stock = 0 WHERE last_updated < '2023-01-01'
2026-05-19 14:00:24 user_32 INSERT INSERT id, name FROM hr_data WHERE id = 635
2026-05-19 14:00:24 user_39 INSERT INSERT id, name FROM products WHERE id = 417
2026-05-19 23:00:24 user_37 UPDATE UPDATE products SET stock = 0 WHERE last_updated < '2023-01-01'
2026-05-19 14:00:25 user_40 SELECT SELECT * FROM finance WHERE 1=1
2026-05-19 14:00:25 user_30 INSERT INSERT id, name FROM salary WHERE id = 555
2026-05-19 14:00:26 user_23 UPDATE UPDATE id, name FROM customers WHERE id = 779
2026-05-19 14:00:26 user_30 DELETE DELETE id, name FROM employees WHERE id = 980
2026-05-19 14:00:26 user_40 DELETE DELETE id, name FROM products WHERE id = 840
2026-05-19 14:00:27 user_09 UNKNOWN UNKNOWN id, name FROM inventory WHERE id = 472
2026-05-19 14:00:29 user_15 INSERT INSERT id, name FROM transactions WHERE id = 268
2026-05-19 23:00:29 user_40 UPDATE UPDATE inventory SET stock = 0 WHERE last_updated < '2023-01-01'
2026-05-19 14:00:30 user_26 DELETE DELETE id, name FROM finance WHERE id = 191
2026-05-19 14:00:31 user_08 SELECT SELECT id, name FROM products WHERE id = 394
2026-05-19 14:00:32 user_06 DELETE DELETE id, name FROM orders WHERE id = 250
2026-05-19 14:00:32 user_31 SELECT SELECT id, name FROM inventory WHERE id = 205
2026-05-19 14:00:32 user_13 INSERT INSERT id, name FROM employees WHERE id = 85
2026-05-19 14:00:32 user_10 DELETE DELETE id, name FROM hr_data WHERE id = 201
2026-05-19 01:00:33 user_22 UPDATE UPDATE inventory SET stock = 0 WHERE last_updated < '2023-01-01'
2026-05-19 00:00:33 user_30 UPDATE UPDATE orders SET stock = 0 WHERE last_updated < '2023-01-01'
2026-05-19 23:00:33 user_02 UPDATE UPDATE products SET stock = 0 WHERE last_updated < '2023-01-01'
2026-05-19 14:00:33 user_16 INSERT INSERT id, name FROM orders WHERE id = 884
2026-05-19 14:00:35 user_27 UPDATE UPDATE id, name FROM orders WHERE id = 382
2026-05-19 14:00:35 user_34 SELECT SELECT * FROM salary WHERE 1=1
2026-05-19 14:00:35 user_13 INSERT INSERT id, name FROM salary WHERE id = 20
2026-05-19 14:00:35 user_35 SELECT SELECT * FROM customers WHERE 1=1
2026-05-19 14:00:35 user_11 UPDATE UPDATE id, name FROM hr_data WHERE id = 568
2026-05-19 14:00:37 user_27 SELECT SELECT ssn, name FROM hr_data LIMIT 200
2026-05-19 00:00:37 user_03 UPDATE UPDATE inventory SET stock = 0 WHERE last_updated < '2023-01-01'
2026-05-19 23:00:37 user_04 UPDATE UPDATE products SET stock = 0 WHERE last_updated < '2023-01-01'
2026-05-19 14:00:37 user_11 INSERT INSERT id, name FROM products WHERE id = 494
2026-05-19 14:00:38 user_33 INSERT INSERT id, name FROM products WHERE id = 885
2026-05-19 14:00:38 user_36 UNKNOWN UNKNOWN id, name FROM customers WHERE id = 679
2026-05-19 14:00:38 user_16 UNKNOWN UNKNOWN id, name FROM salary WHERE id = 390
2026-05-19 22:00:39 user_14 UPDATE UPDATE orders SET stock = 0 WHERE last_updated < '2023-01-01'
2026-05-19 14:00:39 user_34 SELECT SELECT ssn, name FROM hr_data LIMIT 200
2026-05-19 14:00:39 user_17 DELETE DELETE id, name FROM orders WHERE id = 842
2026-05-19 22:00:41 user_21 UPDATE UPDATE products SET stock = 0 WHERE last_updated < '2023-01-01'
2026-05-19 01:00:41 user_40 UPDATE UPDATE inventory SET stock = 0 WHERE last_updated < '2023-01-01'
2026-05-19 14:00:42 user_14 UPDATE UPDATE id, name FROM transactions WHERE id = 462
2026-05-19 22:00:42 user_15 UPDATE UPDATE orders SET stock = 0 WHERE last_updated < '2023-01-01'
2026-05-19 14:00:42 user_38 DELETE DELETE id, name FROM customers WHERE id = 199
2026-05-19 14:00:42 user_11 SELECT SELECT ssn, name FROM hr_data LIMIT 200
2026-05-19 14:00:43 user_26 SELECT SELECT ssn, name FROM hr_data LIMIT 200
2026-05-19 14:00:43 user_03 SELECT SELECT id, name FROM salary WHERE id = 111
2026-05-19 14:00:43 user_38 DELETE DELETE id, name FROM transactions WHERE id = 491
2026-05-19 14:00:43 user_26 DELETE DELETE id, name FROM inventory WHERE id = 650
2026-05-19 14:00:43 user_40 SELECT SELECT ssn, name FROM hr_data LIMIT 200
2026-05-19 14:00:45 user_27 UPDATE UPDATE id, name FROM customers WHERE id = 558
2026-05-19 14:00:45 user_18 SELECT SELECT * FROM customers WHERE 1=1
2026-05-19 14:00:45 user_03 DELETE DELETE id, name FROM customers WHERE id = 35
2026-05-19 14:00:45 user_27 UPDATE UPDATE id, name FROM customers WHERE id = 951
2026-05-19 14:00:45 user_39 DELETE DELETE id, name FROM salary WHERE id = 897
2026-05-19 22:00:46 user_11 UPDATE UPDATE orders SET stock = 0 WHERE last_updated < '2023-01-01'
2026-05-19 14:00:46 user_22 INSERT INSERT id, name FROM hr_data WHERE id = 148
2026-05-19 14:00:48 user_23 SELECT SELECT id, name FROM hr_data WHERE id = 762
2026-05-19 14:00:49 user_31 UNKNOWN UNKNOWN id, name FROM hr_data WHERE id = 261
2026-05-19 14:00:49 user_33 DELETE DELETE id, name FROM transactions WHERE id = 913
2026-05-19 14:00:49 user_31 SELECT SELECT ssn, name FROM hr_data LIMIT 200
2026-05-19 22:00:49 user_20 UPDATE UPDATE orders SET stock = 0 WHERE last_updated < '2023-01-01'
2026-05-19 14:00:51 user_24 UNKNOWN UNKNOWN id, name FROM orders WHERE id = 316
2026-05-19 22:00:51 user_15 UPDATE UPDATE inventory SET stock = 0 WHERE last_updated < '2023-01-01'
2026-05-19 14:00:51 user_16 DELETE DELETE id, name FROM salary WHERE id = 598
2026-05-19 14:00:52 user_39 SELECT SELECT ssn, name FROM hr_data LIMIT 200
2026-05-19 14:00:52 user_35 SELECT SELECT id, name FROM customers WHERE id = 191
2026-05-19 14:00:54 user_38 DELETE DELETE id, name FROM products WHERE id = 393
2026-05-19 14:00:55 user_14 INSERT INSERT id, name FROM transactions WHERE id = 50
2026-05-19 14:00:55 user_17 DELETE DELETE id, name FROM employees WHERE id = 87
2026-05-19 14:00:55 user_26 UNKNOWN UNKNOWN id, name FROM hr_data WHERE id = 670
2026-05-19 14:00:55 user_03 UNKNOWN UNKNOWN id, name FROM transactions WHERE id = 485
2026-05-19 14:00:55 user_30 UPDATE UPDATE id, name FROM hr_data WHERE id = 774
2026-05-19 14:00:57 user_29 SELECT SELECT * FROM customers WHERE 1=1
2026-05-19 14:00:58 user_28 DELETE DELETE id, name FROM hr_data WHERE id = 255
2026-05-19 14:00:59 user_18 SELECT SELECT id, name FROM products WHERE id = 478
2026-05-19 14:01:00 user_19 SELECT SELECT * FROM finance WHERE 1=1
2026-05-19 14:01:02 user_02 INSERT INSERT id, name FROM finance WHERE id = 127
2026-05-19 14:01:02 user_17 INSERT INSERT id, name FROM orders WHERE id = 223
2026-05-19 14:01:03 user_12 UPDATE UPDATE id, name FROM finance WHERE id = 276
2026-05-19 14:01:03 user_33 INSERT INSERT id, name FROM salary WHERE id = 630
2026-05-19 14:01:03 user_22 SELECT SELECT ssn, name FROM hr_data LIMIT 200
2026-05-19 14:01:03 user_01 SELECT SELECT id, name FROM orders WHERE id = 138
2026-05-19 14:01:03 user_29 SELECT SELECT ssn, name FROM hr_data LIMIT 200
2026-05-19 22:01:05 user_26 UPDATE UPDATE products SET stock = 0 WHERE last_updated < '2023-01-01'
2026-05-19 14:01:05 user_38 SELECT SELECT ssn, name FROM hr_data LIMIT 200
2026-05-19 22:01:05 user_03 UPDATE UPDATE products SET stock = 0 WHERE last_updated < '2023-01-01'
2026-05-19 14:01:05 user_30 SELECT SELECT id, name FROM transactions WHERE id = 370
2026-05-19 00:01:05 user_38 UPDATE UPDATE products SET stock = 0 WHERE last_updated < '2023-01-01'
2026-05-19 23:01:06 user_20 UPDATE UPDATE orders SET stock = 0 WHERE last_updated < '2023-01-01'
2026-05-19 14:01:06 user_09 SELECT SELECT ssn, name FROM hr_data LIMIT 200
2026-05-19 14:01:07 user_30 SELECT SELECT id, name FROM customers WHERE id = 292
2026-05-19 14:01:07 user_05 INSERT INSERT id, name FROM orders WHERE id = 931
2026-05-19 01:01:07 user_33 UPDATE UPDATE products SET stock = 0 WHERE last_updated < '2023-01-01'
2026-05-19 01:01:09 user_31 UPDATE UPDATE products SET stock = 0 WHERE last_updated < '2023-01-01'
2026-05-19 14:01:10 user_40 UNKNOWN UNKNOWN id, name FROM transactions WHERE id = 523
2026-05-19 14:01:10 user_31 UPDATE UPDATE id, name FROM orders WHERE id = 768
2026-05-19 14:01:10 user_13 SELECT SELECT id, name FROM employees WHERE id = 150
2026-05-19 22:01:10 user_07 UPDATE UPDATE orders SET stock = 0 WHERE last_updated < '2023-01-01'
2026-05-19 14:01:10 user_12 UPDATE UPDATE id, name FROM transactions WHERE id = 234
2026-05-19 14:01:11 user_08 SELECT SELECT id, name FROM inventory WHERE id = 957
2026-05-19 14:01:11 user_19 UNKNOWN UNKNOWN id, name FROM customers WHERE id = 733
2026-05-19 14:01:11 user_05 SELECT SELECT id, name FROM finance WHERE id = 501
2026-05-19 14:01:11 user_26 INSERT INSERT id, name FROM finance WHERE id = 286
2026-05-19 22:01:12 user_17 UPDATE UPDATE products SET stock = 0 WHERE last_updated < '2023-01-01'
2026-05-19 14:01:12 user_38 DELETE DELETE id, name FROM products WHERE id = 333
2026-05-19 14:01:12 user_40 SELECT SELECT * FROM finance WHERE 1=1
2026-05-19 14:01:13 user_35 SELECT SELECT ssn, name FROM hr_data LIMIT 200
2026-05-19 01:01:14 user_31 UPDATE UPDATE products SET stock = 0 WHERE last_updated < '2023-01-01'
2026-05-19 14:01:16 user_24 SELECT SELECT id, name FROM products WHERE id = 724
2026-05-19 14:01:16 user_25 DELETE DELETE id, name FROM customers WHERE id = 881
2026-05-19 14:01:16 user_19 SELECT SELECT * FROM customers WHERE 1=1
2026-05-19 14:01:16 user_24 INSERT INSERT id, name FROM hr_data WHERE id = 442
2026-05-19 14:01:16 user_22 SELECT SELECT ssn, name FROM hr_data LIMIT 200
2026-05-19 01:01:16 user_32 UPDATE UPDATE orders SET stock = 0 WHERE last_updated < '2023-01-01'
2026-05-19 14:01:17 user_10 UPDATE UPDATE id, name FROM inventory WHERE id = 165
2026-05-19 14:01:17 user_02 UNKNOWN UNKNOWN id, name FROM orders WHERE id = 522
2026-05-19 01:01:17 user_05 UPDATE UPDATE products SET stock = 0 WHERE last_updated < '2023-01-01'
2026-05-19 00:01:17 user_13 UPDATE UPDATE orders SET stock = 0 WHERE last_updated < '2023-01-01'
2026-05-19 14:01:18 user_22 SELECT SELECT id, name FROM customers WHERE id = 14
2026-05-19 14:01:18 user_15 SELECT SELECT id, name FROM inventory WHERE id = 262
2026-05-19 14:01:18 user_28 DELETE DELETE id, name FROM customers WHERE id = 402
2026-05-19 14:01:18 user_20 SELECT SELECT id, name FROM products WHERE id = 40
2026-05-19 14:01:18 user_34 UNKNOWN UNKNOWN id, name FROM inventory WHERE id = 205
2026-05-19 14:01:20 user_04 SELECT SELECT * FROM salary WHERE 1=1
2026-05-19 14:01:20 user_07 SELECT SELECT id, name FROM finance WHERE id = 232
2026-05-19 14:01:20 user_17 INSERT INSERT id, name FROM inventory WHERE id = 681
2026-05-19 14:01:20 user_19 INSERT INSERT id, name FROM hr_data WHERE id = 868
2026-05-19 14:01:20 user_11 SELECT SELECT * FROM salary WHERE 1=1
2026-05-19 14:01:20 user_30 UPDATE UPDATE id, name FROM inventory WHERE id = 121
2026-05-19 14:01:20 user_34 SELECT SELECT id, name FROM inventory WHERE id = 72
2026-05-19 14:01:21 user_39 DELETE DELETE id, name FROM inventory WHERE id = 312
2026-05-19 14:01:21 user_27 SELECT SELECT ssn, name FROM hr_data LIMIT 200
2026-05-19 14:01:21 user_03 UNKNOWN UNKNOWN id, name FROM transactions WHERE id = 153
2026-05-19 14:01:21 user_27 UPDATE UPDATE id, name FROM orders WHERE id = 741
2026-05-19 14:01:21 user_19 DELETE DELETE id, name FROM inventory WHERE id = 276
2026-05-19 14:01:22 user_35 SELECT SELECT id, name FROM finance WHERE id = 524
2026-05-19 14:01:22 user_29 UPDATE UPDATE id, name FROM hr_data WHERE id = 515
2026-05-19 14:01:22 user_07 INSERT INSERT id, name FROM employees WHERE id = 105
2026-05-19 14:01:24 user_26 SELECT SELECT ssn, name FROM hr_data LIMIT 200
2026-05-19 14:01:24 user_02 UNKNOWN UNKNOWN id, name FROM transactions WHERE id = 934
2026-05-19 14:01:24 user_15 SELECT SELECT ssn, name FROM hr_data LIMIT 200
2026-05-19 14:01:24 user_37 SELECT SELECT ssn, name FROM hr_data LIMIT 200
2026-05-19 14:01:24 user_09 DELETE DELETE id, name FROM orders WHERE id = 906
2026-05-19 14:01:26 user_12 SELECT SELECT id, name FROM orders WHERE id = 286
2026-05-19 14:01:26 user_21 INSERT INSERT id, name FROM hr_data WHERE id = 292
2026-05-19 14:01:26 user_11 UPDATE UPDATE id, name FROM hr_data WHERE id = 340
2026-05-19 14:01:27 user_34 SELECT SELECT id, name FROM customers WHERE id = 991
2026-05-19 14:01:27 user_27 UPDATE UPDATE id, name FROM finance WHERE id = 247
2026-05-19 14:01:27 user_09 INSERT INSERT id, name FROM products WHERE id = 963
2026-05-19 01:01:27 user_29 UPDATE UPDATE orders SET stock = 0 WHERE last_updated < '2023-01-01'
2026-05-19 14:01:27 user_38 UNKNOWN UNKNOWN id, name FROM inventory WHERE id = 698
2026-05-19 14:01:27 user_40 SELECT SELECT id, name FROM inventory WHERE id = 64
2026-05-19 14:01:29 user_06 INSERT INSERT id, name FROM customers WHERE id = 618
2026-05-19 14:01:29 user_21 SELECT SELECT ssn, name FROM hr_data LIMIT 200
2026-05-19 14:01:29 user_27 DELETE DELETE id, name FROM products WHERE id = 90
2026-05-19 22:01:30 user_06 UPDATE UPDATE inventory SET stock = 0 WHERE last_updated < '2023-01-01'
2026-05-19 14:01:30 user_37 UNKNOWN UNKNOWN id, name FROM employees WHERE id = 145
2026-05-19 14:01:30 user_28 INSERT INSERT id, name FROM hr_data WHERE id = 739
2026-05-19 23:01:31 user_20 UPDATE UPDATE orders SET stock = 0 WHERE last_updated < '2023-01-01'
2026-05-19 14:01:31 user_31 SELECT SELECT ssn, name FROM hr_data LIMIT 200
2026-05-19 14:01:31 user_17 UPDATE UPDATE id, name FROM transactions WHERE id = 680
2026-05-19 14:01:33 user_20 SELECT SELECT id, name FROM inventory WHERE id = 224
2026-05-19 14:01:33 user_13 UPDATE UPDATE id, name FROM inventory WHERE id = 494
2026-05-19 14:01:33 user_27 SELECT SELECT id, name FROM hr_data WHERE id = 837
2026-05-19 14:01:35 user_24 UNKNOWN UNKNOWN id, name FROM orders WHERE id = 149
2026-05-19 14:01:35 user_35 SELECT SELECT ssn, name FROM hr_data LIMIT 200
2026-05-19 14:01:36 user_15 UNKNOWN UNKNOWN id, name FROM inventory WHERE id = 910
2026-05-19 14:01:36 user_01 UNKNOWN UNKNOWN id, name FROM employees WHERE id = 884
2026-05-19 14:01:36 user_27 SELECT SELECT id, name FROM finance WHERE id = 35
2026-05-19 14:01:37 user_27 SELECT SELECT ssn, name FROM hr_data LIMIT 200
2026-05-19 14:01:37 user_36 INSERT INSERT id, name FROM orders WHERE id = 743
2026-05-19 00:01:37 user_06 UPDATE UPDATE products SET stock = 0 WHERE last_updated < '2023-01-01'
2026-05-19 14:01:37 user_25 SELECT SELECT * FROM salary WHERE 1=1
2026-05-19 23:01:37 user_01 UPDATE UPDATE products SET stock = 0 WHERE last_updated < '2023-01-01'
2026-05-19 23:01:38 user_30 UPDATE UPDATE orders SET stock = 0 WHERE last_updated < '2023-01-01'
2026-05-19 14:01:38 user_06 DELETE DELETE id, name FROM employees WHERE id = 310
2026-05-19 14:01:38 user_25 SELECT SELECT ssn, name FROM hr_data LIMIT 200
2026-05-19 14:01:38 user_03 DELETE DELETE id, name FROM products WHERE id = 589
2026-05-19 14:01:38 user_19 UNKNOWN UNKNOWN id, name FROM orders WHERE id = 371
2026-05-19 22:01:39 user_12 UPDATE UPDATE orders SET stock = 0 WHERE last_updated < '2023-01-01'
2026-05-19 14:01:39 user_21 UPDATE UPDATE id, name FROM transactions WHERE id = 723
2026-05-19 14:01:39 user_26 INSERT INSERT id, name FROM products WHERE id = 889
2026-05-19 14:01:39 user_37 UPDATE UPDATE id, name FROM orders WHERE id = 382
2026-05-19 14:01:39 user_06 SELECT SELECT * FROM finance WHERE 1=1
2026-05-19 14:01:40 user_07 SELECT SELECT id, name FROM transactions WHERE id = 246
2026-05-19 14:01:40 user_34 DELETE DELETE id, name FROM hr_data WHERE id = 774
2026-05-19 14:01:40 user_37 SELECT SELECT ssn, name FROM hr_data LIMIT 200
2026-05-19 14:01:41 user_21 SELECT SELECT * FROM salary WHERE 1=1
2026-05-19 14:01:43 user_33 DELETE DELETE id, name FROM orders WHERE id = 850
2026-05-19 14:01:43 user_17 UPDATE UPDATE id, name FROM customers WHERE id = 816
2026-05-19 14:01:43 user_25 SELECT SELECT * FROM finance WHERE 1=1
2026-05-19 14:01:43 user_14 SELECT SELECT * FROM finance WHERE 1=1
2026-05-19 14:01:43 user_40 INSERT INSERT id, name FROM employees WHERE id = 37
2026-05-19 14:01:43 user_07 SELECT SELECT id, name FROM hr_data WHERE id = 60
2026-05-19 01:01:45 user_28 UPDATE UPDATE orders SET stock = 0 WHERE last_updated < '2023-01-01'
2026-05-19 14:01:47 user_33 DELETE DELETE id, name FROM orders WHERE id = 894
2026-05-19 14:01:47 user_12 SELECT SELECT id, name FROM finance WHERE id = 955
2026-05-19 14:01:47 user_23 SELECT SELECT ssn, name FROM hr_data LIMIT 200
2026-05-19 22:01:47 user_40 UPDATE UPDATE products SET stock = 0 WHERE last_updated < '2023-01-01'
2026-05-19 14:01:47 user_28 SELECT SELECT * FROM salary WHERE 1=1
2026-05-19 14:01:47 user_11 INSERT INSERT id, name FROM hr_data WHERE id = 871
2026-05-19 14:01:47 user_11 DELETE DELETE id, name FROM inventory WHERE id = 634
2026-05-19 14:01:47 user_25 UPDATE UPDATE id, name FROM inventory WHERE id = 110
2026-05-19 14:01:48 user_12 SELECT SELECT * FROM customers WHERE 1=1
2026-05-19 00:01:49 user_38 UPDATE UPDATE orders SET stock = 0 WHERE last_updated < '2023-01-01'
2026-05-19 14:01:49 user_25 SELECT SELECT id, name FROM transactions WHERE id = 475
2026-05-19 14:01:50 user_11 UPDATE UPDATE id, name FROM inventory WHERE id = 824
2026-05-19 14:01:50 user_15 DELETE DELETE id, name FROM customers WHERE id = 524
2026-05-19 14:01:50 user_33 UNKNOWN UNKNOWN id, name FROM inventory WHERE id = 423
2026-05-19 14:01:52 user_18 SELECT SELECT id, name FROM employees WHERE id = 269
2026-05-19 14:01:52 user_14 INSERT INSERT id, name FROM finance WHERE id = 208
2026-05-19 14:01:52 user_34 INSERT INSERT id, name FROM orders WHERE id = 194
2026-05-19 14:01:53 user_36 UPDATE UPDATE id, name FROM products WHERE id = 395
2026-05-19 14:01:54 user_34 INSERT INSERT id, name FROM salary WHERE id = 24
2026-05-19 00:01:54 user_23 UPDATE UPDATE orders SET stock = 0 WHERE last_updated < '2023-01-01'
2026-05-19 14:01:54 user_19 SELECT SELECT ssn, name FROM hr_data LIMIT 200
2026-05-19 14:01:54 user_01 UPDATE UPDATE id, name FROM transactions WHERE id = 394
2026-05-19 01:01:56 user_21 UPDATE UPDATE orders SET stock = 0 WHERE last_updated < '2023-01-01'
2026-05-19 14:01:56 user_07 SELECT SELECT id, name FROM orders WHERE id = 439
2026-05-19 14:01:56 user_40 SELECT SELECT ssn, name FROM hr_data LIMIT 200
2026-05-19 14:01:56 user_15 UPDATE UPDATE id, name FROM orders WHERE id = 44
2026-05-19 14:01:57 user_03 SELECT SELECT id, name FROM finance WHERE id = 600
2026-05-19 14:01:57 user_10 SELECT SELECT ssn, name FROM hr_data LIMIT 200
2026-05-19 14:01:57 user_35 SELECT SELECT * FROM salary WHERE 1=1
2026-05-19 14:01:59 user_23 SELECT SELECT ssn, name FROM hr_data LIMIT 200
2026-05-19 14:02:00 user_17 INSERT INSERT id, name FROM employees WHERE id = 164
2026-05-19 14:02:00 user_26 SELECT SELECT ssn, name FROM hr_data LIMIT 200
2026-05-19 14:02:00 user_08 UPDATE UPDATE id, name FROM transactions WHERE id = 156
2026-05-19 14:02:00 user_08 DELETE DELETE id, name FROM customers WHERE id = 248
2026-05-19 14:02:01 user_21 UPDATE UPDATE id, name FROM orders WHERE id = 837
2026-05-19 14:02:01 user_24 SELECT SELECT ssn, name FROM hr_data LIMIT 200
2026-05-19 14:02:01 user_21 INSERT INSERT id, name FROM employees WHERE id = 216
2026-05-19 14:02:02 user_12 INSERT INSERT id, name FROM hr_data WHERE id = 334
2026-05-19 14:02:02 user_35 UPDATE UPDATE id, name FROM orders WHERE id = 657
2026-05-19 14:02:02 user_40 SELECT SELECT ssn, name FROM hr_data LIMIT 200
2026-05-19 14:02:02 user_30 UNKNOWN UNKNOWN id, name FROM employees WHERE id = 965
2026-05-19 14:02:03 user_15 SELECT SELECT id, name FROM finance WHERE id = 314
2026-05-19 14:02:03 user_13 UPDATE UPDATE id, name FROM finance WHERE id = 364
2026-05-19 14:02:03 user_36 UNKNOWN UNKNOWN id, name FROM products WHERE id = 504
2026-05-19 14:02:04 user_22 INSERT INSERT id, name FROM hr_data WHERE id = 837
2026-05-19 14:02:04 user_05 UPDATE UPDATE id, name FROM customers WHERE id = 726
2026-05-19 14:02:04 user_02 SELECT SELECT ssn, name FROM hr_data LIMIT 200
2026-05-19 14:02:04 user_32 INSERT INSERT id, name FROM salary WHERE id = 420
2026-05-19 14:02:04 user_11 UPDATE UPDATE id, name FROM transactions WHERE id = 724
2026-05-19 14:02:05 user_01 DELETE DELETE id, name FROM salary WHERE id = 884
2026-05-19 14:02:05 user_38 SELECT SELECT id, name FROM finance WHERE id = 823
2026-05-19 14:02:05 user_27 SELECT SELECT id, name FROM customers WHERE id = 871
2026-05-19 14:02:05 user_05 SELECT SELECT * FROM salary WHERE 1=1
2026-05-19 14:02:06 user_26 DELETE DELETE id, name FROM orders WHERE id = 28
2026-05-19 23:02:06 user_27 UPDATE UPDATE inventory SET stock = 0 WHERE last_updated < '2023-01-01'
2026-05-19 14:02:08 user_07 SELECT SELECT id, name FROM inventory WHERE id = 831
2026-05-19 14:02:08 user_22 UPDATE UPDATE id, name FROM products WHERE id = 622
2026-05-19 14:02:09 user_06 SELECT SELECT * FROM salary WHERE 1=1
2026-05-19 14:02:09 user_01 SELECT SELECT id, name FROM customers WHERE id = 290
2026-05-19 14:02:09 user_39 DELETE DELETE id, name FROM customers WHERE id = 706
2026-05-19 14:02:09 user_11 SELECT SELECT ssn, name FROM hr_data LIMIT 200
2026-05-19 14:02:10 user_32 INSERT INSERT id, name FROM hr_data WHERE id = 809
2026-05-19 14:02:10 user_04 SELECT SELECT * FROM salary WHERE 1=1
2026-05-19 23:02:10 user_21 UPDATE UPDATE orders SET stock = 0 WHERE last_updated < '2023-01-01'
2026-05-19 14:02:10 user_22 SELECT SELECT * FROM customers WHERE 1=1
2026-05-19 00:02:10 user_05 UPDATE UPDATE inventory SET stock = 0 WHERE last_updated < '2023-01-01'
2026-05-19 14:02:12 user_28 UNKNOWN UNKNOWN id, name FROM employees WHERE id = 544
2026-05-19 14:02:12 user_34 DELETE DELETE id, name FROM salary WHERE id = 168
2026-05-19 14:02:13 user_15 UNKNOWN UNKNOWN id, name FROM employees WHERE id = 486
2026-05-19 14:02:13 user_10 UPDATE UPDATE id, name FROM employees WHERE id = 225
2026-05-19 01:02:15 user_04 UPDATE UPDATE orders SET stock = 0 WHERE last_updated < '2023-01-01'
2026-05-19 14:02:15 user_26 UNKNOWN UNKNOWN id, name FROM salary WHERE id = 412
2026-05-19 14:02:15 user_25 DELETE DELETE id, name FROM salary WHERE id = 908
2026-05-19 14:02:16 user_38 UNKNOWN UNKNOWN id, name FROM salary WHERE id = 289
2026-05-19 14:02:16 user_21 UPDATE UPDATE id, name FROM customers WHERE id = 925
2026-05-19 14:02:16 user_12 INSERT INSERT id, name FROM products WHERE id = 131
2026-05-19 22:02:16 user_18 UPDATE UPDATE orders SET stock = 0 WHERE last_updated < '2023-01-01'
2026-05-19 14:02:16 user_35 DELETE DELETE id, name FROM finance WHERE id = 335
2026-05-19 14:02:17 user_21 UNKNOWN UNKNOWN id, name FROM transactions WHERE id = 565
2026-05-19 14:02:17 user_33 SELECT SELECT id, name FROM salary WHERE id = 755
2026-05-19 14:02:17 user_31 SELECT SELECT ssn, name FROM hr_data LIMIT 200
2026-05-19 14:02:17 user_25 UNKNOWN UNKNOWN id, name FROM salary WHERE id = 107
2026-05-19 14:02:17 user_19 SELECT SELECT * FROM customers WHERE 1=1
2026-05-19 14:02:19 user_05 SELECT SELECT * FROM customers WHERE 1=1
2026-05-19 14:02:19 user_16 UNKNOWN UNKNOWN id, name FROM products WHERE id = 201
2026-05-19 14:02:19 user_11 SELECT SELECT ssn, name FROM hr_data LIMIT 200
2026-05-19 14:02:19 user_07 UNKNOWN UNKNOWN id, name FROM salary WHERE id = 75
2026-05-19 14:02:19 user_38 SELECT SELECT ssn, name FROM hr_data LIMIT 200
2026-05-19 14:02:20 user_40 SELECT SELECT ssn, name FROM hr_data LIMIT 200
2026-05-19 14:02:20 user_30 DELETE DELETE id, name FROM transactions WHERE id = 191
2026-05-19 14:02:20 user_17 DELETE DELETE id, name FROM transactions WHERE id = 81
2026-05-19 14:02:20 user_13 SELECT SELECT ssn, name FROM hr_data LIMIT 200
2026-05-19 14:02:20 user_13 DELETE DELETE id, name FROM orders WHERE id = 697
2026-05-19 14:02:21 user_34 INSERT INSERT id, name FROM customers WHERE id = 610
2026-05-19 01:02:21 user_07 UPDATE UPDATE orders SET stock = 0 WHERE last_updated < '2023-01-01'
2026-05-19 00:02:22 user_17 UPDATE UPDATE products SET stock = 0 WHERE last_updated < '2023-01-01'
2026-05-19 14:02:22 user_28 UPDATE UPDATE id, name FROM inventory WHERE id = 623
2026-05-19 14:02:24 user_36 UNKNOWN UNKNOWN id, name FROM hr_data WHERE id = 136
2026-05-19 14:02:24 user_10 SELECT SELECT ssn, name FROM hr_data LIMIT 200
2026-05-19 01:02:24 user_29 UPDATE UPDATE inventory SET stock = 0 WHERE last_updated < '2023-01-01'
2026-05-19 14:02:25 user_13 SELECT SELECT id, name FROM salary WHERE id = 37
2026-05-19 00:02:26 user_29 UPDATE UPDATE orders SET stock = 0 WHERE last_updated < '2023-01-01'
2026-05-19 14:02:26 user_24 SELECT SELECT ssn, name FROM hr_data LIMIT 200
2026-05-19 14:02:26 user_14 DELETE DELETE id, name FROM inventory WHERE id = 129
2026-05-19 01:02:26 user_17 UPDATE UPDATE inventory SET stock = 0 WHERE last_updated < '2023-01-01'
2026-05-19 14:02:27 user_19 SELECT SELECT * FROM salary WHERE 1=1
2026-05-19 14:02:28 user_13 SELECT SELECT id, name FROM finance WHERE id = 678
2026-05-19 14:02:28 user_36 DELETE DELETE id, name FROM finance WHERE id = 35
2026-05-19 00:02:28 user_15 UPDATE UPDATE products SET stock = 0 WHERE last_updated < '2023-01-01'
2026-05-19 01:02:30 user_40 UPDATE UPDATE products SET stock = 0 WHERE last_updated < '2023-01-01'
2026-05-19 14:02:30 user_33 SELECT SELECT * FROM finance WHERE 1=1
2026-05-19 01:02:30 user_29 UPDATE UPDATE products SET stock = 0 WHERE last_updated < '2023-01-01'
2026-05-19 14:02:32 user_38 INSERT INSERT id, name FROM products WHERE id = 996
2026-05-19 14:02:32 user_19 SELECT SELECT id, name FROM transactions WHERE id = 927
2026-05-19 14:02:32 user_30 DELETE DELETE id, name FROM products WHERE id = 132
2026-05-19 14:02:32 user_39 UNKNOWN UNKNOWN id, name FROM employees WHERE id = 94
2026-05-19 23:02:34 user_32 UPDATE UPDATE orders SET stock = 0 WHERE last_updated < '2023-01-01'
2026-05-19 14:02:35 user_10 UPDATE UPDATE id, name FROM transactions WHERE id = 570
2026-05-19 14:02:35 user_16 SELECT SELECT ssn, name FROM hr_data LIMIT 200
2026-05-19 14:02:35 user_10 SELECT SELECT * FROM salary WHERE 1=1
2026-05-19 14:02:35 user_29 INSERT INSERT id, name FROM transactions WHERE id = 374
2026-05-19 14:02:35 user_15 DELETE DELETE id, name FROM finance WHERE id = 535
2026-05-19 14:02:35 user_28 UNKNOWN UNKNOWN id, name FROM hr_data WHERE id = 910
2026-05-19 14:02:35 user_13 DELETE DELETE id, name FROM hr_data WHERE id = 445
2026-05-19 14:02:35 user_17 UPDATE UPDATE id, name FROM inventory WHERE id = 289
2026-05-19 14:02:36 user_35 SELECT SELECT * FROM salary WHERE 1=1
2026-05-19 14:02:36 user_14 UNKNOWN UNKNOWN id, name FROM hr_data WHERE id = 258
2026-05-19 14:02:37 user_12 SELECT SELECT id, name FROM salary WHERE id = 249
2026-05-19 14:02:37 user_25 INSERT INSERT id, name FROM hr_data WHERE id = 893
2026-05-19 14:02:37 user_06 INSERT INSERT id, name FROM customers WHERE id = 762
2026-05-19 14:02:38 user_36 DELETE DELETE id, name FROM hr_data WHERE id = 494
2026-05-19 14:02:38 user_22 UPDATE UPDATE id, name FROM finance WHERE id = 552
2026-05-19 14:02:38 user_24 SELECT SELECT id, name FROM finance WHERE id = 706
2026-05-19 00:02:38 user_27 UPDATE UPDATE orders SET stock = 0 WHERE last_updated < '2023-01-01'
2026-05-19 14:02:40 user_13 INSERT INSERT id, name FROM products WHERE id = 541
2026-05-19 14:02:40 user_31 SELECT SELECT * FROM customers WHERE 1=1
2026-05-19 14:02:40 user_32 SELECT SELECT id, name FROM products WHERE id = 70
2026-05-19 14:02:40 user_13 UNKNOWN UNKNOWN id, name FROM orders WHERE id = 505
2026-05-19 01:02:42 user_22 UPDATE UPDATE products SET stock = 0 WHERE last_updated < '2023-01-01'
2026-05-19 14:02:42 user_40 SELECT SELECT * FROM salary WHERE 1=1
2026-05-19 14:02:42 user_23 UNKNOWN UNKNOWN id, name FROM salary WHERE id = 476
2026-05-19 14:02:42 user_27 INSERT INSERT id, name FROM employees WHERE id = 283
2026-05-19 14:02:42 user_01 SELECT SELECT id, name FROM transactions WHERE id = 61
2026-05-19 14:02:42 user_31 UPDATE UPDATE id, name FROM customers WHERE id = 26
2026-05-19 14:02:42 user_24 DELETE DELETE id, name FROM employees WHERE id = 225
2026-05-19 14:02:42 user_23 SELECT SELECT * FROM finance WHERE 1=1
2026-05-19 00:02:43 user_15 UPDATE UPDATE inventory SET stock = 0 WHERE last_updated < '2023-01-01'
2026-05-19 01:02:43 user_06 UPDATE UPDATE products SET stock = 0 WHERE last_updated < '2023-01-01'
2026-05-19 14:02:43 user_01 SELECT SELECT id, name FROM transactions WHERE id = 657
2026-05-19 14:02:43 user_09 SELECT SELECT ssn, name FROM hr_data LIMIT 200
2026-05-19 14:02:45 user_04 INSERT INSERT id, name FROM inventory WHERE id = 935
2026-05-19 14:02:45 user_21 UNKNOWN UNKNOWN id, name FROM inventory WHERE id = 141
2026-05-19 14:02:45 user_34 SELECT SELECT id, name FROM customers WHERE id = 530
2026-05-19 14:02:45 user_26 UNKNOWN UNKNOWN id, name FROM employees WHERE id = 933
2026-05-19 14:02:46 user_11 SELECT SELECT ssn, name FROM hr_data LIMIT 200
2026-05-19 14:02:46 user_31 UPDATE UPDATE id, name FROM hr_data WHERE id = 351
2026-05-19 14:02:47 user_30 INSERT INSERT id, name FROM finance WHERE id = 616
2026-05-19 14:02:47 user_28 SELECT SELECT ssn, name FROM hr_data LIMIT 200
2026-05-19 14:02:47 user_07 SELECT SELECT id, name FROM inventory WHERE id = 304
2026-05-19 14:02:49 user_20 UPDATE UPDATE id, name FROM customers WHERE id = 434
2026-05-19 14:02:49 user_28 DELETE DELETE id, name FROM employees WHERE id = 618
2026-05-19 14:02:51 user_08 INSERT INSERT id, name FROM inventory WHERE id = 254
2026-05-19 14:02:51 user_11 SELECT SELECT * FROM salary WHERE 1=1
2026-05-19 14:02:51 user_02 SELECT SELECT id, name FROM employees WHERE id = 594
2026-05-19 14:02:53 user_19 INSERT INSERT id, name FROM customers WHERE id = 397
2026-05-19 14:02:53 user_38 SELECT SELECT id, name FROM hr_data WHERE id = 324
2026-05-19 14:02:53 user_26 DELETE DELETE id, name FROM employees WHERE id = 630
2026-05-19 14:02:54 user_40 SELECT SELECT * FROM salary WHERE 1=1
2026-05-19 01:02:56 user_13 UPDATE UPDATE inventory SET stock = 0 WHERE last_updated < '2023-01-01'
2026-05-19 14:02:56 user_10 INSERT INSERT id, name FROM inventory WHERE id = 652
2026-05-19 14:02:57 user_40 DELETE DELETE id, name FROM hr_data WHERE id = 642
2026-05-19 14:02:58 user_04 INSERT INSERT id, name FROM products WHERE id = 407
2026-05-19 22:02:58 user_27 UPDATE UPDATE products SET stock = 0 WHERE last_updated < '2023-01-01'
2026-05-19 14:02:58 user_22 SELECT SELECT * FROM finance WHERE 1=1
2026-05-19 14:02:58 user_09 SELECT SELECT id, name FROM employees WHERE id = 907
2026-05-19 14:03:00 user_14 DELETE DELETE id, name FROM customers WHERE id = 65
2026-05-19 14:03:00 user_13 SELECT SELECT id, name FROM salary WHERE id = 829
2026-05-19 14:03:01 user_13 SELECT SELECT * FROM salary WHERE 1=1
2026-05-19 22:03:01 user_02 UPDATE UPDATE orders SET stock = 0 WHERE last_updated < '2023-01-01'
2026-05-19 22:03:01 user_11 UPDATE UPDATE orders SET stock = 0 WHERE last_updated < '2023-01-01'
2026-05-19 14:03:01 user_29 SELECT SELECT * FROM customers WHERE 1=1
2026-05-19 14:03:02 user_01 SELECT SELECT id, name FROM products WHERE id = 785
2026-05-19 14:03:03 user_06 SELECT SELECT * FROM customers WHERE 1=1
2026-05-19 14:03:03 user_31 SELECT SELECT * FROM salary WHERE 1=1
2026-05-19 14:03:03 user_07 SELECT SELECT ssn, name FROM hr_data LIMIT 200
2026-05-19 14:03:03 user_08 INSERT INSERT id, name FROM inventory WHERE id = 648
2026-05-19 14:03:05 user_08 INSERT INSERT id, name FROM customers WHERE id = 725
2026-05-19 22:03:06 user_07 UPDATE UPDATE orders SET stock = 0 WHERE last_updated < '2023-01-01'
2026-05-19 14:03:06 user_38 SELECT SELECT * FROM finance WHERE 1=1
2026-05-19 14:03:06 user_37 INSERT INSERT id, name FROM salary WHERE id = 453
2026-05-19 23:03:08 user_12 UPDATE UPDATE products SET stock = 0 WHERE last_updated < '2023-01-01'
2026-05-19 14:03:09 user_23 SELECT SELECT ssn, name FROM hr_data LIMIT 200
2026-05-19 23:03:09 user_30 UPDATE UPDATE inventory SET stock = 0 WHERE last_updated < '2023-01-01'
2026-05-19 14:03:09 user_19 SELECT SELECT ssn, name FROM hr_data LIMIT 200
2026-05-19 14:03:09 user_30 UNKNOWN UNKNOWN id, name FROM transactions WHERE id = 763
2026-05-19 14:03:11 user_05 SELECT SELECT id, name FROM inventory WHERE id = 428
2026-05-19 23:03:11 user_14 UPDATE UPDATE inventory SET stock = 0 WHERE last_updated < '2023-01-01'
2026-05-19 14:03:11 user_06 SELECT SELECT ssn, name FROM hr_data LIMIT 200
2026-05-19 14:03:11 user_19 DELETE DELETE id, name FROM customers WHERE id = 287
2026-05-19 14:03:13 user_40 DELETE DELETE id, name FROM finance WHERE id = 791
2026-05-19 14:03:13 user_04 DELETE DELETE id, name FROM products WHERE id = 104
2026-05-19 14:03:13 user_33 SELECT SELECT * FROM customers WHERE 1=1
2026-05-19 14:03:13 user_39 SELECT SELECT ssn, name FROM hr_data LIMIT 200
2026-05-19 22:03:14 user_04 UPDATE UPDATE orders SET stock = 0 WHERE last_updated < '2023-01-01'
2026-05-19 14:03:14 user_02 DELETE DELETE id, name FROM salary WHERE id = 376
2026-05-19 14:03:14 user_07 INSERT INSERT id, name FROM hr_data WHERE id = 895
2026-05-19 00:03:14 user_02 UPDATE UPDATE orders SET stock = 0 WHERE last_updated < '2023-01-01'
2026-05-19 14:03:16 user_35 UNKNOWN UNKNOWN id, name FROM orders WHERE id = 120
2026-05-19 14:03:17 user_20 UNKNOWN UNKNOWN id, name FROM salary WHERE id = 15
2026-05-19 00:03:17 user_22 UPDATE UPDATE inventory SET stock = 0 WHERE last_updated < '2023-01-01'
2026-05-19 14:03:18 user_21 SELECT SELECT * FROM finance WHERE 1=1
2026-05-19 14:03:18 user_14 UPDATE UPDATE id, name FROM inventory WHERE id = 115
2026-05-19 00:03:18 user_25 UPDATE UPDATE orders SET stock = 0 WHERE last_updated < '2023-01-01'
2026-05-19 14:03:18 user_36 DELETE DELETE id, name FROM customers WHERE id = 361
2026-05-19 14:03:18 user_02 DELETE DELETE id, name FROM inventory WHERE id = 683
2026-05-19 14:03:19 user_39 SELECT SELECT id, name FROM salary WHERE id = 547
2026-05-19 14:03:19 user_29 UPDATE UPDATE id, name FROM inventory WHERE id = 17
2026-05-19 14:03:19 user_06 UNKNOWN UNKNOWN id, name FROM transactions WHERE id = 735
2026-05-19 14:03:19 user_08 UNKNOWN UNKNOWN id, name FROM products WHERE id = 145
2026-05-19 14:03:19 user_04 UNKNOWN UNKNOWN id, name FROM hr_data WHERE id = 406
2026-05-19 14:03:20 user_08 SELECT SELECT id, name FROM transactions WHERE id = 773
2026-05-19 14:03:21 user_38 SELECT SELECT * FROM salary WHERE 1=1
2026-05-19 14:03:22 user_25 UPDATE UPDATE id, name FROM finance WHERE id = 659
2026-05-19 14:03:22 user_15 SELECT SELECT id, name FROM finance WHERE id = 965
2026-05-19 14:03:22 user_14 INSERT INSERT id, name FROM orders WHERE id = 187
2026-05-19 14:03:22 user_26 UPDATE UPDATE id, name FROM customers WHERE id = 789
2026-05-19 14:03:23 user_30 UPDATE UPDATE id, name FROM employees WHERE id = 207
2026-05-19 23:03:23 user_11 UPDATE UPDATE inventory SET stock = 0 WHERE last_updated < '2023-01-01'
2026-05-19 14:03:23 user_18 UNKNOWN UNKNOWN id, name FROM orders WHERE id = 546
2026-05-19 14:03:24 user_15 UPDATE UPDATE id, name FROM inventory WHERE id = 598
2026-05-19 14:03:24 user_09 SELECT SELECT id, name FROM transactions WHERE id = 466
2026-05-19 14:03:25 user_07 UNKNOWN UNKNOWN id, name FROM salary WHERE id = 85
2026-05-19 14:03:25 user_33 SELECT SELECT * FROM finance WHERE 1=1
2026-05-19 23:03:26 user_09 UPDATE UPDATE orders SET stock = 0 WHERE last_updated < '2023-01-01'
2026-05-19 14:03:28 user_20 DELETE DELETE id, name FROM orders WHERE id = 685
2026-05-19 14:03:28 user_38 UPDATE UPDATE id, name FROM salary WHERE id = 214
2026-05-19 14:03:28 user_33 DELETE DELETE id, name FROM products WHERE id = 349
2026-05-19 14:03:29 user_19 DELETE DELETE id, name FROM products WHERE id = 380
2026-05-19 14:03:29 user_31 UPDATE UPDATE id, name FROM hr_data WHERE id = 777
2026-05-19 14:03:29 user_24 SELECT SELECT ssn, name FROM hr_data LIMIT 200
2026-05-19 14:03:29 user_32 UNKNOWN UNKNOWN id, name FROM hr_data WHERE id = 921
2026-05-19 14:03:29 user_33 DELETE DELETE id, name FROM employees WHERE id = 229
2026-05-19 14:03:29 user_12 INSERT INSERT id, name FROM employees WHERE id = 963
2026-05-19 14:03:29 user_29 SELECT SELECT * FROM customers WHERE 1=1
2026-05-19 14:03:29 user_12 SELECT SELECT id, name FROM transactions WHERE id = 577
2026-05-19 14:03:31 user_28 UNKNOWN UNKNOWN id, name FROM salary WHERE id = 473
2026-05-19 14:03:31 user_04 INSERT INSERT id, name FROM salary WHERE id = 184
2026-05-19 14:03:31 user_24 INSERT INSERT id, name FROM finance WHERE id = 417
2026-05-19 14:03:31 user_11 SELECT SELECT ssn, name FROM hr_data LIMIT 200
2026-05-19 14:03:31 user_04 DELETE DELETE id, name FROM inventory WHERE id = 70
2026-05-19 14:03:31 user_25 INSERT INSERT id, name FROM transactions WHERE id = 100
2026-05-19 22:03:33 user_24 UPDATE UPDATE products SET stock = 0 WHERE last_updated < '2023-01-01'
2026-05-19 14:03:33 user_23 DELETE DELETE id, name FROM customers WHERE id = 106
2026-05-19 14:03:33 user_03 SELECT SELECT ssn, name FROM hr_data LIMIT 200
2026-05-19 14:03:33 user_28 SELECT SELECT ssn, name FROM hr_data LIMIT 200
2026-05-19 14:03:34 user_20 SELECT SELECT * FROM salary WHERE 1=1
2026-05-19 14:03:36 user_16 INSERT INSERT id, name FROM inventory WHERE id = 889
2026-05-19 14:03:38 user_15 SELECT SELECT ssn, name FROM hr_data LIMIT 200
2026-05-19 14:03:38 user_24 UNKNOWN UNKNOWN id, name FROM customers WHERE id = 231
2026-05-19 01:03:39 user_11 UPDATE UPDATE inventory SET stock = 0 WHERE last_updated < '2023-01-01'
2026-05-19 14:03:41 user_09 UPDATE UPDATE id, name FROM hr_data WHERE id = 932
2026-05-19 00:03:41 user_21 UPDATE UPDATE orders SET stock = 0 WHERE last_updated < '2023-01-01'
2026-05-19 14:03:41 user_19 DELETE DELETE id, name FROM transactions WHERE id = 659
2026-05-19 01:03:41 user_39 UPDATE UPDATE products SET stock = 0 WHERE last_updated < '2023-01-01'
2026-05-19 14:03:42 user_34 INSERT INSERT id, name FROM products WHERE id = 537
2026-05-19 14:03:42 user_35 UPDATE UPDATE id, name FROM transactions WHERE id = 7
2026-05-19 14:03:42 user_08 INSERT INSERT id, name FROM customers WHERE id = 205
2026-05-19 14:03:42 user_37 SELECT SELECT * FROM salary WHERE 1=1
2026-05-19 14:03:42 user_39 INSERT INSERT id, name FROM employees WHERE id = 639
2026-05-19 14:03:43 user_03 UPDATE UPDATE id, name FROM inventory WHERE id = 232
2026-05-19 14:03:43 user_04 SELECT SELECT id, name FROM transactions WHERE id = 677
2026-05-19 14:03:43 user_08 UNKNOWN UNKNOWN id, name FROM orders WHERE id = 676
2026-05-19 14:03:43 user_19 DELETE DELETE id, name FROM hr_data WHERE id = 689
2026-05-19 14:03:43 user_16 UNKNOWN UNKNOWN id, name FROM employees WHERE id = 244
2026-05-19 14:03:44 user_36 UPDATE UPDATE id, name FROM customers WHERE id = 773
2026-05-19 14:03:44 user_39 INSERT INSERT id, name FROM transactions WHERE id = 617
2026-05-19 14:03:46 user_30 SELECT SELECT ssn, name FROM hr_data LIMIT 200
2026-05-19 00:03:47 user_04 UPDATE UPDATE orders SET stock = 0 WHERE last_updated < '2023-01-01'
2026-05-19 14:03:47 user_19 SELECT SELECT id, name FROM products WHERE id = 596
2026-05-19 14:03:47 user_39 SELECT SELECT * FROM salary WHERE 1=1
2026-05-19 14:03:48 user_26 UNKNOWN UNKNOWN id, name FROM hr_data WHERE id = 142
2026-05-19 14:03:48 user_16 INSERT INSERT id, name FROM salary WHERE id = 261
2026-05-19 14:03:48 user_31 INSERT INSERT id, name FROM hr_data WHERE id = 931
2026-05-19 22:03:48 user_11 UPDATE UPDATE products SET stock = 0 WHERE last_updated < '2023-01-01'
2026-05-19 14:03:48 user_28 SELECT SELECT ssn, name FROM hr_data LIMIT 200
2026-05-19 14:03:50 user_38 DELETE DELETE id, name FROM products WHERE id = 964
2026-05-19 14:03:50 user_28 UPDATE UPDATE id, name FROM salary WHERE id = 459
2026-05-19 14:03:51 user_17 INSERT INSERT id, name FROM transactions WHERE id = 163
2026-05-19 00:03:51 user_07 UPDATE UPDATE inventory SET stock = 0 WHERE last_updated < '2023-01-01'
2026-05-19 23:03:51 user_29 UPDATE UPDATE products SET stock = 0 WHERE last_updated < '2023-01-01'
2026-05-19 14:03:51 user_28 UPDATE UPDATE id, name FROM transactions WHERE id = 570
2026-05-19 14:03:52 user_26 UNKNOWN UNKNOWN id, name FROM products WHERE id = 304
2026-05-19 14:03:52 user_02 INSERT INSERT id, name FROM customers WHERE id = 813
2026-05-19 00:03:52 user_03 UPDATE UPDATE inventory SET stock = 0 WHERE last_updated < '2023-01-01'
2026-05-19 00:03:53 user_04 UPDATE UPDATE products SET stock = 0 WHERE last_updated < '2023-01-01'
2026-05-19 14:03:53 user_30 DELETE DELETE id, name FROM finance WHERE id = 718
2026-05-19 14:03:54 user_07 UPDATE UPDATE id, name FROM customers WHERE id = 832
2026-05-19 14:03:54 user_16 UPDATE UPDATE id, name FROM customers WHERE id = 179
2026-05-19 14:03:54 user_27 DELETE DELETE id, name FROM salary WHERE id = 507
2026-05-19 14:03:54 user_20 UPDATE UPDATE id, name FROM inventory WHERE id = 329
2026-05-19 14:03:56 user_10 INSERT INSERT id, name FROM inventory WHERE id = 240
2026-05-19 14:03:56 user_25 SELECT SELECT * FROM salary WHERE 1=1
2026-05-19 14:03:57 user_37 INSERT INSERT id, name FROM inventory WHERE id = 740
2026-05-19 14:03:58 user_39 INSERT INSERT id, name FROM orders WHERE id = 235
2026-05-19 14:03:58 user_39 UPDATE UPDATE id, name FROM products WHERE id = 848
2026-05-19 14:03:58 user_08 SELECT SELECT id, name FROM transactions WHERE id = 584
2026-05-19 14:04:00 user_23 INSERT INSERT id, name FROM hr_data WHERE id = 619
2026-05-19 14:04:00 user_20 INSERT INSERT id, name FROM orders WHERE id = 977
2026-05-19 14:04:00 user_06 UNKNOWN UNKNOWN id, name FROM customers WHERE id = 907
2026-05-19 01:04:00 user_30 UPDATE UPDATE orders SET stock = 0 WHERE last_updated < '2023-01-01'
2026-05-19 22:04:01 user_10 UPDATE UPDATE orders SET stock = 0 WHERE last_updated < '2023-01-01'
2026-05-19 14:04:01 user_01 UNKNOWN UNKNOWN id, name FROM products WHERE id = 559
2026-05-19 14:04:01 user_24 UNKNOWN UNKNOWN id, name FROM inventory WHERE id = 286
2026-05-19 14:04:01 user_33 UNKNOWN UNKNOWN id, name FROM transactions WHERE id = 812
2026-05-19 14:04:02 user_20 UPDATE UPDATE id, name FROM salary WHERE id = 739
2026-05-19 14:04:02 user_08 UNKNOWN UNKNOWN id, name FROM inventory WHERE id = 249
2026-05-19 14:04:02 user_12 SELECT SELECT * FROM customers WHERE 1=1
2026-05-19 14:04:02 user_04 SELECT SELECT id, name FROM inventory WHERE id = 905
2026-05-19 14:04:02 user_28 SELECT SELECT * FROM customers WHERE 1=1
2026-05-19 14:04:02 user_22 DELETE DELETE id, name FROM transactions WHERE id = 272
2026-05-19 14:04:04 user_05 UNKNOWN UNKNOWN id, name FROM transactions WHERE id = 956
2026-05-19 14:04:04 user_24 SELECT SELECT id, name FROM employees WHERE id = 682
2026-05-19 01:04:05 user_40 UPDATE UPDATE orders SET stock = 0 WHERE last_updated < '2023-01-01'
2026-05-19 14:04:05 user_27 DELETE DELETE id, name FROM products WHERE id = 951
2026-05-19 14:04:05 user_08 SELECT SELECT id, name FROM inventory WHERE id = 120
2026-05-19 22:04:05 user_14 UPDATE UPDATE inventory SET stock = 0 WHERE last_updated < '2023-01-01'
2026-05-19 14:04:05 user_05 SELECT SELECT ssn, name FROM hr_data LIMIT 200
2026-05-19 14:04:07 user_08 DELETE DELETE id, name FROM hr_data WHERE id = 562
2026-05-19 14:04:07 user_28 SELECT SELECT * FROM salary WHERE 1=1
2026-05-19 14:04:07 user_33 INSERT INSERT id, name FROM customers WHERE id = 528
2026-05-19 14:04:07 user_39 DELETE DELETE id, name FROM finance WHERE id = 474
2026-05-19 14:04:07 user_12 INSERT INSERT id, name FROM customers WHERE id = 675
2026-05-19 14:04:08 user_37 UNKNOWN UNKNOWN id, name FROM products WHERE id = 792
2026-05-19 14:04:08 user_32 UNKNOWN UNKNOWN id, name FROM finance WHERE id = 554
2026-05-19 14:04:08 user_31 UPDATE UPDATE id, name FROM employees WHERE id = 527
2026-05-19 14:04:09 user_09 INSERT INSERT id, name FROM salary WHERE id = 410
2026-05-19 14:04:09 user_20 INSERT INSERT id, name FROM inventory WHERE id = 248
2026-05-19 14:04:09 user_15 SELECT SELECT * FROM finance WHERE 1=1
2026-05-19 14:04:09 user_32 UPDATE UPDATE id, name FROM customers WHERE id = 852
2026-05-19 14:04:10 user_26 UNKNOWN UNKNOWN id, name FROM orders WHERE id = 189
2026-05-19 14:04:11 user_04 INSERT INSERT id, name FROM salary WHERE id = 873
2026-05-19 23:04:11 user_20 UPDATE UPDATE products SET stock = 0 WHERE last_updated < '2023-01-01'
2026-05-19 14:04:11 user_04 SELECT SELECT ssn, name FROM hr_data LIMIT 200
2026-05-19 23:04:13 user_34 UPDATE UPDATE orders SET stock = 0 WHERE last_updated < '2023-01-01'
2026-05-19 00:04:14 user_07 UPDATE UPDATE orders SET stock = 0 WHERE last_updated < '2023-01-01'
2026-05-19 14:04:14 user_13 SELECT SELECT * FROM customers WHERE 1=1
2026-05-19 00:04:15 user_15 UPDATE UPDATE orders SET stock = 0 WHERE last_updated < '2023-01-01'
2026-05-19 14:04:15 user_12 SELECT SELECT * FROM customers WHERE 1=1
2026-05-19 14:04:15 user_04 DELETE DELETE id, name FROM employees WHERE id = 128
2026-05-19 14:04:17 user_09 SELECT SELECT ssn, name FROM hr_data LIMIT 200
2026-05-19 14:04:17 user_20 SELECT SELECT ssn, name FROM hr_data LIMIT 200
2026-05-19 14:04:17 user_03 UPDATE UPDATE id, name FROM products WHERE id = 918
2026-05-19 14:04:17 user_19 SELECT SELECT * FROM salary WHERE 1=1
2026-05-19 14:04:17 user_14 UNKNOWN UNKNOWN id, name FROM transactions WHERE id = 117
2026-05-19 14:04:18 user_33 UNKNOWN UNKNOWN id, name FROM customers WHERE id = 564
2026-05-19 14:04:18 user_25 UPDATE UPDATE id, name FROM finance WHERE id = 156
2026-05-19 14:04:19 user_38 DELETE DELETE id, name FROM employees WHERE id = 520
2026-05-19 14:04:19 user_26 UPDATE UPDATE id, name FROM salary WHERE id = 685
2026-05-19 14:04:19 user_36 SELECT SELECT id, name FROM finance WHERE id = 984
2026-05-19 14:04:19 user_22 UNKNOWN UNKNOWN id, name FROM salary WHERE id = 693
2026-05-19 23:04:19 user_21 UPDATE UPDATE orders SET stock = 0 WHERE last_updated < '2023-01-01'
2026-05-19 14:04:20 user_17 SELECT SELECT id, name FROM hr_data WHERE id = 926
2026-05-19 14:04:20 user_28 DELETE DELETE id, name FROM products WHERE id = 323
2026-05-19 14:04:22 user_40 INSERT INSERT id, name FROM inventory WHERE id = 334
2026-05-19 14:04:22 user_39 SELECT SELECT * FROM finance WHERE 1=1
2026-05-19 14:04:22 user_06 DELETE DELETE id, name FROM employees WHERE id = 542
2026-05-19 14:04:23 user_15 SELECT SELECT ssn, name FROM hr_data LIMIT 200
2026-05-19 14:04:23 user_06 SELECT SELECT * FROM salary WHERE 1=1
2026-05-19 14:04:23 user_17 UPDATE UPDATE id, name FROM finance WHERE id = 46
2026-05-19 14:04:24 user_03 INSERT INSERT id, name FROM customers WHERE id = 504
2026-05-19 14:04:24 user_15 DELETE DELETE id, name FROM finance WHERE id = 938
2026-05-19 14:04:24 user_25 SELECT SELECT * FROM finance WHERE 1=1
2026-05-19 14:04:25 user_23 UPDATE UPDATE id, name FROM products WHERE id = 653
2026-05-19 14:04:26 user_35 UNKNOWN UNKNOWN id, name FROM products WHERE id = 363
2026-05-19 14:04:28 user_40 DELETE DELETE id, name FROM inventory WHERE id = 390
2026-05-19 22:04:28 user_05 UPDATE UPDATE products SET stock = 0 WHERE last_updated < '2023-01-01'
2026-05-19 01:04:28 user_37 UPDATE UPDATE orders SET stock = 0 WHERE last_updated < '2023-01-01'
2026-05-19 14:04:28 user_30 SELECT SELECT * FROM salary WHERE 1=1
2026-05-19 14:04:29 user_20 DELETE DELETE id, name FROM finance WHERE id = 724
2026-05-19 14:04:29 user_34 INSERT INSERT id, name FROM employees WHERE id = 672
2026-05-19 14:04:29 user_06 INSERT INSERT id, name FROM orders WHERE id = 295
2026-05-19 14:04:29 user_38 UNKNOWN UNKNOWN id, name FROM salary WHERE id = 516
2026-05-19 14:04:30 user_02 SELECT SELECT ssn, name FROM hr_data LIMIT 200
2026-05-19 14:04:30 user_09 SELECT SELECT * FROM customers WHERE 1=1
2026-05-19 23:04:31 user_01 UPDATE UPDATE orders SET stock = 0 WHERE last_updated < '2023-01-01'
2026-05-19 14:04:31 user_30 SELECT SELECT ssn, name FROM hr_data LIMIT 200
2026-05-19 14:04:32 user_09 INSERT INSERT id, name FROM customers WHERE id = 786
2026-05-19 23:04:32 user_08 UPDATE UPDATE products SET stock = 0 WHERE last_updated < '2023-01-01'
2026-05-19 14:04:32 user_29 SELECT SELECT id, name FROM employees WHERE id = 956
2026-05-19 00:04:32 user_32 UPDATE UPDATE products SET stock = 0 WHERE last_updated < '2023-01-01'
2026-05-19 14:04:32 user_14 UNKNOWN UNKNOWN id, name FROM finance WHERE id = 203
2026-05-19 14:04:33 user_23 SELECT SELECT id, name FROM employees WHERE id = 520
2026-05-19 14:04:33 user_07 UPDATE UPDATE id, name FROM salary WHERE id = 556
2026-05-19 14:04:35 user_25 UPDATE UPDATE id, name FROM transactions WHERE id = 590
2026-05-19 14:04:36 user_04 INSERT INSERT id, name FROM customers WHERE id = 537
2026-05-19 14:04:36 user_15 UPDATE UPDATE id, name FROM transactions WHERE id = 109
2026-05-19 14:04:36 user_14 SELECT SELECT ssn, name FROM hr_data LIMIT 200
2026-05-19 22:04:36 user_13 UPDATE UPDATE orders SET stock = 0 WHERE last_updated < '2023-01-01'
2026-05-19 14:04:37 user_11 UNKNOWN UNKNOWN id, name FROM employees WHERE id = 616
2026-05-19 14:04:37 user_24 INSERT INSERT id, name FROM finance WHERE id = 497
2026-05-19 14:04:37 user_07 DELETE DELETE id, name FROM employees WHERE id = 297
2026-05-19 14:04:39 user_16 INSERT INSERT id, name FROM employees WHERE id = 291
2026-05-19 00:04:39 user_20 UPDATE UPDATE products SET stock = 0 WHERE last_updated < '2023-01-01'
2026-05-19 14:04:39 user_34 SELECT SELECT id, name FROM hr_data WHERE id = 991
2026-05-19 14:04:39 user_40 INSERT INSERT id, name FROM orders WHERE id = 76
2026-05-19 14:04:41 user_25 DELETE DELETE id, name FROM hr_data WHERE id = 788
2026-05-19 14:04:41 user_21 SELECT SELECT id, name FROM salary WHERE id = 520
2026-05-19 14:04:41 user_01 UNKNOWN UNKNOWN id, name FROM products WHERE id = 423
2026-05-19 14:04:41 user_36 SELECT SELECT id, name FROM products WHERE id = 151
2026-05-19 14:04:42 user_10 UPDATE UPDATE id, name FROM products WHERE id = 122
2026-05-19 14:04:42 user_15 DELETE DELETE id, name FROM finance WHERE id = 967
2026-05-19 14:04:42 user_21 SELECT SELECT id, name FROM hr_data WHERE id = 301
2026-05-19 14:04:42 user_05 DELETE DELETE id, name FROM products WHERE id = 137
2026-05-19 14:04:44 user_27 SELECT SELECT id, name FROM customers WHERE id = 137
2026-05-19 14:04:44 user_11 UNKNOWN UNKNOWN id, name FROM orders WHERE id = 958
2026-05-19 01:04:44 user_24 UPDATE UPDATE products SET stock = 0 WHERE last_updated < '2023-01-01'
2026-05-19 14:04:44 user_22 SELECT SELECT ssn, name FROM hr_data LIMIT 200
2026-05-19 14:04:44 user_36 SELECT SELECT id, name FROM customers WHERE id = 402
2026-05-19 14:04:46 user_14 INSERT INSERT id, name FROM hr_data WHERE id = 376
2026-05-19 01:04:46 user_28 UPDATE UPDATE orders SET stock = 0 WHERE last_updated < '2023-01-01'
2026-05-19 14:04:46 user_39 DELETE DELETE id, name FROM inventory WHERE id = 591
2026-05-19 14:04:46 user_35 UNKNOWN UNKNOWN id, name FROM salary WHERE id = 425
2026-05-19 14:04:47 user_30 SELECT SELECT ssn, name FROM hr_data LIMIT 200
2026-05-19 14:04:48 user_23 UNKNOWN UNKNOWN id, name FROM employees WHERE id = 145
2026-05-19 14:04:50 user_01 SELECT SELECT id, name FROM customers WHERE id = 239
2026-05-19 14:04:50 user_16 UPDATE UPDATE id, name FROM inventory WHERE id = 276
2026-05-19 14:04:50 user_30 INSERT INSERT id, name FROM products WHERE id = 499
2026-05-19 14:04:50 user_28 SELECT SELECT id, name FROM transactions WHERE id = 715
2026-05-19 14:04:50 user_29 SELECT SELECT * FROM customers WHERE 1=1
2026-05-19 14:04:51 user_32 SELECT SELECT id, name FROM employees WHERE id = 591
2026-05-19 14:04:51 user_23 UPDATE UPDATE id, name FROM hr_data WHERE id = 209
2026-05-19 14:04:51 user_26 SELECT SELECT ssn, name FROM hr_data LIMIT 200
2026-05-19 14:04:51 user_30 UNKNOWN UNKNOWN id, name FROM inventory WHERE id = 970
2026-05-19 14:04:51 user_24 DELETE DELETE id, name FROM products WHERE id = 517
2026-05-19 01:04:53 user_02 UPDATE UPDATE inventory SET stock = 0 WHERE last_updated < '2023-01-01'
2026-05-19 14:04:53 user_34 INSERT INSERT id, name FROM employees WHERE id = 168
2026-05-19 14:04:54 user_24 SELECT SELECT id, name FROM hr_data WHERE id = 11
2026-05-19 14:04:54 user_23 DELETE DELETE id, name FROM transactions WHERE id = 108
2026-05-19 14:04:54 user_19 UPDATE UPDATE id, name FROM transactions WHERE id = 932
2026-05-19 14:04:55 user_33 DELETE DELETE id, name FROM customers WHERE id = 554
2026-05-19 14:04:55 user_30 SELECT SELECT id, name FROM customers WHERE id = 148
2026-05-19 14:04:55 user_37 INSERT INSERT id, name FROM products WHERE id = 547
2026-05-19 14:04:55 user_40 UPDATE UPDATE id, name FROM hr_data WHERE id = 889
2026-05-19 14:04:55 user_21 SELECT SELECT ssn, name FROM hr_data LIMIT 200
2026-05-19 14:04:57 user_07 DELETE DELETE id, name FROM customers WHERE id = 610
2026-05-19 01:04:58 user_36 UPDATE UPDATE inventory SET stock = 0 WHERE last_updated < '2023-01-01'
2026-05-19 14:04:58 user_22 SELECT SELECT id, name FROM finance WHERE id = 376
2026-05-19 14:04:58 user_03 UNKNOWN UNKNOWN id, name FROM salary WHERE id = 814
2026-05-19 14:04:58 user_33 INSERT INSERT id, name FROM customers WHERE id = 577
2026-05-19 14:04:58 user_20 UNKNOWN UNKNOWN id, name FROM orders WHERE id = 514
2026-05-19 14:04:59 user_22 SELECT SELECT * FROM salary WHERE 1=1
2026-05-19 14:04:59 user_37 INSERT INSERT id, name FROM inventory WHERE id = 591
2026-05-19 14:04:59 user_34 DELETE DELETE id, name FROM finance WHERE id = 695
2026-05-19 14:04:59 user_02 SELECT SELECT ssn, name FROM hr_data LIMIT 200
2026-05-19 14:04:59 user_33 SELECT SELECT ssn, name FROM hr_data LIMIT 200
2026-05-19 14:05:01 user_24 SELECT SELECT id, name FROM products WHERE id = 887
2026-05-19 14:05:01 user_14 UNKNOWN UNKNOWN id, name FROM hr_data WHERE id = 630
2026-05-19 14:05:01 user_23 SELECT SELECT id, name FROM orders WHERE id = 91
2026-05-19 14:05:03 user_15 SELECT SELECT id, name FROM orders WHERE id = 5
2026-05-19 00:05:03 user_22 UPDATE UPDATE orders SET stock = 0 WHERE last_updated < '2023-01-01'
2026-05-19 14:05:03 user_26 DELETE DELETE id, name FROM inventory WHERE id = 314
2026-05-19 14:05:03 user_05 SELECT SELECT ssn, name FROM hr_data LIMIT 200
2026-05-19 14:05:03 user_19 SELECT SELECT id, name FROM salary WHERE id = 284
2026-05-19 14:05:05 user_05 SELECT SELECT id, name FROM finance WHERE id = 951
2026-05-19 14:05:07 user_38 SELECT SELECT * FROM salary WHERE 1=1
2026-05-19 14:05:07 user_24 DELETE DELETE id, name FROM orders WHERE id = 727
2026-05-19 14:05:07 user_36 UPDATE UPDATE id, name FROM hr_data WHERE id = 757
2026-05-19 14:05:07 user_29 UNKNOWN UNKNOWN id, name FROM customers WHERE id = 128
2026-05-19 00:05:07 user_21 UPDATE UPDATE inventory SET stock = 0 WHERE last_updated < '2023-01-01'
2026-05-19 14:05:07 user_10 SELECT SELECT id, name FROM products WHERE id = 19
2026-05-19 14:05:09 user_06 UNKNOWN UNKNOWN id, name FROM orders WHERE id = 508
2026-05-19 14:05:09 user_38 SELECT SELECT id, name FROM employees WHERE id = 355
2026-05-19 14:05:09 user_12 UNKNOWN UNKNOWN id, name FROM hr_data WHERE id = 771
2026-05-19 14:05:09 user_39 SELECT SELECT ssn, name FROM hr_data LIMIT 200
2026-05-19 14:05:09 user_04 UPDATE UPDATE id, name FROM customers WHERE id = 600
2026-05-19 22:05:11 user_13 UPDATE UPDATE orders SET stock = 0 WHERE last_updated < '2023-01-01'
2026-05-19 01:05:11 user_30 UPDATE UPDATE orders SET stock = 0 WHERE last_updated < '2023-01-01'
2026-05-19 14:05:11 user_17 UPDATE UPDATE id, name FROM finance WHERE id = 489
2026-05-19 14:05:12 user_34 UNKNOWN UNKNOWN id, name FROM salary WHERE id = 861
2026-05-19 14:05:12 user_02 SELECT SELECT ssn, name FROM hr_data LIMIT 200
2026-05-19 23:05:12 user_03 UPDATE UPDATE inventory SET stock = 0 WHERE last_updated < '2023-01-01'
2026-05-19 14:05:12 user_20 UPDATE UPDATE id, name FROM customers WHERE id = 490
2026-05-19 14:05:14 user_36 DELETE DELETE id, name FROM customers WHERE id = 496
2026-05-19 14:05:14 user_40 UPDATE UPDATE id, name FROM finance WHERE id = 702
2026-05-19 14:05:14 user_18 SELECT SELECT ssn, name FROM hr_data LIMIT 200
2026-05-19 01:05:14 user_22 UPDATE UPDATE inventory SET stock = 0 WHERE last_updated < '2023-01-01'
2026-05-19 22:05:15 user_25 UPDATE UPDATE orders SET stock = 0 WHERE last_updated < '2023-01-01'
2026-05-19 14:05:15 user_12 UPDATE UPDATE id, name FROM finance WHERE id = 683
2026-05-19 01:05:15 user_17 UPDATE UPDATE products SET stock = 0 WHERE last_updated < '2023-01-01'
2026-05-19 14:05:15 user_15 DELETE DELETE id, name FROM products WHERE id = 4
2026-05-19 14:05:15 user_33 DELETE DELETE id, name FROM finance WHERE id = 765
2026-05-19 14:05:15 user_10 UPDATE UPDATE id, name FROM hr_data WHERE id = 825
2026-05-19 22:05:17 user_32 UPDATE UPDATE products SET stock = 0 WHERE last_updated < '2023-01-01'
2026-05-19 14:05:17 user_15 UPDATE UPDATE id, name FROM finance WHERE id = 627
2026-05-19 23:05:17 user_29 UPDATE UPDATE inventory SET stock = 0 WHERE last_updated < '2023-01-01'
2026-05-19 14:05:17 user_32 SELECT SELECT id, name FROM hr_data WHERE id = 940
2026-05-19 14:05:18 user_27 UNKNOWN UNKNOWN id, name FROM orders WHERE id = 61
2026-05-19 14:05:18 user_20 INSERT INSERT id, name FROM salary WHERE id = 927
2026-05-19 14:05:18 user_23 SELECT SELECT ssn, name FROM hr_data LIMIT 200
2026-05-19 14:05:19 user_12 SELECT SELECT ssn, name FROM hr_data LIMIT 200
2026-05-19 14:05:19 user_34 INSERT INSERT id, name FROM salary WHERE id = 661
2026-05-19 14:05:20 user_34 DELETE DELETE id, name FROM employees WHERE id = 209
2026-05-19 14:05:20 user_11 DELETE DELETE id, name FROM inventory WHERE id = 259
2026-05-19 14:05:20 user_40 SELECT SELECT id, name FROM customers WHERE id = 45
2026-05-19 14:05:20 user_21 SELECT SELECT ssn, name FROM hr_data LIMIT 200
2026-05-19 14:05:20 user_03 UNKNOWN UNKNOWN id, name FROM orders WHERE id = 197
2026-05-19 14:05:21 user_13 DELETE DELETE id, name FROM employees WHERE id = 34
2026-05-19 01:05:22 user_33 UPDATE UPDATE inventory SET stock = 0 WHERE last_updated < '2023-01-01'
2026-05-19 14:05:22 user_35 INSERT INSERT id, name FROM transactions WHERE id = 289
2026-05-19 14:05:22 user_31 UPDATE UPDATE id, name FROM salary WHERE id = 657
2026-05-19 14:05:22 user_05 SELECT SELECT ssn, name FROM hr_data LIMIT 200
2026-05-19 23:05:22 user_23 UPDATE UPDATE orders SET stock = 0 WHERE last_updated < '2023-01-01'
2026-05-19 14:05:22 user_28 SELECT SELECT * FROM customers WHERE 1=1
2026-05-19 14:05:24 user_02 DELETE DELETE id, name FROM orders WHERE id = 135
2026-05-19 14:05:24 user_08 UNKNOWN UNKNOWN id, name FROM orders WHERE id = 572
2026-05-19 14:05:24 user_32 DELETE DELETE id, name FROM employees WHERE id = 971
2026-05-19 14:05:24 user_09 UPDATE UPDATE id, name FROM finance WHERE id = 281
2026-05-19 14:05:24 user_23 UPDATE UPDATE id, name FROM inventory WHERE id = 286
2026-05-19 14:05:24 user_16 UNKNOWN UNKNOWN id, name FROM hr_data WHERE id = 318
2026-05-19 14:05:24 user_12 UPDATE UPDATE id, name FROM finance WHERE id = 522
2026-05-19 14:05:26 user_36 SELECT SELECT id, name FROM orders WHERE id = 128
2026-05-19 14:05:26 user_16 SELECT SELECT ssn, name FROM hr_data LIMIT 200
2026-05-19 14:05:27 user_05 INSERT INSERT id, name FROM employees WHERE id = 210
2026-05-19 14:05:27 user_11 UNKNOWN UNKNOWN id, name FROM salary WHERE id = 120
2026-05-19 14:05:28 user_18 SELECT SELECT id, name FROM finance WHERE id = 906
2026-05-19 14:05:28 user_12 INSERT INSERT id, name FROM inventory WHERE id = 897
2026-05-19 00:05:29 user_29 UPDATE UPDATE products SET stock = 0 WHERE last_updated < '2023-01-01'
2026-05-19 14:05:29 user_38 UPDATE UPDATE id, name FROM products WHERE id = 523
2026-05-19 21:43:36 user_35 SELECT SELECT id, name FROM orders LIMIT 100
2026-05-19 21:43:38 user_10 SELECT SELECT ssn, salary_grade FROM hr_data WHERE performance_rating = 'Critical'
2026-05-19 22:50:12 user_18 SELECT SELECT id, name FROM products LIMIT 100
2026-05-19 22:50:14 user_11 SELECT SELECT id, name FROM products LIMIT 100
2026-05-19 22:50:16 user_17 SELECT SELECT id, name FROM products LIMIT 100
2026-05-19 22:50:18 user_03 SELECT SELECT id, name FROM transactions LIMIT 100
2026-05-19 22:50:19 user_02 SELECT SELECT id, name FROM products LIMIT 100
2026-05-19 22:50:21 user_07 SELECT SELECT id, name FROM products LIMIT 100
2026-05-19 22:50:22 user_24 UPDATE UPDATE inventory SET stock = stock - 7 WHERE part_sku = 'VALVE-STEM-04'
2026-05-19 22:50:23 user_39 SELECT SELECT ssn, salary_grade FROM hr_data WHERE performance_rating = 'Critical'
2026-05-19 22:50:25 user_35 SELECT SELECT stock_level FROM inventory WHERE warehouse_zone = 'ZONE-A'
2026-05-19 22:50:27 user_27 SELECT SELECT id, name FROM employees LIMIT 100
2026-05-19 22:50:28 user_15 SELECT SELECT * FROM finance WHERE transaction_type = 'WIRE_TRANSFER' AND amount > 50000
2026-05-19 22:50:30 user_36 SELECT SELECT id, name FROM products LIMIT 100
2026-05-19 22:50:31 user_11 SELECT SELECT ssn, salary_grade FROM hr_data WHERE performance_rating = 'Critical'
2026-05-19 22:50:32 user_15 SELECT SELECT * FROM finance WHERE transaction_type = 'WIRE_TRANSFER' AND amount > 50000
2026-05-19 22:50:34 user_23 SELECT SELECT id, name FROM transactions LIMIT 100
2026-05-19 22:50:35 user_09 SELECT SELECT id, name FROM products LIMIT 100
2026-05-19 22:50:37 user_20 SELECT SELECT id, name FROM products LIMIT 100
2026-05-19 22:50:38 user_25 SELECT SELECT id, name FROM products LIMIT 100
2026-05-19 22:50:40 user_11 SELECT SELECT id, name FROM products LIMIT 100
2026-05-19 22:50:40 user_10 SELECT SELECT ssn, salary_grade FROM hr_data WHERE performance_rating = 'Critical'
2026-05-19 22:50:42 user_30 SELECT SELECT id, name FROM employees LIMIT 100
2026-05-19 22:50:42 user_11 SELECT SELECT id, name FROM orders LIMIT 100
2026-05-19 22:50:43 user_32 SELECT SELECT id, name FROM orders LIMIT 100
2026-05-19 22:50:44 user_14 SELECT SELECT stock_level FROM inventory WHERE warehouse_zone = 'ZONE-A'
2026-05-19 22:50:45 user_11 SELECT SELECT id, name FROM products LIMIT 100
2026-05-19 22:50:46 user_01 SELECT SELECT * FROM finance WHERE transaction_type = 'WIRE_TRANSFER' AND amount > 50000
2026-05-19 22:50:47 user_04 SELECT SELECT id, name FROM products LIMIT 100
2026-05-19 22:50:47 user_16 SELECT SELECT id, name FROM products LIMIT 100
2026-05-19 22:50:49 user_18 SELECT SELECT id, name FROM employees LIMIT 100
2026-05-19 22:50:49 user_23 SELECT SELECT id, name FROM salary LIMIT 100
2026-05-19 22:50:50 user_29 SELECT SELECT id, name FROM employees LIMIT 100
2026-05-19 22:50:51 user_19 SELECT SELECT ssn, salary_grade FROM hr_data WHERE performance_rating = 'Critical'
2026-05-19 22:50:52 user_38 SELECT SELECT id, name FROM products LIMIT 100
2026-05-19 22:50:54 user_04 SELECT SELECT id, name FROM products LIMIT 100
2026-05-19 22:50:55 user_08 SELECT SELECT id, name FROM products LIMIT 100
2026-05-19 22:50:56 user_03 SELECT SELECT id, name FROM customers LIMIT 100
2026-05-19 22:50:57 user_20 SELECT SELECT id, name FROM salary LIMIT 100
2026-05-19 22:50:58 user_29 SELECT SELECT id, name FROM employees LIMIT 100
2026-05-19 22:50:59 user_29 SELECT SELECT * FROM finance WHERE transaction_type = 'WIRE_TRANSFER' AND amount > 50000
2026-05-19 22:51:01 user_07 SELECT SELECT id, name FROM products LIMIT 100
2026-05-19 22:51:02 user_06 SELECT SELECT id, name FROM orders LIMIT 100
2026-05-19 22:51:03 user_35 SELECT SELECT id, name FROM products LIMIT 100
2026-05-19 22:51:04 user_37 SELECT SELECT id, name FROM products LIMIT 100
2026-05-19 22:51:05 user_14 SELECT SELECT stock_level FROM inventory WHERE warehouse_zone = 'ZONE-A'
2026-05-19 22:51:07 user_29 SELECT SELECT id, name FROM employees LIMIT 100
2026-05-19 22:51:07 user_20 SELECT SELECT id, name FROM products LIMIT 100
2026-05-19 22:51:08 user_15 SELECT SELECT * FROM finance WHERE transaction_type = 'WIRE_TRANSFER' AND amount > 50000
2026-05-19 22:51:09 user_32 SELECT SELECT id, name FROM employees LIMIT 100
2026-05-19 22:51:10 user_20 SELECT SELECT id, name FROM products LIMIT 100
2026-05-19 22:51:12 user_36 SELECT SELECT id, name FROM products LIMIT 100
2026-05-19 22:51:14 user_29 SELECT SELECT id, name FROM employees LIMIT 100
2026-05-19 22:51:14 user_35 SELECT SELECT id, name FROM orders LIMIT 100
2026-05-19 22:51:16 user_07 SELECT SELECT id, name FROM products LIMIT 100
2026-05-19 22:51:18 user_31 SELECT SELECT ssn, salary_grade FROM hr_data WHERE performance_rating = 'Critical'
2026-05-19 22:51:19 user_39 SELECT SELECT stock_level FROM inventory WHERE warehouse_zone = 'ZONE-A'
2026-05-19 22:51:20 user_11 SELECT SELECT id, name FROM orders LIMIT 100
2026-05-19 22:51:21 user_31 SELECT SELECT ssn, salary_grade FROM hr_data WHERE performance_rating = 'Critical'
2026-05-19 22:51:23 user_23 SELECT SELECT id, name FROM salary LIMIT 100
2026-05-19 22:51:24 user_17 SELECT SELECT id, name FROM products LIMIT 100
2026-05-19 22:51:26 user_37 SELECT SELECT id, name FROM products LIMIT 100
2026-05-19 22:51:27 user_06 SELECT SELECT id, name FROM orders LIMIT 100
2026-05-19 22:51:28 user_30 SELECT SELECT id, name FROM employees LIMIT 100
2026-05-19 22:51:29 user_12 SELECT SELECT id, name FROM orders LIMIT 100
2026-05-19 22:51:31 user_06 SELECT SELECT id, name FROM products LIMIT 100
2026-05-19 22:51:31 user_09 SELECT SELECT id, name FROM orders LIMIT 100
2026-05-19 22:51:32 user_17 SELECT SELECT id, name FROM products LIMIT 100
2026-05-19 22:51:34 user_33 SELECT SELECT id, name FROM orders LIMIT 100
2026-05-19 22:51:36 user_35 SELECT SELECT stock_level FROM inventory WHERE warehouse_zone = 'ZONE-A'
2026-05-19 22:51:37 user_35 SELECT SELECT id, name FROM orders LIMIT 100
2026-05-19 22:51:38 user_28 SELECT SELECT id, name FROM products LIMIT 100
2026-05-19 22:51:39 user_02 SELECT SELECT id, name FROM products LIMIT 100
2026-05-19 22:51:41 user_29 SELECT SELECT ssn, salary_grade FROM hr_data WHERE performance_rating = 'Critical'
2026-05-19 22:51:42 user_28 SELECT SELECT id, name FROM products LIMIT 100
2026-05-19 22:51:44 user_20 SELECT SELECT id, name FROM products LIMIT 100
2026-05-19 22:51:44 user_21 SELECT SELECT * FROM finance WHERE transaction_type = 'WIRE_TRANSFER' AND amount > 50000
2026-05-19 22:51:45 user_15 SELECT SELECT * FROM finance WHERE transaction_type = 'WIRE_TRANSFER' AND amount > 50000
2026-05-19 22:51:47 user_16 SELECT SELECT id, name FROM products LIMIT 100
2026-05-19 22:51:48 user_30 SELECT SELECT id, name FROM employees LIMIT 100
2026-05-19 22:51:50 user_37 SELECT SELECT id, name FROM products LIMIT 100
2026-05-19 22:51:52 user_10 SELECT SELECT id, name FROM employees LIMIT 100
2026-05-19 22:51:53 user_11 SELECT SELECT id, name FROM products LIMIT 100
2026-05-19 22:51:54 user_12 SELECT SELECT id, name FROM orders LIMIT 100
2026-05-19 22:51:55 user_12 SELECT SELECT id, name FROM orders LIMIT 100
2026-05-19 22:51:57 user_04 SELECT SELECT id, name FROM products LIMIT 100
2026-05-19 22:51:58 user_22 SELECT SELECT id, name FROM products LIMIT 100
2026-05-19 22:51:59 user_22 SELECT SELECT id, name FROM products LIMIT 100
2026-05-19 22:52:01 user_04 SELECT SELECT id, name FROM products LIMIT 100
2026-05-19 22:52:03 user_09 SELECT SELECT id, name FROM orders LIMIT 100
2026-05-19 22:52:03 user_27 SELECT SELECT ssn, salary_grade FROM hr_data WHERE performance_rating = 'Critical'
2026-05-19 22:52:05 user_21 SELECT SELECT id, name FROM products LIMIT 100
2026-05-19 22:52:06 user_16 SELECT SELECT id, name FROM products LIMIT 100
2026-05-19 22:52:07 user_27 SELECT SELECT id, name FROM employees LIMIT 100
2026-05-19 22:52:09 user_37 SELECT SELECT id, name FROM products LIMIT 100
2026-05-19 22:52:10 user_40 SELECT SELECT id, name FROM orders LIMIT 100
2026-05-19 22:52:12 user_33 SELECT SELECT id, name FROM orders LIMIT 100
2026-05-19 22:52:13 user_18 UPDATE UPDATE inventory SET stock = stock - 4 WHERE part_sku = 'VALVE-STEM-04'
2026-05-19 22:52:15 user_33 SELECT SELECT id, name FROM orders LIMIT 100
2026-05-19 22:52:17 user_32 SELECT SELECT id, name FROM customers LIMIT 100
2026-05-19 22:52:17 user_30 SELECT SELECT ssn, salary_grade FROM hr_data WHERE performance_rating = 'Critical'
2026-05-19 22:52:19 user_10 SELECT SELECT ssn, salary_grade FROM hr_data WHERE performance_rating = 'Critical'
2026-05-19 22:52:20 user_11 SELECT SELECT stock_level FROM inventory WHERE warehouse_zone = 'ZONE-A'
2026-05-19 22:52:21 user_11 SELECT SELECT stock_level FROM inventory WHERE warehouse_zone = 'ZONE-A'
2026-05-19 22:52:23 user_21 SELECT SELECT id, name FROM products LIMIT 100
2026-05-19 22:52:24 user_29 SELECT SELECT ssn, salary_grade FROM hr_data WHERE performance_rating = 'Critical'
2026-05-19 22:52:25 user_22 SELECT SELECT id, name FROM products LIMIT 100
2026-05-19 22:52:27 user_18 SELECT SELECT id, name FROM orders LIMIT 100
2026-05-19 22:52:29 user_30 SELECT SELECT ssn, salary_grade FROM hr_data WHERE performance_rating = 'Critical'
2026-05-19 22:52:30 user_10 SELECT SELECT id, name FROM employees LIMIT 100
2026-05-19 22:52:32 user_17 SELECT SELECT stock_level FROM inventory WHERE warehouse_zone = 'ZONE-A'
2026-05-19 22:52:32 user_26 SELECT SELECT stock_level FROM inventory WHERE warehouse_zone = 'ZONE-A'
2026-05-19 22:52:34 user_26 SELECT SELECT id, name FROM orders LIMIT 100
2026-05-19 22:52:34 user_09 SELECT SELECT id, name FROM orders LIMIT 100
2026-05-19 22:52:36 user_20 SELECT SELECT id, name FROM products LIMIT 100
2026-05-19 22:52:36 user_20 SELECT SELECT id, name FROM products LIMIT 100
2026-05-19 22:52:38 user_32 SELECT SELECT id, name FROM customers LIMIT 100
2026-05-19 22:52:39 user_28 SELECT SELECT id, name FROM products LIMIT 100
2026-05-19 22:52:40 user_16 SELECT SELECT id, name FROM products LIMIT 100
2026-05-19 22:52:42 user_10 SELECT SELECT ssn, salary_grade FROM hr_data WHERE performance_rating = 'Critical'
2026-05-19 22:52:43 user_09 SELECT SELECT id, name FROM orders LIMIT 100
2026-05-19 22:52:44 user_30 SELECT SELECT id, name FROM orders LIMIT 100
2026-05-19 22:52:45 user_03 SELECT SELECT id, name FROM salary LIMIT 100
2026-05-19 22:52:46 user_02 SELECT SELECT id, name FROM products LIMIT 100
2026-05-19 22:52:47 user_05 SELECT SELECT id, name FROM employees LIMIT 100
2026-05-19 22:52:48 user_38 SELECT SELECT id, name FROM products LIMIT 100
2026-05-19 22:52:49 user_18 SELECT SELECT stock_level FROM inventory WHERE warehouse_zone = 'ZONE-A'
2026-05-19 22:52:50 user_03 SELECT SELECT id, name FROM transactions LIMIT 100
2026-05-19 22:52:51 user_27 SELECT SELECT ssn, salary_grade FROM hr_data WHERE performance_rating = 'Critical'
2026-05-19 22:52:53 user_39 SELECT SELECT ssn, salary_grade FROM hr_data WHERE performance_rating = 'Critical'
2026-05-19 22:52:54 user_01 SELECT SELECT id, name FROM transactions LIMIT 100
2026-05-19 22:52:55 user_18 SELECT SELECT * FROM finance WHERE transaction_type = 'WIRE_TRANSFER' AND amount > 50000
2026-05-19 22:52:57 user_08 SELECT SELECT id, name FROM employees LIMIT 100
2026-05-19 22:52:57 user_33 SELECT SELECT id, name FROM employees LIMIT 100
2026-05-19 22:52:59 user_28 SELECT SELECT id, name FROM customers LIMIT 100
2026-05-19 22:53:00 user_30 SELECT SELECT ssn, salary_grade FROM hr_data WHERE performance_rating = 'Critical'
2026-05-19 22:53:01 user_39 SELECT SELECT id, name FROM customers LIMIT 100
2026-05-19 22:53:02 user_40 SELECT SELECT id, name FROM salary LIMIT 100
2026-05-19 22:53:03 user_38 SELECT SELECT id, name FROM products LIMIT 100
2026-05-19 22:53:05 user_38 SELECT SELECT id, name FROM products LIMIT 100
2026-05-19 22:53:05 user_13 SELECT SELECT id, name FROM products LIMIT 100
2026-05-19 22:53:07 user_16 SELECT SELECT id, name FROM products LIMIT 100
2026-05-19 22:53:08 user_04 SELECT SELECT id, name FROM products LIMIT 100
2026-05-19 22:53:09 user_23 SELECT SELECT * FROM finance WHERE transaction_type = 'WIRE_TRANSFER' AND amount > 50000
2026-05-19 22:54:24 user_39 SELECT SELECT ssn, salary_grade FROM hr_data WHERE performance_rating = 'Critical'
2026-05-19 22:54:25 user_02 SELECT SELECT id, name FROM products LIMIT 100
2026-05-19 22:54:27 user_32 SELECT SELECT id, name FROM employees LIMIT 100
2026-05-19 22:54:28 user_28 SELECT SELECT id, name FROM products LIMIT 100
2026-05-19 22:54:29 user_19 SELECT SELECT id, name FROM employees LIMIT 100
2026-05-19 22:54:30 user_08 SELECT SELECT id, name FROM orders LIMIT 100
2026-05-19 22:54:32 user_30 SELECT SELECT id, name FROM employees LIMIT 100
2026-05-19 22:54:33 user_35 UPDATE UPDATE inventory SET stock = stock - 6 WHERE part_sku = 'ENG-FLTR-V8'
2026-05-19 22:54:34 user_39 SELECT SELECT ssn, salary_grade FROM hr_data WHERE performance_rating = 'Critical'
2026-05-19 22:54:36 user_24 SELECT SELECT id, name FROM products LIMIT 100
2026-05-19 22:54:38 user_17 SELECT SELECT id, name FROM orders LIMIT 100
2026-05-19 22:54:38 user_04 SELECT SELECT id, name FROM products LIMIT 100
2026-05-19 22:54:39 user_14 SELECT SELECT stock_level FROM inventory WHERE warehouse_zone = 'ZONE-A'
2026-05-19 22:54:40 user_37 SELECT SELECT id, name FROM products LIMIT 100
2026-05-19 22:54:41 user_03 SELECT SELECT id, name FROM transactions LIMIT 100
2026-05-19 22:54:42 user_18 SELECT SELECT id, name FROM orders LIMIT 100
2026-05-19 22:54:43 user_33 SELECT SELECT id, name FROM orders LIMIT 100
2026-05-19 22:54:44 user_35 UPDATE UPDATE inventory SET stock = stock - 8 WHERE part_sku = 'TRAN-GEAR-X'
2026-05-19 22:54:46 user_05 SELECT SELECT * FROM finance WHERE transaction_type = 'WIRE_TRANSFER' AND amount > 50000
2026-05-19 22:54:46 user_26 SELECT SELECT id, name FROM products LIMIT 100
2026-05-19 22:54:47 user_17 SELECT SELECT id, name FROM products LIMIT 100
2026-05-19 22:54:48 user_07 SELECT SELECT id, name FROM products LIMIT 100
2026-05-19 22:54:49 user_24 SELECT SELECT id, name FROM products LIMIT 100
2026-05-19 22:54:51 user_34 SELECT SELECT id, name FROM orders LIMIT 100
2026-05-19 22:54:52 user_06 SELECT SELECT id, name FROM products LIMIT 100
2026-05-19 22:54:54 user_24 SELECT SELECT id, name FROM orders LIMIT 100
2026-05-19 22:54:55 user_38 SELECT SELECT id, name FROM products LIMIT 100
2026-05-19 22:54:57 user_39 SELECT SELECT id, name FROM employees LIMIT 100
2026-05-19 22:54:57 user_22 SELECT SELECT id, name FROM products LIMIT 100
2026-05-19 22:54:59 user_29 SELECT SELECT id, name FROM employees LIMIT 100
2026-05-19 22:55:00 user_18 SELECT SELECT id, name FROM transactions LIMIT 100
2026-05-19 22:55:01 user_23 SELECT SELECT id, name FROM salary LIMIT 100
2026-05-19 22:55:03 user_39 SELECT SELECT ssn, salary_grade FROM hr_data WHERE performance_rating = 'Critical'
2026-05-19 22:55:05 user_06 SELECT SELECT id, name FROM products LIMIT 100
2026-05-19 22:55:07 user_39 SELECT SELECT ssn, salary_grade FROM hr_data WHERE performance_rating = 'Critical'
2026-05-19 22:55:09 user_10 SELECT SELECT id, name FROM employees LIMIT 100
2026-05-19 22:55:10 user_22 SELECT SELECT id, name FROM products LIMIT 100
2026-05-19 22:55:12 user_06 SELECT SELECT id, name FROM employees LIMIT 100
2026-05-19 22:55:13 user_09 SELECT SELECT id, name FROM products LIMIT 100
2026-05-19 22:55:15 user_15 SELECT SELECT id, name FROM transactions LIMIT 100
2026-05-19 22:55:15 user_22 SELECT SELECT id, name FROM products LIMIT 100
2026-05-19 22:55:17 user_40 SELECT SELECT id, name FROM salary LIMIT 100
2026-05-19 22:55:18 user_08 SELECT SELECT id, name FROM products LIMIT 100
2026-05-19 22:55:19 user_34 SELECT SELECT id, name FROM products LIMIT 100
2026-05-19 22:55:21 user_14 SELECT SELECT id, name FROM orders LIMIT 100
2026-05-19 22:55:22 user_12 SELECT SELECT stock_level FROM inventory WHERE warehouse_zone = 'ZONE-A'
2026-05-19 22:55:22 user_33 SELECT SELECT id, name FROM products LIMIT 100
2026-05-19 22:55:24 user_02 SELECT SELECT id, name FROM products LIMIT 100
2026-05-19 22:55:26 user_08 SELECT SELECT * FROM finance WHERE transaction_type = 'WIRE_TRANSFER' AND amount > 50000
2026-05-19 22:55:28 user_03 SELECT SELECT id, name FROM transactions LIMIT 100
2026-05-19 22:55:29 user_21 SELECT SELECT id, name FROM products LIMIT 100
2026-05-19 22:55:30 user_21 SELECT SELECT id, name FROM products LIMIT 100
2026-05-19 22:55:31 user_14 SELECT SELECT id, name FROM products LIMIT 100
2026-05-19 22:55:32 user_25 SELECT SELECT id, name FROM products LIMIT 100
2026-05-19 22:55:33 user_22 SELECT SELECT id, name FROM products LIMIT 100
2026-05-19 22:55:35 user_37 SELECT SELECT id, name FROM products LIMIT 100
2026-05-19 22:55:37 user_10 SELECT SELECT ssn, salary_grade FROM hr_data WHERE performance_rating = 'Critical'
2026-05-19 22:55:37 user_22 SELECT SELECT id, name FROM products LIMIT 100
2026-05-19 22:55:38 user_25 SELECT SELECT id, name FROM products LIMIT 100
2026-05-19 22:55:39 user_38 SELECT SELECT id, name FROM products LIMIT 100
2026-05-19 22:55:40 user_12 SELECT SELECT ssn, salary_grade FROM hr_data WHERE performance_rating = 'Critical'
2026-05-19 22:55:42 user_27 SELECT SELECT ssn, salary_grade FROM hr_data WHERE performance_rating = 'Critical'
2026-05-19 22:55:43 user_29 SELECT SELECT id, name FROM employees LIMIT 100
2026-05-19 22:55:45 user_36 SELECT SELECT id, name FROM customers LIMIT 100
2026-05-19 22:55:46 user_11 SELECT SELECT id, name FROM orders LIMIT 100
2026-05-19 22:55:47 user_24 SELECT SELECT id, name FROM orders LIMIT 100
2026-05-19 22:55:49 user_12 SELECT SELECT id, name FROM products LIMIT 100
2026-05-19 22:55:51 user_24 SELECT SELECT id, name FROM products LIMIT 100
2026-05-19 22:55:52 user_05 SELECT SELECT id, name FROM employees LIMIT 100
2026-05-19 22:55:53 user_21 SELECT SELECT id, name FROM products LIMIT 100
2026-05-19 22:55:53 user_09 SELECT SELECT id, name FROM products LIMIT 100
2026-05-19 22:55:55 user_17 SELECT SELECT id, name FROM products LIMIT 100
2026-05-19 22:55:56 user_09 SELECT SELECT id, name FROM orders LIMIT 100
2026-05-19 22:55:57 user_36 SELECT SELECT id, name FROM products LIMIT 100
2026-05-19 22:55:59 user_34 SELECT SELECT id, name FROM orders LIMIT 100
2026-05-19 22:56:01 user_40 SELECT SELECT id, name FROM transactions LIMIT 100
2026-05-19 22:56:02 user_21 SELECT SELECT id, name FROM products LIMIT 100
2026-05-19 22:56:03 user_19 SELECT SELECT id, name FROM employees LIMIT 100
2026-05-19 22:56:05 user_39 SELECT SELECT ssn, salary_grade FROM hr_data WHERE performance_rating = 'Critical'
2026-05-19 22:56:06 user_14 SELECT SELECT id, name FROM products LIMIT 100
2026-05-19 22:56:07 user_36 SELECT SELECT id, name FROM products LIMIT 100
2026-05-19 22:56:08 user_37 UPDATE UPDATE inventory SET stock = stock - 5 WHERE part_sku = 'AXLE-BRKT-99'
2026-05-19 22:56:09 user_37 SELECT SELECT id, name FROM products LIMIT 100
2026-05-19 22:56:10 user_27 SELECT SELECT ssn, salary_grade FROM hr_data WHERE performance_rating = 'Critical'
2026-05-19 22:56:11 user_28 SELECT SELECT id, name FROM customers LIMIT 100
2026-05-19 22:56:13 user_23 SELECT SELECT id, name FROM salary LIMIT 100
2026-05-19 22:56:14 user_06 SELECT SELECT id, name FROM products LIMIT 100
2026-05-19 22:56:15 user_10 SELECT SELECT id, name FROM employees LIMIT 100
2026-05-19 22:56:16 user_27 SELECT SELECT ssn, salary_grade FROM hr_data WHERE performance_rating = 'Critical'
2026-05-19 22:56:17 user_24 SELECT SELECT id, name FROM orders LIMIT 100
2026-05-19 22:56:18 user_20 SELECT SELECT id, name FROM products LIMIT 100
2026-05-19 22:56:19 user_33 UPDATE UPDATE inventory SET stock = stock - 3 WHERE part_sku = 'TRAN-GEAR-X'
2026-05-19 22:56:20 user_19 SELECT SELECT ssn, salary_grade FROM hr_data WHERE performance_rating = 'Critical'
2026-05-19 22:56:21 user_10 SELECT SELECT id, name FROM employees LIMIT 100
2026-05-19 22:56:22 user_19 SELECT SELECT id, name FROM employees LIMIT 100
2026-05-19 22:56:24 user_09 SELECT SELECT id, name FROM products LIMIT 100
2026-05-19 22:56:25 user_18 UPDATE UPDATE inventory SET stock = stock - 8 WHERE part_sku = 'AXLE-BRKT-99'
2026-05-19 22:56:26 user_14 SELECT SELECT stock_level FROM inventory WHERE warehouse_zone = 'ZONE-A'
2026-05-19 22:56:28 user_21 SELECT SELECT id, name FROM products LIMIT 100
2026-05-19 22:56:29 user_26 SELECT SELECT id, name FROM orders LIMIT 100
2026-05-19 22:56:30 user_33 SELECT SELECT id, name FROM products LIMIT 100
2026-05-19 22:56:31 user_05 SELECT SELECT id, name FROM employees LIMIT 100
2026-05-19 22:56:32 user_37 SELECT SELECT id, name FROM products LIMIT 100
2026-05-19 22:56:33 user_10 SELECT SELECT id, name FROM employees LIMIT 100
2026-05-19 22:56:34 user_31 SELECT SELECT id, name FROM employees LIMIT 100
2026-05-19 22:56:36 user_19 SELECT SELECT id, name FROM employees LIMIT 100
2026-05-19 22:56:38 user_16 SELECT SELECT id, name FROM products LIMIT 100
2026-05-19 22:56:39 user_15 SELECT SELECT id, name FROM transactions LIMIT 100
2026-05-19 22:56:41 user_16 SELECT SELECT ssn, salary_grade FROM hr_data WHERE performance_rating = 'Critical'
2026-05-19 22:56:42 user_10 SELECT SELECT id, name FROM products LIMIT 100
2026-05-19 22:56:43 user_25 SELECT SELECT id, name FROM products LIMIT 100
2026-05-19 22:56:44 user_30 SELECT SELECT ssn, salary_grade FROM hr_data WHERE performance_rating = 'Critical'
2026-05-19 22:56:46 user_31 SELECT SELECT ssn, salary_grade FROM hr_data WHERE performance_rating = 'Critical'
2026-05-19 22:56:47 user_03 SELECT SELECT id, name FROM salary LIMIT 100
2026-05-19 22:56:48 user_28 SELECT SELECT id, name FROM products LIMIT 100
2026-05-19 22:56:49 user_39 SELECT SELECT ssn, salary_grade FROM hr_data WHERE performance_rating = 'Critical'
2026-05-19 22:56:51 user_09 SELECT SELECT id, name FROM orders LIMIT 100
2026-05-19 22:56:51 user_32 SELECT SELECT id, name FROM orders LIMIT 100
2026-05-19 22:56:53 user_36 SELECT SELECT id, name FROM customers LIMIT 100
2026-05-19 22:56:54 user_03 SELECT SELECT * FROM finance WHERE transaction_type = 'WIRE_TRANSFER' AND amount > 50000
2026-05-19 22:56:56 user_01 SELECT SELECT * FROM finance WHERE transaction_type = 'WIRE_TRANSFER' AND amount > 50000
2026-05-19 22:56:56 user_26 SELECT SELECT id, name FROM orders LIMIT 100
2026-05-19 22:56:57 user_37 SELECT SELECT id, name FROM orders LIMIT 100
2026-05-19 22:56:57 user_32 SELECT SELECT id, name FROM customers LIMIT 100
2026-05-19 22:56:59 user_08 SELECT SELECT id, name FROM products LIMIT 100
2026-05-19 22:57:00 user_04 SELECT SELECT id, name FROM products LIMIT 100
2026-05-19 22:57:01 user_27 SELECT SELECT id, name FROM employees LIMIT 100
2026-05-19 22:57:03 user_13 SELECT SELECT id, name FROM customers LIMIT 100
2026-05-19 22:57:04 user_24 SELECT SELECT id, name FROM products LIMIT 100
2026-05-19 22:57:06 user_15 SELECT SELECT * FROM finance WHERE transaction_type = 'WIRE_TRANSFER' AND amount > 50000
2026-05-19 22:57:07 user_03 SELECT SELECT id, name FROM transactions LIMIT 100
2026-05-19 22:57:07 user_20 SELECT SELECT id, name FROM products LIMIT 100
2026-05-19 22:57:08 user_27 SELECT SELECT id, name FROM transactions LIMIT 100
2026-05-19 22:57:10 user_31 SELECT SELECT ssn, salary_grade FROM hr_data WHERE performance_rating = 'Critical'
2026-05-19 22:57:11 user_01 SELECT SELECT id, name FROM salary LIMIT 100
2026-05-19 22:57:13 user_07 SELECT SELECT id, name FROM products LIMIT 100
2026-05-19 22:57:14 user_10 SELECT SELECT id, name FROM salary LIMIT 100
2026-05-19 22:57:16 user_02 SELECT SELECT id, name FROM orders LIMIT 100
2026-05-19 22:57:18 user_27 SELECT SELECT ssn, salary_grade FROM hr_data WHERE performance_rating = 'Critical'
2026-05-19 22:57:19 user_21 SELECT SELECT id, name FROM products LIMIT 100
2026-05-19 22:57:20 user_23 SELECT SELECT * FROM finance WHERE transaction_type = 'WIRE_TRANSFER' AND amount > 50000
2026-05-19 22:57:22 user_01 SELECT SELECT id, name FROM products LIMIT 100
2026-05-19 22:57:23 user_13 SELECT SELECT id, name FROM customers LIMIT 100
2026-05-19 22:57:24 user_30 SELECT SELECT id, name FROM employees LIMIT 100
2026-05-19 22:57:25 user_21 SELECT SELECT id, name FROM products LIMIT 100
2026-05-19 22:57:26 user_19 SELECT SELECT id, name FROM employees LIMIT 100
2026-05-19 22:57:27 user_01 SELECT SELECT id, name FROM salary LIMIT 100
2026-05-19 22:57:28 user_30 SELECT SELECT id, name FROM orders LIMIT 100
2026-05-19 22:57:28 user_28 SELECT SELECT id, name FROM customers LIMIT 100
2026-05-19 22:57:29 user_19 SELECT SELECT id, name FROM employees LIMIT 100
2026-05-19 22:57:31 user_21 SELECT SELECT id, name FROM products LIMIT 100
2026-05-19 22:57:33 user_38 SELECT SELECT id, name FROM products LIMIT 100
2026-05-19 22:57:35 user_01 SELECT SELECT id, name FROM salary LIMIT 100
2026-05-19 22:57:35 user_01 SELECT SELECT * FROM finance WHERE transaction_type = 'WIRE_TRANSFER' AND amount > 50000
2026-05-19 22:57:37 user_19 SELECT SELECT id, name FROM employees LIMIT 100
2026-05-19 22:57:39 user_34 SELECT SELECT id, name FROM orders LIMIT 100
2026-05-19 22:57:39 user_07 SELECT SELECT ssn, salary_grade FROM hr_data WHERE performance_rating = 'Critical'
2026-05-19 22:57:41 user_32 SELECT SELECT id, name FROM employees LIMIT 100
2026-05-19 22:57:42 user_32 SELECT SELECT id, name FROM customers LIMIT 100
2026-05-19 22:57:42 user_13 SELECT SELECT id, name FROM products LIMIT 100
2026-05-19 22:57:43 user_38 SELECT SELECT id, name FROM products LIMIT 100
2026-05-19 22:57:45 user_27 SELECT SELECT id, name FROM employees LIMIT 100
2026-05-19 22:57:46 user_19 SELECT SELECT id, name FROM employees LIMIT 100
2026-05-19 22:57:46 user_21 SELECT SELECT id, name FROM products LIMIT 100
2026-05-19 22:57:47 user_36 SELECT SELECT id, name FROM products LIMIT 100
2026-05-19 22:57:49 user_33 UPDATE UPDATE inventory SET stock = stock - 8 WHERE part_sku = 'ENG-FLTR-V8'
2026-05-19 22:57:50 user_20 SELECT SELECT id, name FROM salary LIMIT 100
2026-05-19 22:57:51 user_33 UPDATE UPDATE inventory SET stock = stock - 10 WHERE part_sku = 'ENG-FLTR-V8'
2026-05-19 22:57:52 user_31 SELECT SELECT ssn, salary_grade FROM hr_data WHERE performance_rating = 'Critical'
2026-05-19 22:57:53 user_37 SELECT SELECT id, name FROM products LIMIT 100
2026-05-19 22:57:54 user_27 SELECT SELECT id, name FROM employees LIMIT 100
2026-05-19 22:57:55 user_06 SELECT SELECT id, name FROM orders LIMIT 100
2026-05-19 22:57:57 user_10 SELECT SELECT id, name FROM employees LIMIT 100
2026-05-19 22:57:58 user_09 UPDATE UPDATE inventory SET stock = stock - 6 WHERE part_sku = 'ENG-FLTR-V8'
2026-05-19 22:57:59 user_08 SELECT SELECT id, name FROM products LIMIT 100
2026-05-19 22:58:01 user_39 SELECT SELECT ssn, salary_grade FROM hr_data WHERE performance_rating = 'Critical'
2026-05-19 22:58:03 user_16 SELECT SELECT id, name FROM products LIMIT 100
2026-05-19 22:58:03 user_40 SELECT SELECT id, name FROM salary LIMIT 100
2026-05-19 22:58:04 user_18 SELECT SELECT id, name FROM products LIMIT 100
2026-05-19 22:58:06 user_26 SELECT SELECT id, name FROM orders LIMIT 100
2026-05-19 22:58:06 user_03 SELECT SELECT id, name FROM transactions LIMIT 100
2026-05-19 22:58:08 user_21 SELECT SELECT id, name FROM products LIMIT 100
2026-05-19 22:58:10 user_37 SELECT SELECT id, name FROM products LIMIT 100
2026-05-19 22:58:11 user_38 SELECT SELECT id, name FROM products LIMIT 100
2026-05-19 22:58:12 user_39 SELECT SELECT ssn, salary_grade FROM hr_data WHERE performance_rating = 'Critical'
2026-05-19 22:58:13 user_14 SELECT SELECT id, name FROM orders LIMIT 100
2026-05-19 22:58:14 user_14 SELECT SELECT id, name FROM products LIMIT 100
2026-05-19 22:58:15 user_24 SELECT SELECT id, name FROM orders LIMIT 100
2026-05-19 22:58:17 user_18 SELECT SELECT id, name FROM products LIMIT 100
2026-05-19 22:58:18 user_13 SELECT SELECT id, name FROM orders LIMIT 100
2026-05-19 22:58:19 user_32 SELECT SELECT * FROM finance WHERE transaction_type = 'WIRE_TRANSFER' AND amount > 50000
2026-05-19 22:58:20 user_25 SELECT SELECT id, name FROM products LIMIT 100
2026-05-19 22:58:21 user_29 SELECT SELECT ssn, salary_grade FROM hr_data WHERE performance_rating = 'Critical'
2026-05-19 22:58:21 user_39 SELECT SELECT ssn, salary_grade FROM hr_data WHERE performance_rating = 'Critical'
2026-05-19 22:58:22 user_12 SELECT SELECT id, name FROM orders LIMIT 100
2026-05-19 22:58:23 user_22 SELECT SELECT id, name FROM products LIMIT 100
2026-05-19 22:58:24 user_21 SELECT SELECT id, name FROM products LIMIT 100
2026-05-19 22:58:25 user_10 SELECT SELECT id, name FROM employees LIMIT 100
2026-05-19 22:58:26 user_40 SELECT SELECT * FROM finance WHERE transaction_type = 'WIRE_TRANSFER' AND amount > 50000
2026-05-19 22:58:27 user_12 SELECT SELECT stock_level FROM inventory WHERE warehouse_zone = 'ZONE-A'
2026-05-19 22:58:29 user_23 SELECT SELECT id, name FROM salary LIMIT 100
2026-05-19 22:58:31 user_03 SELECT SELECT * FROM finance WHERE transaction_type = 'WIRE_TRANSFER' AND amount > 50000
2026-05-19 22:58:32 user_38 SELECT SELECT id, name FROM products LIMIT 100
2026-05-19 22:58:34 user_16 SELECT SELECT id, name FROM products LIMIT 100
2026-05-19 22:58:35 user_17 UPDATE UPDATE inventory SET stock = stock - 1 WHERE part_sku = 'HYD-PUMP-01'
2026-05-19 22:58:37 user_13 SELECT SELECT id, name FROM orders LIMIT 100
2026-05-19 22:58:38 user_32 SELECT SELECT stock_level FROM inventory WHERE warehouse_zone = 'ZONE-A'
2026-05-19 22:58:39 user_25 SELECT SELECT id, name FROM products LIMIT 100
2026-05-19 22:58:41 user_27 SELECT SELECT ssn, salary_grade FROM hr_data WHERE performance_rating = 'Critical'
2026-05-19 22:58:42 user_18 SELECT SELECT id, name FROM orders LIMIT 100
2026-05-19 22:58:43 user_40 UPDATE UPDATE inventory SET stock = stock - 5 WHERE part_sku = 'HYD-PUMP-01'
2026-05-19 22:58:45 user_39 SELECT SELECT id, name FROM employees LIMIT 100
2026-05-19 22:58:47 user_38 SELECT SELECT id, name FROM products LIMIT 100
2026-05-19 22:58:48 user_05 SELECT SELECT ssn, salary_grade FROM hr_data WHERE performance_rating = 'Critical'
2026-05-19 22:58:49 user_36 SELECT SELECT id, name FROM products LIMIT 100
2026-05-19 22:58:50 user_35 UPDATE UPDATE inventory SET stock = stock - 3 WHERE part_sku = 'TRAN-GEAR-X'
2026-05-19 22:58:52 user_30 SELECT SELECT id, name FROM employees LIMIT 100
2026-05-19 22:58:53 user_13 SELECT SELECT id, name FROM customers LIMIT 100
2026-05-19 22:58:53 user_21 SELECT SELECT id, name FROM products LIMIT 100
2026-05-19 22:58:54 user_31 SELECT SELECT id, name FROM employees LIMIT 100
2026-05-19 22:58:56 user_13 SELECT SELECT id, name FROM orders LIMIT 100
2026-05-19 22:58:58 user_19 SELECT SELECT id, name FROM employees LIMIT 100
2026-05-19 22:59:00 user_05 SELECT SELECT id, name FROM employees LIMIT 100
2026-05-19 22:59:02 user_35 SELECT SELECT stock_level FROM inventory WHERE warehouse_zone = 'ZONE-A'
2026-05-19 22:59:03 user_17 SELECT SELECT id, name FROM products LIMIT 100
2026-05-19 22:59:04 user_03 SELECT SELECT id, name FROM salary LIMIT 100
2026-05-19 22:59:06 user_28 SELECT SELECT id, name FROM customers LIMIT 100
2026-05-19 22:59:07 user_27 SELECT SELECT ssn, salary_grade FROM hr_data WHERE performance_rating = 'Critical'
2026-05-19 22:59:09 user_26 SELECT SELECT id, name FROM orders LIMIT 100
2026-05-19 22:59:10 user_17 SELECT SELECT id, name FROM orders LIMIT 100
2026-05-19 22:59:12 user_28 SELECT SELECT id, name FROM customers LIMIT 100
2026-05-19 22:59:12 user_01 SELECT SELECT id, name FROM salary LIMIT 100
2026-05-19 22:59:14 user_19 SELECT SELECT ssn, salary_grade FROM hr_data WHERE performance_rating = 'Critical'
2026-05-19 22:59:15 user_27 SELECT SELECT ssn, salary_grade FROM hr_data WHERE performance_rating = 'Critical'
2026-05-19 22:59:16 user_28 SELECT SELECT id, name FROM products LIMIT 100
2026-05-19 22:59:18 user_20 SELECT SELECT id, name FROM products LIMIT 100
2026-05-19 22:59:19 user_25 SELECT SELECT id, name FROM products LIMIT 100
2026-05-19 22:59:20 user_11 SELECT SELECT id, name FROM products LIMIT 100
2026-05-19 22:59:21 user_29 SELECT SELECT ssn, salary_grade FROM hr_data WHERE performance_rating = 'Critical'
2026-05-19 22:59:22 user_11 SELECT SELECT id, name FROM orders LIMIT 100
2026-05-19 22:59:24 user_22 SELECT SELECT id, name FROM products LIMIT 100
2026-05-19 22:59:26 user_18 SELECT SELECT id, name FROM products LIMIT 100
2026-05-19 22:59:27 user_22 SELECT SELECT id, name FROM products LIMIT 100
2026-05-19 22:59:28 user_23 SELECT SELECT id, name FROM transactions LIMIT 100
2026-05-19 22:59:29 user_20 SELECT SELECT id, name FROM products LIMIT 100
2026-05-19 22:59:30 user_08 SELECT SELECT id, name FROM products LIMIT 100
2026-05-19 22:59:30 user_01 SELECT SELECT id, name FROM transactions LIMIT 100
2026-05-19 22:59:32 user_23 SELECT SELECT id, name FROM salary LIMIT 100
2026-05-19 22:59:33 user_28 SELECT SELECT id, name FROM products LIMIT 100
2026-05-19 22:59:34 user_19 SELECT SELECT id, name FROM employees LIMIT 100
2026-05-19 22:59:35 user_29 SELECT SELECT id, name FROM employees LIMIT 100
2026-05-19 22:59:36 user_31 SELECT SELECT id, name FROM employees LIMIT 100
2026-05-19 22:59:37 user_26 SELECT SELECT id, name FROM orders LIMIT 100
2026-05-19 22:59:39 user_08 SELECT SELECT id, name FROM products LIMIT 100
2026-05-19 22:59:41 user_05 SELECT SELECT id, name FROM employees LIMIT 100
2026-05-19 22:59:42 user_01 SELECT SELECT id, name FROM salary LIMIT 100
2026-05-19 22:59:43 user_36 SELECT SELECT id, name FROM products LIMIT 100
2026-05-19 22:59:44 user_13 SELECT SELECT id, name FROM orders LIMIT 100
2026-05-19 22:59:45 user_26 SELECT SELECT id, name FROM orders LIMIT 100
2026-05-19 22:59:46 user_38 SELECT SELECT id, name FROM products LIMIT 100
2026-05-19 22:59:47 user_16 SELECT SELECT id, name FROM products LIMIT 100
2026-05-19 22:59:49 user_27 SELECT SELECT id, name FROM employees LIMIT 100
2026-05-19 22:59:50 user_17 SELECT SELECT id, name FROM orders LIMIT 100
2026-05-19 22:59:50 user_06 SELECT SELECT id, name FROM products LIMIT 100
2026-05-19 22:59:51 user_31 SELECT SELECT id, name FROM employees LIMIT 100
2026-05-19 22:59:53 user_31 SELECT SELECT ssn, salary_grade FROM hr_data WHERE performance_rating = 'Critical'
2026-05-19 22:59:54 user_05 SELECT SELECT id, name FROM employees LIMIT 100
2026-05-19 22:59:56 user_25 SELECT SELECT id, name FROM products LIMIT 100
2026-05-19 22:59:57 user_17 UPDATE UPDATE inventory SET stock = stock - 9 WHERE part_sku = 'VALVE-STEM-04'
2026-05-19 22:59:59 user_37 SELECT SELECT id, name FROM orders LIMIT 100
2026-05-19 23:00:00 user_32 SELECT SELECT id, name FROM customers LIMIT 100
2026-05-19 23:00:02 user_12 SELECT SELECT stock_level FROM inventory WHERE warehouse_zone = 'ZONE-A'
2026-05-19 23:00:03 user_11 SELECT SELECT id, name FROM orders LIMIT 100
2026-05-19 23:00:04 user_11 SELECT SELECT id, name FROM products LIMIT 100
2026-05-19 23:00:05 user_37 SELECT SELECT id, name FROM products LIMIT 100
2026-05-19 23:00:07 user_28 SELECT SELECT id, name FROM customers LIMIT 100
2026-05-19 23:00:09 user_18 UPDATE UPDATE inventory SET stock = stock - 3 WHERE part_sku = 'VALVE-STEM-04'
2026-05-19 23:00:10 user_28 SELECT SELECT id, name FROM products LIMIT 100
2026-05-19 23:00:10 user_22 SELECT SELECT id, name FROM products LIMIT 100
2026-05-19 23:00:12 user_16 SELECT SELECT id, name FROM orders LIMIT 100
2026-05-19 23:00:13 user_28 SELECT SELECT id, name FROM customers LIMIT 100
2026-05-19 23:00:15 user_40 SELECT SELECT id, name FROM salary LIMIT 100
2026-05-19 23:00:16 user_19 SELECT SELECT id, name FROM customers LIMIT 100
2026-05-19 23:00:17 user_37 SELECT SELECT id, name FROM products LIMIT 100
2026-05-19 23:00:18 user_32 SELECT SELECT id, name FROM customers LIMIT 100
2026-05-19 23:00:20 user_21 SELECT SELECT id, name FROM products LIMIT 100
2026-05-19 23:00:21 user_32 SELECT SELECT id, name FROM customers LIMIT 100
2026-05-19 23:00:22 user_16 SELECT SELECT id, name FROM products LIMIT 100
2026-05-19 23:00:23 user_34 SELECT SELECT id, name FROM products LIMIT 100
2026-05-19 23:00:25 user_23 SELECT SELECT id, name FROM transactions LIMIT 100
2026-05-19 23:00:26 user_01 SELECT SELECT * FROM finance WHERE transaction_type = 'WIRE_TRANSFER' AND amount > 50000
2026-05-19 23:00:27 user_37 SELECT SELECT id, name FROM products LIMIT 100
2026-05-19 23:00:29 user_04 SELECT SELECT id, name FROM products LIMIT 100
2026-05-19 23:00:30 user_32 SELECT SELECT id, name FROM customers LIMIT 100
2026-05-19 23:00:31 user_05 SELECT SELECT ssn, salary_grade FROM hr_data WHERE performance_rating = 'Critical'
2026-05-19 23:00:32 user_04 SELECT SELECT id, name FROM products LIMIT 100
2026-05-19 23:00:34 user_28 SELECT SELECT id, name FROM orders LIMIT 100
2026-05-19 23:00:35 user_26 SELECT SELECT id, name FROM orders LIMIT 100
2026-05-19 23:00:36 user_21 SELECT SELECT id, name FROM products LIMIT 100
2026-05-19 23:00:38 user_30 SELECT SELECT id, name FROM employees LIMIT 100
2026-05-19 23:00:40 user_10 SELECT SELECT ssn, salary_grade FROM hr_data WHERE performance_rating = 'Critical'
2026-05-19 23:00:41 user_23 SELECT SELECT id, name FROM salary LIMIT 100
2026-05-19 23:00:42 user_22 SELECT SELECT * FROM finance WHERE transaction_type = 'WIRE_TRANSFER' AND amount > 50000
2026-05-19 23:00:42 user_05 SELECT SELECT id, name FROM employees LIMIT 100
2026-05-19 23:00:43 user_39 SELECT SELECT ssn, salary_grade FROM hr_data WHERE performance_rating = 'Critical'
2026-05-19 23:00:45 user_30 SELECT SELECT id, name FROM employees LIMIT 100
2026-05-19 23:00:46 user_09 SELECT SELECT id, name FROM employees LIMIT 100
2026-05-19 23:00:47 user_18 SELECT SELECT id, name FROM orders LIMIT 100
2026-05-19 23:00:48 user_36 SELECT SELECT id, name FROM products LIMIT 100
2026-05-19 23:00:50 user_25 SELECT SELECT id, name FROM products LIMIT 100
2026-05-19 23:00:51 user_23 SELECT SELECT * FROM finance WHERE transaction_type = 'WIRE_TRANSFER' AND amount > 50000
2026-05-19 23:00:51 user_01 SELECT SELECT id, name FROM products LIMIT 100
2026-05-19 23:00:52 user_31 SELECT SELECT id, name FROM employees LIMIT 100
2026-05-19 23:00:54 user_19 SELECT SELECT id, name FROM employees LIMIT 100
2026-05-19 23:00:55 user_20 SELECT SELECT id, name FROM products LIMIT 100
2026-05-19 23:00:56 user_19 SELECT SELECT ssn, salary_grade FROM hr_data WHERE performance_rating = 'Critical'
2026-05-19 23:00:57 user_14 SELECT SELECT stock_level FROM inventory WHERE warehouse_zone = 'ZONE-A'
2026-05-19 23:00:58 user_37 SELECT SELECT id, name FROM products LIMIT 100
2026-05-19 23:01:00 user_09 SELECT SELECT id, name FROM orders LIMIT 100
2026-05-19 23:01:01 user_07 SELECT SELECT id, name FROM products LIMIT 100
2026-05-19 23:01:02 user_05 SELECT SELECT id, name FROM employees LIMIT 100
2026-05-19 23:01:03 user_28 SELECT SELECT id, name FROM orders LIMIT 100
2026-05-19 23:01:04 user_32 SELECT SELECT id, name FROM products LIMIT 100
2026-05-19 23:01:05 user_23 SELECT SELECT id, name FROM transactions LIMIT 100
2026-05-19 23:01:06 user_08 SELECT SELECT id, name FROM products LIMIT 100
2026-05-19 23:01:08 user_12 SELECT SELECT stock_level FROM inventory WHERE warehouse_zone = 'ZONE-A'
2026-05-19 23:01:09 user_30 SELECT SELECT ssn, salary_grade FROM hr_data WHERE performance_rating = 'Critical'
2026-05-19 23:01:10 user_24 SELECT SELECT id, name FROM orders LIMIT 100
2026-05-19 23:01:11 user_34 SELECT SELECT id, name FROM orders LIMIT 100
2026-05-19 23:01:12 user_06 SELECT SELECT id, name FROM customers LIMIT 100
2026-05-19 23:01:13 user_20 SELECT SELECT id, name FROM products LIMIT 100
2026-05-19 23:01:14 user_31 SELECT SELECT ssn, salary_grade FROM hr_data WHERE performance_rating = 'Critical'
2026-05-19 23:01:15 user_18 SELECT SELECT id, name FROM orders LIMIT 100
2026-05-19 23:01:16 user_29 SELECT SELECT id, name FROM products LIMIT 100
2026-05-19 23:01:17 user_05 SELECT SELECT id, name FROM employees LIMIT 100
2026-05-19 23:01:18 user_12 UPDATE UPDATE inventory SET stock = stock - 4 WHERE part_sku = 'VALVE-STEM-04'
2026-05-19 23:01:19 user_07 SELECT SELECT id, name FROM products LIMIT 100
2026-05-19 23:01:20 user_10 SELECT SELECT id, name FROM employees LIMIT 100
2026-05-19 23:01:21 user_34 SELECT SELECT id, name FROM customers LIMIT 100
2026-05-19 23:01:23 user_25 SELECT SELECT id, name FROM products LIMIT 100
2026-05-19 23:01:24 user_15 SELECT SELECT * FROM finance WHERE transaction_type = 'WIRE_TRANSFER' AND amount > 50000
2026-05-19 23:01:25 user_04 SELECT SELECT id, name FROM products LIMIT 100
2026-05-19 23:01:27 user_03 SELECT SELECT id, name FROM transactions LIMIT 100
2026-05-19 23:01:29 user_31 SELECT SELECT id, name FROM orders LIMIT 100
2026-05-19 23:01:31 user_01 SELECT SELECT * FROM finance WHERE transaction_type = 'WIRE_TRANSFER' AND amount > 50000
2026-05-19 23:01:32 user_35 SELECT SELECT stock_level FROM inventory WHERE warehouse_zone = 'ZONE-A'
2026-05-19 23:01:32 user_21 SELECT SELECT id, name FROM products LIMIT 100
2026-05-19 23:01:34 user_28 SELECT SELECT id, name FROM orders LIMIT 100
2026-05-19 23:01:36 user_11 SELECT SELECT stock_level FROM inventory WHERE warehouse_zone = 'ZONE-A'
2026-05-19 23:01:37 user_36 SELECT SELECT id, name FROM products LIMIT 100
2026-05-19 23:01:38 user_20 SELECT SELECT id, name FROM products LIMIT 100
2026-05-19 23:01:39 user_08 SELECT SELECT id, name FROM products LIMIT 100
2026-05-19 23:01:40 user_07 SELECT SELECT id, name FROM products LIMIT 100
2026-05-19 23:01:41 user_18 SELECT SELECT stock_level FROM inventory WHERE warehouse_zone = 'ZONE-A'
2026-05-19 23:01:43 user_03 SELECT SELECT id, name FROM salary LIMIT 100
2026-05-19 23:01:44 user_03 SELECT SELECT ssn, salary_grade FROM hr_data WHERE performance_rating = 'Critical'
2026-05-19 23:01:45 user_16 SELECT SELECT * FROM finance WHERE transaction_type = 'WIRE_TRANSFER' AND amount > 50000
2026-05-19 23:01:46 user_21 SELECT SELECT id, name FROM products LIMIT 100
2026-05-19 23:01:47 user_13 SELECT SELECT id, name FROM orders LIMIT 100
2026-05-19 23:01:49 user_23 SELECT SELECT id, name FROM transactions LIMIT 100
2026-05-19 23:01:50 user_06 SELECT SELECT id, name FROM orders LIMIT 100
2026-05-19 23:01:51 user_26 UPDATE UPDATE inventory SET stock = stock - 4 WHERE part_sku = 'HYD-PUMP-01'
2026-05-19 23:01:52 user_34 SELECT SELECT id, name FROM products LIMIT 100
2026-05-19 23:01:52 user_02 SELECT SELECT id, name FROM products LIMIT 100
2026-05-19 23:01:53 user_38 SELECT SELECT id, name FROM products LIMIT 100
2026-05-19 23:01:55 user_13 SELECT SELECT id, name FROM products LIMIT 100
2026-05-19 23:01:56 user_07 SELECT SELECT id, name FROM products LIMIT 100
2026-05-19 23:01:57 user_24 UPDATE UPDATE inventory SET stock = stock - 9 WHERE part_sku = 'TRAN-GEAR-X'
2026-05-19 23:01:59 user_07 SELECT SELECT id, name FROM products LIMIT 100
2026-05-19 23:02:01 user_17 SELECT SELECT id, name FROM products LIMIT 100
2026-05-19 23:02:03 user_40 SELECT SELECT * FROM finance WHERE transaction_type = 'WIRE_TRANSFER' AND amount > 50000
2026-05-19 23:02:04 user_40 SELECT SELECT id, name FROM salary LIMIT 100
2026-05-19 23:02:06 user_38 SELECT SELECT id, name FROM products LIMIT 100
2026-05-19 23:02:06 user_09 SELECT SELECT id, name FROM customers LIMIT 100
2026-05-19 23:02:08 user_17 UPDATE UPDATE inventory SET stock = stock - 10 WHERE part_sku = 'ENG-FLTR-V8'
2026-05-19 23:02:10 user_35 SELECT SELECT stock_level FROM inventory WHERE warehouse_zone = 'ZONE-A'
2026-05-19 23:02:11 user_26 SELECT SELECT id, name FROM orders LIMIT 100
2026-05-19 23:02:11 user_09 SELECT SELECT id, name FROM products LIMIT 100
2026-05-19 23:02:13 user_22 SELECT SELECT id, name FROM products LIMIT 100
2026-05-19 23:02:14 user_04 SELECT SELECT id, name FROM products LIMIT 100
2026-05-19 23:02:15 user_37 SELECT SELECT id, name FROM products LIMIT 100
2026-05-19 23:02:16 user_12 SELECT SELECT id, name FROM products LIMIT 100
2026-05-19 23:02:18 user_13 SELECT SELECT id, name FROM customers LIMIT 100
2026-05-19 23:02:19 user_07 SELECT SELECT id, name FROM products LIMIT 100
2026-05-19 23:02:20 user_05 SELECT SELECT id, name FROM employees LIMIT 100
2026-05-19 23:02:22 user_32 SELECT SELECT id, name FROM customers LIMIT 100
2026-05-19 23:02:24 user_40 SELECT SELECT id, name FROM transactions LIMIT 100
2026-05-19 23:02:25 user_23 SELECT SELECT id, name FROM transactions LIMIT 100
2026-05-19 23:02:26 user_05 SELECT SELECT id, name FROM employees LIMIT 100
2026-05-19 23:02:27 user_15 SELECT SELECT id, name FROM transactions LIMIT 100
2026-05-19 23:02:29 user_16 SELECT SELECT id, name FROM products LIMIT 100
2026-05-19 23:02:31 user_39 SELECT SELECT id, name FROM employees LIMIT 100
2026-05-19 23:02:32 user_26 SELECT SELECT stock_level FROM inventory WHERE warehouse_zone = 'ZONE-A'
2026-05-19 23:02:33 user_36 SELECT SELECT id, name FROM products LIMIT 100
2026-05-19 23:02:34 user_13 SELECT SELECT id, name FROM products LIMIT 100
2026-05-19 23:02:35 user_03 SELECT SELECT id, name FROM salary LIMIT 100
2026-05-19 23:02:36 user_13 SELECT SELECT id, name FROM customers LIMIT 100
2026-05-19 23:02:38 user_16 SELECT SELECT id, name FROM products LIMIT 100
2026-05-19 23:02:39 user_17 SELECT SELECT stock_level FROM inventory WHERE warehouse_zone = 'ZONE-A'
2026-05-19 23:02:40 user_30 SELECT SELECT ssn, salary_grade FROM hr_data WHERE performance_rating = 'Critical'
2026-05-19 23:02:41 user_11 SELECT SELECT id, name FROM products LIMIT 100
2026-05-19 23:02:43 user_16 SELECT SELECT id, name FROM products LIMIT 100
2026-05-19 23:02:44 user_32 SELECT SELECT id, name FROM orders LIMIT 100
2026-05-19 23:02:45 user_01 SELECT SELECT id, name FROM salary LIMIT 100
2026-05-19 23:02:47 user_40 SELECT SELECT id, name FROM salary LIMIT 100
2026-05-19 23:02:49 user_30 SELECT SELECT id, name FROM customers LIMIT 100
2026-05-19 23:02:50 user_16 SELECT SELECT id, name FROM employees LIMIT 100
2026-05-19 23:02:51 user_27 SELECT SELECT id, name FROM employees LIMIT 100
2026-05-19 23:02:52 user_36 SELECT SELECT id, name FROM products LIMIT 100
2026-05-19 23:02:53 user_21 SELECT SELECT id, name FROM products LIMIT 100
2026-05-19 23:02:55 user_34 SELECT SELECT id, name FROM orders LIMIT 100
2026-05-19 23:02:56 user_35 SELECT SELECT id, name FROM orders LIMIT 100
2026-05-19 23:02:57 user_07 SELECT SELECT id, name FROM products LIMIT 100
2026-05-19 23:02:58 user_20 SELECT SELECT id, name FROM products LIMIT 100
2026-05-19 23:02:59 user_25 SELECT SELECT id, name FROM products LIMIT 100
2026-05-19 23:03:01 user_40 SELECT SELECT id, name FROM orders LIMIT 100
2026-05-19 23:03:02 user_20 SELECT SELECT id, name FROM products LIMIT 100
2026-05-19 23:03:03 user_38 SELECT SELECT id, name FROM products LIMIT 100
2026-05-19 23:03:03 user_28 SELECT SELECT id, name FROM orders LIMIT 100
2026-05-19 23:03:05 user_39 SELECT SELECT id, name FROM employees LIMIT 100
2026-05-19 23:03:05 user_15 SELECT SELECT id, name FROM transactions LIMIT 100
2026-05-19 23:03:07 user_31 SELECT SELECT ssn, salary_grade FROM hr_data WHERE performance_rating = 'Critical'
2026-05-19 23:03:08 user_08 SELECT SELECT id, name FROM products LIMIT 100
2026-05-19 23:03:09 user_15 SELECT SELECT id, name FROM transactions LIMIT 100
2026-05-19 23:03:11 user_10 SELECT SELECT id, name FROM employees LIMIT 100
2026-05-19 23:03:13 user_38 SELECT SELECT id, name FROM products LIMIT 100
2026-05-19 23:03:14 user_15 SELECT SELECT id, name FROM transactions LIMIT 100
2026-05-19 23:03:15 user_05 SELECT SELECT ssn, salary_grade FROM hr_data WHERE performance_rating = 'Critical'
2026-05-19 23:03:16 user_16 SELECT SELECT id, name FROM products LIMIT 100
2026-05-19 23:03:17 user_10 SELECT SELECT ssn, salary_grade FROM hr_data WHERE performance_rating = 'Critical'
2026-05-19 23:03:19 user_11 SELECT SELECT id, name FROM products LIMIT 100
2026-05-19 23:03:20 user_07 SELECT SELECT id, name FROM products LIMIT 100
2026-05-19 23:03:22 user_02 SELECT SELECT id, name FROM products LIMIT 100
2026-05-19 23:03:23 user_24 UPDATE UPDATE inventory SET stock = stock - 7 WHERE part_sku = 'HYD-PUMP-01'
2026-05-19 23:03:25 user_38 SELECT SELECT id, name FROM products LIMIT 100
2026-05-19 23:03:25 user_11 SELECT SELECT id, name FROM products LIMIT 100
2026-05-19 23:03:26 user_16 SELECT SELECT id, name FROM products LIMIT 100
2026-05-19 23:03:28 user_03 SELECT SELECT id, name FROM salary LIMIT 100
2026-05-19 23:03:29 user_29 SELECT SELECT id, name FROM employees LIMIT 100
2026-05-19 23:03:31 user_35 SELECT SELECT id, name FROM products LIMIT 100
2026-05-19 23:03:32 user_34 SELECT SELECT id, name FROM customers LIMIT 100
2026-05-19 23:03:34 user_10 SELECT SELECT ssn, salary_grade FROM hr_data WHERE performance_rating = 'Critical'
2026-05-19 23:03:35 user_35 SELECT SELECT id, name FROM products LIMIT 100
2026-05-19 23:03:37 user_04 SELECT SELECT id, name FROM products LIMIT 100
2026-05-19 23:03:38 user_20 SELECT SELECT id, name FROM products LIMIT 100
2026-05-19 23:03:40 user_24 SELECT SELECT id, name FROM products LIMIT 100
2026-05-19 23:03:41 user_07 SELECT SELECT id, name FROM products LIMIT 100
2026-05-19 23:03:43 user_39 SELECT SELECT id, name FROM employees LIMIT 100
2026-05-19 23:03:44 user_31 SELECT SELECT ssn, salary_grade FROM hr_data WHERE performance_rating = 'Critical'
2026-05-19 23:03:45 user_37 SELECT SELECT id, name FROM products LIMIT 100
2026-05-19 23:03:47 user_16 SELECT SELECT id, name FROM products LIMIT 100
2026-05-19 23:03:48 user_22 UPDATE UPDATE inventory SET stock = stock - 6 WHERE part_sku = 'ENG-FLTR-V8'
2026-05-19 23:03:49 user_24 SELECT SELECT * FROM finance WHERE transaction_type = 'WIRE_TRANSFER' AND amount > 50000
2026-05-19 23:03:51 user_10 SELECT SELECT ssn, salary_grade FROM hr_data WHERE performance_rating = 'Critical'
2026-05-19 23:03:52 user_33 SELECT SELECT id, name FROM products LIMIT 100
2026-05-19 23:03:52 user_35 SELECT SELECT id, name FROM orders LIMIT 100
2026-05-19 23:03:53 user_24 SELECT SELECT id, name FROM products LIMIT 100
2026-05-19 23:03:54 user_21 SELECT SELECT id, name FROM products LIMIT 100
2026-05-19 23:03:55 user_28 SELECT SELECT id, name FROM orders LIMIT 100
2026-05-19 23:03:56 user_25 SELECT SELECT ssn, salary_grade FROM hr_data WHERE performance_rating = 'Critical'
2026-05-19 23:03:58 user_36 SELECT SELECT id, name FROM products LIMIT 100
2026-05-19 23:03:59 user_14 SELECT SELECT id, name FROM products LIMIT 100
2026-05-19 23:04:00 user_09 SELECT SELECT id, name FROM products LIMIT 100
2026-05-19 23:04:01 user_18 SELECT SELECT id, name FROM products LIMIT 100
2026-05-19 23:04:02 user_40 SELECT SELECT * FROM finance WHERE transaction_type = 'WIRE_TRANSFER' AND amount > 50000
2026-05-19 23:04:04 user_01 SELECT SELECT id, name FROM salary LIMIT 100
2026-05-19 23:04:06 user_27 SELECT SELECT id, name FROM employees LIMIT 100
2026-05-19 23:04:07 user_08 SELECT SELECT id, name FROM products LIMIT 100
2026-05-19 23:04:08 user_16 SELECT SELECT id, name FROM products LIMIT 100
2026-05-19 23:04:09 user_01 SELECT SELECT * FROM finance WHERE transaction_type = 'WIRE_TRANSFER' AND amount > 50000
2026-05-19 23:04:11 user_16 SELECT SELECT id, name FROM products LIMIT 100
2026-05-19 23:04:13 user_31 SELECT SELECT id, name FROM employees LIMIT 100
2026-05-19 23:04:14 user_03 SELECT SELECT id, name FROM salary LIMIT 100
2026-05-19 23:04:14 user_38 SELECT SELECT id, name FROM products LIMIT 100
2026-05-19 23:04:15 user_18 UPDATE UPDATE inventory SET stock = stock - 4 WHERE part_sku = 'TRAN-GEAR-X'
2026-05-19 23:04:16 user_33 UPDATE UPDATE inventory SET stock = stock - 6 WHERE part_sku = 'VALVE-STEM-04'
2026-05-19 23:04:17 user_08 SELECT SELECT id, name FROM products LIMIT 100
2026-05-19 23:04:18 user_04 SELECT SELECT id, name FROM products LIMIT 100
2026-05-19 23:04:19 user_01 SELECT SELECT id, name FROM salary LIMIT 100
2026-05-19 23:04:20 user_11 SELECT SELECT id, name FROM orders LIMIT 100
2026-05-19 23:04:20 user_07 SELECT SELECT id, name FROM products LIMIT 100
2026-05-19 23:04:22 user_23 SELECT SELECT id, name FROM salary LIMIT 100
2026-05-19 23:04:24 user_12 SELECT SELECT stock_level FROM inventory WHERE warehouse_zone = 'ZONE-A'
2026-05-19 23:04:25 user_15 SELECT SELECT * FROM finance WHERE transaction_type = 'WIRE_TRANSFER' AND amount > 50000
2026-05-19 23:04:27 user_17 UPDATE UPDATE inventory SET stock = stock - 5 WHERE part_sku = 'VALVE-STEM-04'
2026-05-19 23:04:28 user_15 SELECT SELECT id, name FROM transactions LIMIT 100
2026-05-19 23:04:29 user_13 SELECT SELECT id, name FROM customers LIMIT 100
2026-05-19 23:04:30 user_25 SELECT SELECT id, name FROM products LIMIT 100
2026-05-19 23:04:31 user_03 SELECT SELECT id, name FROM salary LIMIT 100
2026-05-19 23:04:31 user_29 SELECT SELECT id, name FROM employees LIMIT 100
2026-05-19 23:04:33 user_33 SELECT SELECT id, name FROM orders LIMIT 100
2026-05-19 23:04:35 user_13 SELECT SELECT id, name FROM orders LIMIT 100
2026-05-19 23:04:37 user_01 SELECT SELECT id, name FROM transactions LIMIT 100
2026-05-19 23:04:38 user_24 SELECT SELECT id, name FROM orders LIMIT 100
2026-05-19 23:04:39 user_22 SELECT SELECT stock_level FROM inventory WHERE warehouse_zone = 'ZONE-A'
2026-05-19 23:04:41 user_18 SELECT SELECT id, name FROM orders LIMIT 100
2026-05-19 23:04:42 user_38 SELECT SELECT id, name FROM products LIMIT 100
2026-05-19 23:04:43 user_03 SELECT SELECT id, name FROM orders LIMIT 100
2026-05-19 23:04:45 user_09 SELECT SELECT stock_level FROM inventory WHERE warehouse_zone = 'ZONE-A'
2026-05-19 23:04:46 user_24 SELECT SELECT id, name FROM transactions LIMIT 100
2026-05-19 23:04:47 user_26 SELECT SELECT id, name FROM products LIMIT 100
2026-05-19 23:04:49 user_24 UPDATE UPDATE inventory SET stock = stock - 10 WHERE part_sku = 'VALVE-STEM-04'
2026-05-19 23:04:50 user_38 SELECT SELECT id, name FROM products LIMIT 100
2026-05-19 23:04:52 user_30 SELECT SELECT id, name FROM employees LIMIT 100
2026-05-19 23:04:53 user_29 SELECT SELECT id, name FROM employees LIMIT 100
2026-05-19 23:04:54 user_29 SELECT SELECT id, name FROM customers LIMIT 100
2026-05-19 23:04:55 user_12 SELECT SELECT id, name FROM products LIMIT 100
2026-05-19 23:04:56 user_40 SELECT SELECT id, name FROM transactions LIMIT 100
2026-05-19 23:04:57 user_38 SELECT SELECT id, name FROM products LIMIT 100
2026-05-19 23:04:58 user_04 SELECT SELECT id, name FROM products LIMIT 100
2026-05-19 23:04:59 user_36 SELECT SELECT id, name FROM products LIMIT 100
2026-05-19 23:05:01 user_20 SELECT SELECT id, name FROM products LIMIT 100
2026-05-19 23:05:03 user_15 SELECT SELECT * FROM finance WHERE transaction_type = 'WIRE_TRANSFER' AND amount > 50000
2026-05-19 23:05:04 user_14 SELECT SELECT stock_level FROM inventory WHERE warehouse_zone = 'ZONE-A'
2026-05-19 23:05:05 user_25 SELECT SELECT id, name FROM products LIMIT 100
2026-05-19 23:05:06 user_17 SELECT SELECT id, name FROM orders LIMIT 100
2026-05-19 23:05:06 user_35 SELECT SELECT id, name FROM orders LIMIT 100
2026-05-19 23:05:08 user_18 SELECT SELECT id, name FROM orders LIMIT 100
2026-05-19 23:05:09 user_07 SELECT SELECT id, name FROM products LIMIT 100
2026-05-19 23:05:11 user_40 SELECT SELECT id, name FROM salary LIMIT 100
2026-05-19 23:05:13 user_36 SELECT SELECT id, name FROM products LIMIT 100
2026-05-19 23:05:14 user_06 SELECT SELECT id, name FROM products LIMIT 100
2026-05-19 23:05:14 user_14 UPDATE UPDATE inventory SET stock = stock - 3 WHERE part_sku = 'ENG-FLTR-V8'
2026-05-19 23:05:15 user_01 SELECT SELECT id, name FROM salary LIMIT 100
2026-05-19 23:05:16 user_28 UPDATE UPDATE inventory SET stock = stock - 3 WHERE part_sku = 'AXLE-BRKT-99'
2026-05-19 23:05:18 user_08 SELECT SELECT id, name FROM products LIMIT 100
2026-05-19 23:05:19 user_19 SELECT SELECT ssn, salary_grade FROM hr_data WHERE performance_rating = 'Critical'
2026-05-19 23:05:20 user_21 SELECT SELECT id, name FROM products LIMIT 100
2026-05-19 23:05:21 user_10 SELECT SELECT id, name FROM employees LIMIT 100
2026-05-19 23:05:22 user_37 SELECT SELECT id, name FROM products LIMIT 100
2026-05-19 23:05:23 user_25 SELECT SELECT id, name FROM products LIMIT 100
2026-05-19 23:05:25 user_06 SELECT SELECT id, name FROM orders LIMIT 100
2026-05-19 23:05:26 user_17 SELECT SELECT id, name FROM transactions LIMIT 100
2026-05-19 23:05:27 user_40 SELECT SELECT * FROM finance WHERE transaction_type = 'WIRE_TRANSFER' AND amount > 50000
2026-05-19 23:05:29 user_13 SELECT SELECT id, name FROM products LIMIT 100
2026-05-19 23:05:30 user_01 SELECT SELECT id, name FROM salary LIMIT 100
2026-05-19 23:05:32 user_17 SELECT SELECT id, name FROM products LIMIT 100
2026-05-19 23:05:34 user_31 SELECT SELECT ssn, salary_grade FROM hr_data WHERE performance_rating = 'Critical'
2026-05-19 23:05:35 user_16 SELECT SELECT id, name FROM products LIMIT 100
2026-05-19 23:05:37 user_17 SELECT SELECT id, name FROM orders LIMIT 100
2026-05-19 23:05:38 user_04 SELECT SELECT id, name FROM products LIMIT 100
2026-05-19 23:05:38 user_05 SELECT SELECT ssn, salary_grade FROM hr_data WHERE performance_rating = 'Critical'
2026-05-19 23:05:40 user_12 SELECT SELECT id, name FROM orders LIMIT 100
2026-05-19 23:05:42 user_13 SELECT SELECT id, name FROM orders LIMIT 100
2026-05-19 23:05:43 user_06 SELECT SELECT id, name FROM orders LIMIT 100
2026-05-19 23:05:45 user_33 SELECT SELECT id, name FROM orders LIMIT 100
2026-05-19 23:05:46 user_16 SELECT SELECT id, name FROM products LIMIT 100
2026-05-19 23:05:47 user_22 SELECT SELECT id, name FROM products LIMIT 100
2026-05-19 23:05:48 user_14 SELECT SELECT id, name FROM products LIMIT 100
2026-05-19 23:05:49 user_40 SELECT SELECT id, name FROM transactions LIMIT 100
2026-05-19 23:05:51 user_16 SELECT SELECT id, name FROM products LIMIT 100
2026-05-19 23:05:52 user_33 SELECT SELECT id, name FROM orders LIMIT 100
2026-05-19 23:05:52 user_04 SELECT SELECT id, name FROM products LIMIT 100
2026-05-19 23:05:53 user_20 SELECT SELECT id, name FROM products LIMIT 100
2026-05-19 23:05:54 user_06 SELECT SELECT id, name FROM orders LIMIT 100
2026-05-19 23:05:56 user_20 SELECT SELECT id, name FROM products LIMIT 100
2026-05-19 23:05:58 user_32 SELECT SELECT id, name FROM customers LIMIT 100
2026-05-19 23:06:00 user_40 SELECT SELECT * FROM finance WHERE transaction_type = 'WIRE_TRANSFER' AND amount > 50000
2026-05-19 23:06:00 user_31 SELECT SELECT ssn, salary_grade FROM hr_data WHERE performance_rating = 'Critical'
2026-05-19 23:06:02 user_22 SELECT SELECT id, name FROM products LIMIT 100
2026-05-19 23:06:03 user_36 SELECT SELECT id, name FROM products LIMIT 100
2026-05-19 23:06:03 user_15 SELECT SELECT * FROM finance WHERE transaction_type = 'WIRE_TRANSFER' AND amount > 50000
2026-05-19 23:06:04 user_12 SELECT SELECT id, name FROM orders LIMIT 100
2026-05-19 23:06:05 user_04 SELECT SELECT id, name FROM products LIMIT 100
2026-05-19 23:06:07 user_11 SELECT SELECT id, name FROM products LIMIT 100
2026-05-19 23:06:07 user_19 SELECT SELECT ssn, salary_grade FROM hr_data WHERE performance_rating = 'Critical'
2026-05-19 23:06:08 user_33 SELECT SELECT id, name FROM orders LIMIT 100
2026-05-19 23:06:10 user_36 SELECT SELECT id, name FROM products LIMIT 100
2026-05-19 23:06:12 user_01 SELECT SELECT id, name FROM transactions LIMIT 100
2026-05-19 23:06:13 user_20 SELECT SELECT id, name FROM products LIMIT 100
2026-05-19 23:06:15 user_40 SELECT SELECT * FROM finance WHERE transaction_type = 'WIRE_TRANSFER' AND amount > 50000
2026-05-19 23:06:16 user_20 SELECT SELECT id, name FROM products LIMIT 100
2026-05-19 23:06:16 user_39 SELECT SELECT ssn, salary_grade FROM hr_data WHERE performance_rating = 'Critical'
2026-05-19 23:06:17 user_26 SELECT SELECT id, name FROM orders LIMIT 100
2026-05-19 23:06:18 user_17 SELECT SELECT id, name FROM orders LIMIT 100
2026-05-19 23:06:19 user_36 SELECT SELECT id, name FROM products LIMIT 100
2026-05-19 23:06:21 user_16 SELECT SELECT id, name FROM products LIMIT 100
2026-05-19 23:06:22 user_30 SELECT SELECT ssn, salary_grade FROM hr_data WHERE performance_rating = 'Critical'
2026-05-19 23:06:24 user_14 SELECT SELECT id, name FROM products LIMIT 100
2026-05-19 23:06:25 user_09 SELECT SELECT id, name FROM orders LIMIT 100
2026-05-19 23:06:26 user_12 UPDATE UPDATE inventory SET stock = stock - 5 WHERE part_sku = 'HYD-PUMP-01'
2026-05-19 23:06:28 user_26 SELECT SELECT id, name FROM products LIMIT 100
2026-05-19 23:06:30 user_05 SELECT SELECT id, name FROM employees LIMIT 100
2026-05-19 23:06:31 user_03 SELECT SELECT id, name FROM salary LIMIT 100
2026-05-19 23:06:32 user_27 SELECT SELECT ssn, salary_grade FROM hr_data WHERE performance_rating = 'Critical'
2026-05-19 23:06:34 user_24 SELECT SELECT id, name FROM orders LIMIT 100
2026-05-19 23:06:36 user_16 SELECT SELECT id, name FROM products LIMIT 100
2026-05-19 23:06:37 user_35 SELECT SELECT ssn, salary_grade FROM hr_data WHERE performance_rating = 'Critical'
2026-05-19 23:06:38 user_21 SELECT SELECT id, name FROM products LIMIT 100
2026-05-19 23:06:39 user_10 SELECT SELECT ssn, salary_grade FROM hr_data WHERE performance_rating = 'Critical'
2026-05-19 23:06:40 user_24 SELECT SELECT * FROM finance WHERE transaction_type = 'WIRE_TRANSFER' AND amount > 50000
2026-05-19 23:06:42 user_03 SELECT SELECT * FROM finance WHERE transaction_type = 'WIRE_TRANSFER' AND amount > 50000
2026-05-19 23:06:43 user_31 SELECT SELECT id, name FROM employees LIMIT 100
2026-05-19 23:06:44 user_06 SELECT SELECT id, name FROM customers LIMIT 100
2026-05-19 23:06:46 user_07 SELECT SELECT id, name FROM products LIMIT 100
2026-05-19 23:06:48 user_12 SELECT SELECT id, name FROM products LIMIT 100
2026-05-19 23:06:49 user_21 SELECT SELECT id, name FROM products LIMIT 100
2026-05-19 23:06:50 user_27 SELECT SELECT id, name FROM employees LIMIT 100
2026-05-19 23:06:51 user_03 SELECT SELECT id, name FROM transactions LIMIT 100
2026-05-19 23:06:53 user_12 SELECT SELECT id, name FROM orders LIMIT 100
2026-05-19 23:06:54 user_02 SELECT SELECT id, name FROM products LIMIT 100
2026-05-19 23:06:55 user_15 SELECT SELECT * FROM finance WHERE transaction_type = 'WIRE_TRANSFER' AND amount > 50000
2026-05-19 23:06:56 user_07 SELECT SELECT id, name FROM products LIMIT 100
2026-05-19 23:06:58 user_17 SELECT SELECT stock_level FROM inventory WHERE warehouse_zone = 'ZONE-A'
2026-05-19 23:06:59 user_08 SELECT SELECT id, name FROM products LIMIT 100
2026-05-19 23:07:01 user_27 SELECT SELECT id, name FROM products LIMIT 100
2026-05-19 23:07:02 user_14 SELECT SELECT stock_level FROM inventory WHERE warehouse_zone = 'ZONE-A'
2026-05-19 23:07:03 user_28 SELECT SELECT id, name FROM customers LIMIT 100
2026-05-19 23:07:05 user_19 SELECT SELECT ssn, salary_grade FROM hr_data WHERE performance_rating = 'Critical'
2026-05-19 23:07:05 user_28 SELECT SELECT id, name FROM customers LIMIT 100
2026-05-19 23:07:07 user_16 SELECT SELECT id, name FROM products LIMIT 100
2026-05-19 23:07:09 user_26 SELECT SELECT id, name FROM products LIMIT 100
2026-05-19 23:07:10 user_14 SELECT SELECT id, name FROM products LIMIT 100
2026-05-19 23:07:10 user_03 SELECT SELECT id, name FROM transactions LIMIT 100
2026-05-19 23:07:12 user_39 SELECT SELECT id, name FROM employees LIMIT 100
2026-05-19 23:07:14 user_15 SELECT SELECT * FROM finance WHERE transaction_type = 'WIRE_TRANSFER' AND amount > 50000
2026-05-19 23:07:15 user_23 SELECT SELECT stock_level FROM inventory WHERE warehouse_zone = 'ZONE-A'
2026-05-19 23:07:17 user_32 SELECT SELECT id, name FROM customers LIMIT 100
2026-05-19 23:07:17 user_18 SELECT SELECT id, name FROM orders LIMIT 100
2026-05-19 23:07:19 user_16 SELECT SELECT id, name FROM products LIMIT 100
2026-05-19 23:07:20 user_05 SELECT SELECT id, name FROM salary LIMIT 100
2026-05-19 23:07:21 user_39 SELECT SELECT ssn, salary_grade FROM hr_data WHERE performance_rating = 'Critical'
2026-05-19 23:07:21 user_07 SELECT SELECT id, name FROM products LIMIT 100
2026-05-19 23:07:23 user_02 SELECT SELECT id, name FROM products LIMIT 100
2026-05-19 23:07:25 user_31 SELECT SELECT ssn, salary_grade FROM hr_data WHERE performance_rating = 'Critical'
2026-05-19 23:07:27 user_10 SELECT SELECT ssn, salary_grade FROM hr_data WHERE performance_rating = 'Critical'
2026-05-19 23:07:28 user_29 SELECT SELECT ssn, salary_grade FROM hr_data WHERE performance_rating = 'Critical'
2026-05-19 23:07:30 user_04 SELECT SELECT id, name FROM products LIMIT 100
2026-05-19 23:07:32 user_36 SELECT SELECT id, name FROM products LIMIT 100
2026-05-19 23:07:33 user_02 SELECT SELECT id, name FROM products LIMIT 100
2026-05-19 23:07:35 user_19 SELECT SELECT id, name FROM transactions LIMIT 100
2026-05-19 23:07:37 user_37 SELECT SELECT id, name FROM products LIMIT 100
2026-05-19 23:07:38 user_37 SELECT SELECT id, name FROM products LIMIT 100
2026-05-19 23:07:38 user_03 SELECT SELECT id, name FROM transactions LIMIT 100
2026-05-19 23:07:39 user_06 SELECT SELECT id, name FROM products LIMIT 100
2026-05-19 23:07:41 user_19 SELECT SELECT id, name FROM employees LIMIT 100
2026-05-19 23:07:42 user_28 SELECT SELECT id, name FROM products LIMIT 100
2026-05-19 23:07:43 user_32 SELECT SELECT id, name FROM products LIMIT 100
2026-05-19 23:07:45 user_13 SELECT SELECT id, name FROM orders LIMIT 100
2026-05-19 23:07:46 user_14 SELECT SELECT id, name FROM products LIMIT 100
2026-05-19 23:07:47 user_09 SELECT SELECT id, name FROM transactions LIMIT 100
2026-05-19 23:07:48 user_34 SELECT SELECT id, name FROM products LIMIT 100
2026-05-19 23:07:50 user_40 SELECT SELECT id, name FROM salary LIMIT 100
2026-05-19 23:07:51 user_05 SELECT SELECT ssn, salary_grade FROM hr_data WHERE performance_rating = 'Critical'
2026-05-19 23:07:52 user_13 SELECT SELECT id, name FROM products LIMIT 100
2026-05-19 23:07:53 user_09 SELECT SELECT stock_level FROM inventory WHERE warehouse_zone = 'ZONE-A'
2026-05-19 23:07:54 user_15 SELECT SELECT id, name FROM employees LIMIT 100
2026-05-19 23:07:55 user_30 SELECT SELECT ssn, salary_grade FROM hr_data WHERE performance_rating = 'Critical'
2026-05-19 23:07:56 user_16 SELECT SELECT id, name FROM products LIMIT 100
2026-05-19 23:07:58 user_03 SELECT SELECT id, name FROM products LIMIT 100
2026-05-19 23:07:58 user_18 UPDATE UPDATE inventory SET stock = stock - 8 WHERE part_sku = 'VALVE-STEM-04'
2026-05-19 23:07:59 user_38 SELECT SELECT id, name FROM products LIMIT 100
2026-05-19 23:08:00 user_22 SELECT SELECT id, name FROM products LIMIT 100
2026-05-19 23:08:01 user_27 SELECT SELECT ssn, salary_grade FROM hr_data WHERE performance_rating = 'Critical'
2026-05-19 23:08:02 user_40 SELECT SELECT id, name FROM salary LIMIT 100
2026-05-19 23:08:04 user_02 SELECT SELECT id, name FROM products LIMIT 100
2026-05-19 23:08:05 user_06 SELECT SELECT id, name FROM orders LIMIT 100
2026-05-19 23:08:07 user_28 SELECT SELECT id, name FROM products LIMIT 100
2026-05-19 23:08:08 user_22 SELECT SELECT id, name FROM products LIMIT 100
2026-05-19 23:08:10 user_32 SELECT SELECT id, name FROM orders LIMIT 100
2026-05-19 23:08:12 user_11 SELECT SELECT stock_level FROM inventory WHERE warehouse_zone = 'ZONE-A'
2026-05-19 23:08:13 user_29 SELECT SELECT ssn, salary_grade FROM hr_data WHERE performance_rating = 'Critical'
2026-05-19 23:08:14 user_09 SELECT SELECT id, name FROM orders LIMIT 100
2026-05-19 23:08:15 user_31 SELECT SELECT id, name FROM employees LIMIT 100
2026-05-19 23:08:16 user_26 SELECT SELECT id, name FROM products LIMIT 100
2026-05-19 23:08:17 user_06 SELECT SELECT id, name FROM customers LIMIT 100
2026-05-19 23:08:19 user_33 SELECT SELECT stock_level FROM inventory WHERE warehouse_zone = 'ZONE-A'
2026-05-19 23:08:19 user_26 SELECT SELECT id, name FROM products LIMIT 100
2026-05-19 23:08:21 user_04 SELECT SELECT id, name FROM products LIMIT 100
2026-05-19 23:08:23 user_08 SELECT SELECT id, name FROM products LIMIT 100
2026-05-19 23:08:25 user_31 SELECT SELECT id, name FROM employees LIMIT 100
2026-05-19 23:08:26 user_16 SELECT SELECT id, name FROM products LIMIT 100
2026-05-19 23:08:27 user_38 SELECT SELECT id, name FROM products LIMIT 100
2026-05-19 23:08:28 user_16 SELECT SELECT id, name FROM products LIMIT 100
2026-05-19 23:08:29 user_37 SELECT SELECT id, name FROM products LIMIT 100
2026-05-19 23:08:30 user_37 SELECT SELECT id, name FROM products LIMIT 100
2026-05-19 23:08:31 user_37 SELECT SELECT id, name FROM products LIMIT 100
2026-05-19 23:08:33 user_12 SELECT SELECT * FROM finance WHERE transaction_type = 'WIRE_TRANSFER' AND amount > 50000
2026-05-19 23:08:35 user_37 SELECT SELECT id, name FROM products LIMIT 100
2026-05-19 23:08:36 user_03 SELECT SELECT id, name FROM transactions LIMIT 100
2026-05-19 23:08:37 user_17 SELECT SELECT stock_level FROM inventory WHERE warehouse_zone = 'ZONE-A'
2026-05-19 23:08:38 user_32 SELECT SELECT id, name FROM orders LIMIT 100
2026-05-19 23:08:39 user_02 SELECT SELECT id, name FROM products LIMIT 100
2026-05-19 23:08:40 user_09 SELECT SELECT id, name FROM orders LIMIT 100
2026-05-19 23:08:41 user_32 SELECT SELECT id, name FROM orders LIMIT 100
2026-05-19 23:08:43 user_40 SELECT SELECT id, name FROM salary LIMIT 100
2026-05-19 23:08:44 user_18 SELECT SELECT stock_level FROM inventory WHERE warehouse_zone = 'ZONE-A'
2026-05-19 23:08:45 user_30 SELECT SELECT id, name FROM orders LIMIT 100
2026-05-19 23:08:46 user_02 SELECT SELECT id, name FROM products LIMIT 100
2026-05-19 23:08:47 user_37 SELECT SELECT id, name FROM products LIMIT 100
2026-05-19 23:08:48 user_01 SELECT SELECT * FROM finance WHERE transaction_type = 'WIRE_TRANSFER' AND amount > 50000
2026-05-19 23:08:49 user_19 SELECT SELECT id, name FROM employees LIMIT 100
2026-05-19 23:08:50 user_06 SELECT SELECT id, name FROM orders LIMIT 100
2026-05-19 23:08:52 user_31 SELECT SELECT ssn, salary_grade FROM hr_data WHERE performance_rating = 'Critical'
2026-05-19 23:08:53 user_33 SELECT SELECT id, name FROM orders LIMIT 100
2026-05-19 23:08:54 user_10 SELECT SELECT ssn, salary_grade FROM hr_data WHERE performance_rating = 'Critical'
2026-05-19 23:08:56 user_10 SELECT SELECT id, name FROM employees LIMIT 100
2026-05-19 23:08:57 user_14 SELECT SELECT stock_level FROM inventory WHERE warehouse_zone = 'ZONE-A'
2026-05-19 23:08:59 user_34 SELECT SELECT id, name FROM customers LIMIT 100
2026-05-19 23:09:00 user_05 SELECT SELECT ssn, salary_grade FROM hr_data WHERE performance_rating = 'Critical'
2026-05-19 23:09:01 user_39 SELECT SELECT ssn, salary_grade FROM hr_data WHERE performance_rating = 'Critical'
2026-05-19 23:09:03 user_16 SELECT SELECT id, name FROM products LIMIT 100
2026-05-19 23:09:03 user_21 SELECT SELECT id, name FROM salary LIMIT 100
2026-05-19 23:09:05 user_29 SELECT SELECT id, name FROM employees LIMIT 100
2026-05-19 23:09:07 user_01 SELECT SELECT id, name FROM transactions LIMIT 100
2026-05-19 23:09:09 user_40 SELECT SELECT id, name FROM transactions LIMIT 100
2026-05-19 23:09:10 user_23 SELECT SELECT id, name FROM salary LIMIT 100
2026-05-19 23:09:11 user_22 SELECT SELECT id, name FROM products LIMIT 100
2026-05-19 23:09:13 user_12 SELECT SELECT stock_level FROM inventory WHERE warehouse_zone = 'ZONE-A'
2026-05-19 23:09:15 user_38 SELECT SELECT id, name FROM products LIMIT 100
2026-05-19 23:09:16 user_19 SELECT SELECT ssn, salary_grade FROM hr_data WHERE performance_rating = 'Critical'
2026-05-19 23:09:18 user_36 SELECT SELECT id, name FROM products LIMIT 100
2026-05-19 23:09:19 user_13 SELECT SELECT id, name FROM customers LIMIT 100
2026-05-19 23:09:21 user_12 SELECT SELECT id, name FROM orders LIMIT 100
2026-05-19 23:09:22 user_08 SELECT SELECT id, name FROM products LIMIT 100
2026-05-19 23:09:23 user_08 SELECT SELECT id, name FROM products LIMIT 100
2026-05-19 23:09:25 user_01 SELECT SELECT * FROM finance WHERE transaction_type = 'WIRE_TRANSFER' AND amount > 50000
2026-05-19 23:09:26 user_10 SELECT SELECT ssn, salary_grade FROM hr_data WHERE performance_rating = 'Critical'
2026-05-19 23:09:27 user_27 SELECT SELECT id, name FROM products LIMIT 100
2026-05-19 23:09:28 user_11 UPDATE UPDATE inventory SET stock = stock - 1 WHERE part_sku = 'ENG-FLTR-V8'
2026-05-19 23:09:29 user_34 SELECT SELECT id, name FROM customers LIMIT 100
2026-05-19 23:09:30 user_13 SELECT SELECT id, name FROM products LIMIT 100
2026-05-19 23:09:31 user_25 SELECT SELECT id, name FROM orders LIMIT 100
2026-05-19 23:09:32 user_35 SELECT SELECT id, name FROM orders LIMIT 100
2026-05-19 23:09:33 user_24 SELECT SELECT id, name FROM orders LIMIT 100
2026-05-19 23:09:34 user_06 SELECT SELECT id, name FROM orders LIMIT 100
2026-05-19 23:09:35 user_04 SELECT SELECT id, name FROM products LIMIT 100
2026-05-19 23:09:36 user_04 SELECT SELECT id, name FROM products LIMIT 100
2026-05-19 23:09:38 user_21 SELECT SELECT id, name FROM products LIMIT 100
2026-05-19 23:09:39 user_26 SELECT SELECT id, name FROM products LIMIT 100
2026-05-19 23:09:40 user_24 SELECT SELECT ssn, salary_grade FROM hr_data WHERE performance_rating = 'Critical'
2026-05-19 23:09:42 user_22 SELECT SELECT id, name FROM products LIMIT 100
2026-05-19 23:09:44 user_25 SELECT SELECT id, name FROM products LIMIT 100
2026-05-19 23:09:45 user_22 SELECT SELECT id, name FROM products LIMIT 100
2026-05-19 23:09:46 user_19 SELECT SELECT id, name FROM employees LIMIT 100
2026-05-19 23:09:47 user_38 SELECT SELECT id, name FROM products LIMIT 100
2026-05-19 23:09:48 user_18 SELECT SELECT id, name FROM products LIMIT 100
2026-05-19 23:09:49 user_16 SELECT SELECT id, name FROM salary LIMIT 100
2026-05-19 23:09:51 user_19 SELECT SELECT ssn, salary_grade FROM hr_data WHERE performance_rating = 'Critical'
2026-05-19 23:09:52 user_23 SELECT SELECT id, name FROM transactions LIMIT 100
2026-05-19 23:09:53 user_21 SELECT SELECT id, name FROM products LIMIT 100
2026-05-19 23:09:55 user_10 SELECT SELECT id, name FROM employees LIMIT 100
2026-05-19 23:09:56 user_15 SELECT SELECT id, name FROM salary LIMIT 100
2026-05-19 23:09:57 user_31 SELECT SELECT ssn, salary_grade FROM hr_data WHERE performance_rating = 'Critical'
2026-05-19 23:09:58 user_25 SELECT SELECT id, name FROM products LIMIT 100
2026-05-19 23:09:59 user_19 SELECT SELECT ssn, salary_grade FROM hr_data WHERE performance_rating = 'Critical'
2026-05-19 23:10:00 user_01 SELECT SELECT id, name FROM transactions LIMIT 100
2026-05-19 23:10:02 user_04 SELECT SELECT id, name FROM products LIMIT 100
2026-05-19 23:10:03 user_27 SELECT SELECT ssn, salary_grade FROM hr_data WHERE performance_rating = 'Critical'
2026-05-19 23:10:05 user_29 SELECT SELECT id, name FROM products LIMIT 100
2026-05-19 23:10:06 user_38 SELECT SELECT id, name FROM products LIMIT 100
2026-05-19 23:10:08 user_16 SELECT SELECT id, name FROM products LIMIT 100
2026-05-19 23:10:08 user_21 SELECT SELECT id, name FROM products LIMIT 100
2026-05-19 23:10:10 user_06 SELECT SELECT id, name FROM customers LIMIT 100
2026-05-19 23:10:11 user_39 SELECT SELECT id, name FROM employees LIMIT 100
